id:int64	weight:float	attrs:string
1	1.0	1
2	1.0	2
3	1.0	3
4	1.0	4
5	1.0	5
6	1.0	6
7	1.0	7
8	1.0	8
9	1.0	9
10	1.0	10
11	1.0	11
12	1.0	12
13	1.0	13
14	1.0	14
15	1.0	15
16	1.0	16
17	1.0	17
18	1.0	18
19	1.0	19
20	1.0	20
21	1.0	21
22	1.0	22
23	1.0	23
24	1.0	24
25	1.0	25
26	1.0	26
27	1.0	27
28	1.0	28
29	1.0	29
30	1.0	30
31	1.0	31
32	1.0	32
33	1.0	33
34	1.0	34
35	1.0	35
36	1.0	36
37	1.0	37
38	1.0	38
39	1.0	39
40	1.0	40
41	1.0	41
42	1.0	42
43	1.0	43
44	1.0	44
45	1.0	45
46	1.0	46
47	1.0	47
48	1.0	48
49	1.0	49
50	1.0	50
51	1.0	51
52	1.0	52
53	1.0	53
54	1.0	54
55	1.0	55
56	1.0	56
57	1.0	57
58	1.0	58
59	1.0	59
60	1.0	60
61	1.0	61
62	1.0	62
63	1.0	63
64	1.0	64
65	1.0	65
66	1.0	66
67	1.0	67
68	1.0	68
69	1.0	69
70	1.0	70
71	1.0	71
72	1.0	72
73	1.0	73
74	1.0	74
75	1.0	75
76	1.0	76
77	1.0	77
78	1.0	78
79	1.0	79
80	1.0	80
81	1.0	81
82	1.0	82
83	1.0	83
84	1.0	84
85	1.0	85
86	1.0	86
87	1.0	87
88	1.0	88
89	1.0	89
90	1.0	90
92	1.0	92
93	1.0	93
94	1.0	94
95	1.0	95
96	1.0	96
97	1.0	97
98	1.0	98
99	1.0	99
100	1.0	100
101	1.0	101
102	1.0	102
103	1.0	103
104	1.0	104
105	1.0	105
106	1.0	106
107	1.0	107
108	1.0	108
109	1.0	109
110	1.0	110
111	1.0	111
112	1.0	112
113	1.0	113
114	1.0	114
115	1.0	115
116	1.0	116
117	1.0	117
118	1.0	118
119	1.0	119
120	1.0	120
121	1.0	121
122	1.0	122
123	1.0	123
124	1.0	124
125	1.0	125
126	1.0	126
127	1.0	127
128	1.0	128
129	1.0	129
130	1.0	130
131	1.0	131
132	1.0	132
133	1.0	133
134	1.0	134
135	1.0	135
136	1.0	136
137	1.0	137
138	1.0	138
139	1.0	139
140	1.0	140
141	1.0	141
142	1.0	142
143	1.0	143
144	1.0	144
145	1.0	145
146	1.0	146
147	1.0	147
148	1.0	148
149	1.0	149
150	1.0	150
151	1.0	151
152	1.0	152
153	1.0	153
154	1.0	154
155	1.0	155
156	1.0	156
157	1.0	157
158	1.0	158
159	1.0	159
160	1.0	160
161	1.0	161
162	1.0	162
163	1.0	163
164	1.0	164
165	1.0	165
166	1.0	166
167	1.0	167
168	1.0	168
169	1.0	169
170	1.0	170
171	1.0	171
172	1.0	172
173	1.0	173
174	1.0	174
175	1.0	175
176	1.0	176
177	1.0	177
178	1.0	178
179	1.0	179
180	1.0	180
181	1.0	181
182	1.0	182
183	1.0	183
184	1.0	184
185	1.0	185
186	1.0	186
187	1.0	187
188	1.0	188
189	1.0	189
190	1.0	190
191	1.0	191
192	1.0	192
193	1.0	193
194	1.0	194
195	1.0	195
196	1.0	196
197	1.0	197
198	1.0	198
199	1.0	199
200	1.0	200
201	1.0	201
202	1.0	202
203	1.0	203
204	1.0	204
205	1.0	205
206	1.0	206
207	1.0	207
208	1.0	208
209	1.0	209
210	1.0	210
211	1.0	211
212	1.0	212
213	1.0	213
214	1.0	214
215	1.0	215
216	1.0	216
217	1.0	217
218	1.0	218
219	1.0	219
220	1.0	220
222	1.0	222
223	1.0	223
224	1.0	224
225	1.0	225
226	1.0	226
227	1.0	227
228	1.0	228
229	1.0	229
230	1.0	230
231	1.0	231
232	1.0	232
233	1.0	233
234	1.0	234
235	1.0	235
236	1.0	236
237	1.0	237
238	1.0	238
239	1.0	239
240	1.0	240
241	1.0	241
242	1.0	242
243	1.0	243
244	1.0	244
245	1.0	245
246	1.0	246
247	1.0	247
248	1.0	248
249	1.0	249
250	1.0	250
251	1.0	251
252	1.0	252
253	1.0	253
254	1.0	254
255	1.0	255
256	1.0	256
257	1.0	257
258	1.0	258
259	1.0	259
260	1.0	260
261	1.0	261
262	1.0	262
263	1.0	263
264	1.0	264
265	1.0	265
266	1.0	266
267	1.0	267
268	1.0	268
269	1.0	269
270	1.0	270
271	1.0	271
272	1.0	272
273	1.0	273
274	1.0	274
275	1.0	275
276	1.0	276
277	1.0	277
278	1.0	278
279	1.0	279
280	1.0	280
281	1.0	281
282	1.0	282
283	1.0	283
284	1.0	284
285	1.0	285
286	1.0	286
287	1.0	287
288	1.0	288
289	1.0	289
290	1.0	290
291	1.0	291
292	1.0	292
293	1.0	293
294	1.0	294
295	1.0	295
296	1.0	296
297	1.0	297
298	1.0	298
299	1.0	299
300	1.0	300
301	1.0	301
302	1.0	302
303	1.0	303
304	1.0	304
305	1.0	305
306	1.0	306
307	1.0	307
308	1.0	308
309	1.0	309
310	1.0	310
311	1.0	311
312	1.0	312
313	1.0	313
314	1.0	314
315	1.0	315
316	1.0	316
317	1.0	317
318	1.0	318
319	1.0	319
320	1.0	320
321	1.0	321
322	1.0	322
324	1.0	324
325	1.0	325
326	1.0	326
327	1.0	327
328	1.0	328
329	1.0	329
330	1.0	330
331	1.0	331
332	1.0	332
333	1.0	333
334	1.0	334
335	1.0	335
336	1.0	336
337	1.0	337
338	1.0	338
339	1.0	339
340	1.0	340
341	1.0	341
342	1.0	342
343	1.0	343
344	1.0	344
345	1.0	345
346	1.0	346
347	1.0	347
348	1.0	348
349	1.0	349
350	1.0	350
351	1.0	351
352	1.0	352
353	1.0	353
354	1.0	354
355	1.0	355
356	1.0	356
357	1.0	357
358	1.0	358
359	1.0	359
360	1.0	360
361	1.0	361
362	1.0	362
363	1.0	363
364	1.0	364
365	1.0	365
366	1.0	366
367	1.0	367
368	1.0	368
369	1.0	369
370	1.0	370
371	1.0	371
372	1.0	372
373	1.0	373
374	1.0	374
375	1.0	375
376	1.0	376
377	1.0	377
378	1.0	378
379	1.0	379
380	1.0	380
381	1.0	381
382	1.0	382
383	1.0	383
384	1.0	384
385	1.0	385
386	1.0	386
387	1.0	387
388	1.0	388
389	1.0	389
390	1.0	390
391	1.0	391
392	1.0	392
393	1.0	393
394	1.0	394
395	1.0	395
396	1.0	396
397	1.0	397
398	1.0	398
399	1.0	399
400	1.0	400
401	1.0	401
402	1.0	402
403	1.0	403
404	1.0	404
405	1.0	405
406	1.0	406
407	1.0	407
408	1.0	408
409	1.0	409
410	1.0	410
411	1.0	411
412	1.0	412
413	1.0	413
414	1.0	414
415	1.0	415
416	1.0	416
417	1.0	417
418	1.0	418
419	1.0	419
420	1.0	420
421	1.0	421
422	1.0	422
423	1.0	423
424	1.0	424
425	1.0	425
426	1.0	426
427	1.0	427
428	1.0	428
429	1.0	429
430	1.0	430
431	1.0	431
432	1.0	432
433	1.0	433
434	1.0	434
435	1.0	435
436	1.0	436
437	1.0	437
438	1.0	438
439	1.0	439
440	1.0	440
441	1.0	441
442	1.0	442
443	1.0	443
444	1.0	444
445	1.0	445
446	1.0	446
447	1.0	447
448	1.0	448
449	1.0	449
450	1.0	450
451	1.0	451
452	1.0	452
453	1.0	453
454	1.0	454
455	1.0	455
456	1.0	456
457	1.0	457
458	1.0	458
459	1.0	459
460	1.0	460
461	1.0	461
462	1.0	462
463	1.0	463
464	1.0	464
465	1.0	465
466	1.0	466
467	1.0	467
468	1.0	468
469	1.0	469
470	1.0	470
471	1.0	471
472	1.0	472
473	1.0	473
474	1.0	474
475	1.0	475
476	1.0	476
477	1.0	477
478	1.0	478
479	1.0	479
480	1.0	480
481	1.0	481
482	1.0	482
483	1.0	483
484	1.0	484
485	1.0	485
486	1.0	486
487	1.0	487
488	1.0	488
489	1.0	489
490	1.0	490
491	1.0	491
492	1.0	492
493	1.0	493
494	1.0	494
495	1.0	495
496	1.0	496
497	1.0	497
498	1.0	498
499	1.0	499
500	1.0	500
501	1.0	501
502	1.0	502
503	1.0	503
504	1.0	504
505	1.0	505
506	1.0	506
507	1.0	507
508	1.0	508
509	1.0	509
510	1.0	510
511	1.0	511
512	1.0	512
513	1.0	513
514	1.0	514
515	1.0	515
516	1.0	516
517	1.0	517
518	1.0	518
519	1.0	519
520	1.0	520
521	1.0	521
522	1.0	522
523	1.0	523
524	1.0	524
525	1.0	525
526	1.0	526
527	1.0	527
528	1.0	528
529	1.0	529
530	1.0	530
531	1.0	531
532	1.0	532
533	1.0	533
534	1.0	534
535	1.0	535
536	1.0	536
537	1.0	537
538	1.0	538
539	1.0	539
540	1.0	540
541	1.0	541
542	1.0	542
543	1.0	543
544	1.0	544
545	1.0	545
546	1.0	546
547	1.0	547
548	1.0	548
549	1.0	549
550	1.0	550
551	1.0	551
552	1.0	552
553	1.0	553
554	1.0	554
555	1.0	555
556	1.0	556
558	1.0	558
559	1.0	559
560	1.0	560
561	1.0	561
562	1.0	562
563	1.0	563
564	1.0	564
565	1.0	565
566	1.0	566
567	1.0	567
568	1.0	568
569	1.0	569
570	1.0	570
571	1.0	571
572	1.0	572
573	1.0	573
574	1.0	574
575	1.0	575
576	1.0	576
577	1.0	577
579	1.0	579
580	1.0	580
581	1.0	581
582	1.0	582
583	1.0	583
584	1.0	584
585	1.0	585
586	1.0	586
587	1.0	587
588	1.0	588
589	1.0	589
590	1.0	590
591	1.0	591
592	1.0	592
593	1.0	593
594	1.0	594
595	1.0	595
596	1.0	596
597	1.0	597
598	1.0	598
599	1.0	599
600	1.0	600
601	1.0	601
602	1.0	602
603	1.0	603
604	1.0	604
605	1.0	605
606	1.0	606
607	1.0	607
608	1.0	608
609	1.0	609
610	1.0	610
611	1.0	611
612	1.0	612
613	1.0	613
614	1.0	614
615	1.0	615
616	1.0	616
617	1.0	617
618	1.0	618
619	1.0	619
620	1.0	620
621	1.0	621
623	1.0	623
624	1.0	624
625	1.0	625
626	1.0	626
627	1.0	627
628	1.0	628
629	1.0	629
630	1.0	630
631	1.0	631
632	1.0	632
633	1.0	633
634	1.0	634
635	1.0	635
636	1.0	636
637	1.0	637
638	1.0	638
639	1.0	639
640	1.0	640
641	1.0	641
642	1.0	642
643	1.0	643
644	1.0	644
645	1.0	645
647	1.0	647
648	1.0	648
649	1.0	649
650	1.0	650
651	1.0	651
652	1.0	652
653	1.0	653
654	1.0	654
655	1.0	655
656	1.0	656
657	1.0	657
658	1.0	658
659	1.0	659
660	1.0	660
661	1.0	661
662	1.0	662
663	1.0	663
664	1.0	664
665	1.0	665
666	1.0	666
667	1.0	667
668	1.0	668
670	1.0	670
671	1.0	671
672	1.0	672
673	1.0	673
674	1.0	674
675	1.0	675
676	1.0	676
678	1.0	678
679	1.0	679
680	1.0	680
681	1.0	681
682	1.0	682
683	1.0	683
684	1.0	684
685	1.0	685
687	1.0	687
688	1.0	688
690	1.0	690
691	1.0	691
692	1.0	692
693	1.0	693
694	1.0	694
695	1.0	695
696	1.0	696
697	1.0	697
698	1.0	698
699	1.0	699
700	1.0	700
701	1.0	701
702	1.0	702
703	1.0	703
704	1.0	704
705	1.0	705
706	1.0	706
707	1.0	707
708	1.0	708
709	1.0	709
710	1.0	710
711	1.0	711
712	1.0	712
713	1.0	713
714	1.0	714
715	1.0	715
716	1.0	716
717	1.0	717
718	1.0	718
719	1.0	719
720	1.0	720
721	1.0	721
722	1.0	722
723	1.0	723
724	1.0	724
725	1.0	725
726	1.0	726
727	1.0	727
728	1.0	728
729	1.0	729
730	1.0	730
731	1.0	731
732	1.0	732
733	1.0	733
734	1.0	734
735	1.0	735
736	1.0	736
737	1.0	737
738	1.0	738
739	1.0	739
741	1.0	741
742	1.0	742
743	1.0	743
744	1.0	744
745	1.0	745
746	1.0	746
747	1.0	747
748	1.0	748
749	1.0	749
750	1.0	750
751	1.0	751
752	1.0	752
753	1.0	753
754	1.0	754
755	1.0	755
756	1.0	756
757	1.0	757
758	1.0	758
759	1.0	759
760	1.0	760
761	1.0	761
762	1.0	762
763	1.0	763
764	1.0	764
765	1.0	765
766	1.0	766
767	1.0	767
768	1.0	768
769	1.0	769
770	1.0	770
771	1.0	771
772	1.0	772
773	1.0	773
774	1.0	774
775	1.0	775
776	1.0	776
777	1.0	777
778	1.0	778
779	1.0	779
780	1.0	780
781	1.0	781
782	1.0	782
783	1.0	783
784	1.0	784
785	1.0	785
786	1.0	786
787	1.0	787
788	1.0	788
789	1.0	789
790	1.0	790
791	1.0	791
792	1.0	792
793	1.0	793
794	1.0	794
795	1.0	795
796	1.0	796
797	1.0	797
798	1.0	798
799	1.0	799
800	1.0	800
801	1.0	801
802	1.0	802
803	1.0	803
804	1.0	804
805	1.0	805
806	1.0	806
807	1.0	807
808	1.0	808
809	1.0	809
810	1.0	810
812	1.0	812
813	1.0	813
814	1.0	814
815	1.0	815
816	1.0	816
818	1.0	818
819	1.0	819
820	1.0	820
821	1.0	821
822	1.0	822
823	1.0	823
824	1.0	824
825	1.0	825
826	1.0	826
827	1.0	827
828	1.0	828
829	1.0	829
830	1.0	830
831	1.0	831
832	1.0	832
833	1.0	833
834	1.0	834
835	1.0	835
836	1.0	836
837	1.0	837
838	1.0	838
839	1.0	839
840	1.0	840
841	1.0	841
842	1.0	842
843	1.0	843
844	1.0	844
845	1.0	845
846	1.0	846
847	1.0	847
848	1.0	848
849	1.0	849
850	1.0	850
851	1.0	851
852	1.0	852
853	1.0	853
854	1.0	854
855	1.0	855
856	1.0	856
857	1.0	857
858	1.0	858
859	1.0	859
860	1.0	860
861	1.0	861
862	1.0	862
864	1.0	864
865	1.0	865
866	1.0	866
867	1.0	867
868	1.0	868
869	1.0	869
870	1.0	870
871	1.0	871
872	1.0	872
873	1.0	873
874	1.0	874
875	1.0	875
876	1.0	876
877	1.0	877
878	1.0	878
879	1.0	879
880	1.0	880
881	1.0	881
882	1.0	882
884	1.0	884
885	1.0	885
886	1.0	886
887	1.0	887
888	1.0	888
889	1.0	889
890	1.0	890
891	1.0	891
892	1.0	892
893	1.0	893
894	1.0	894
895	1.0	895
896	1.0	896
897	1.0	897
898	1.0	898
899	1.0	899
900	1.0	900
901	1.0	901
902	1.0	902
903	1.0	903
904	1.0	904
905	1.0	905
906	1.0	906
907	1.0	907
908	1.0	908
909	1.0	909
910	1.0	910
911	1.0	911
912	1.0	912
913	1.0	913
914	1.0	914
915	1.0	915
916	1.0	916
917	1.0	917
918	1.0	918
919	1.0	919
920	1.0	920
921	1.0	921
922	1.0	922
923	1.0	923
924	1.0	924
925	1.0	925
926	1.0	926
927	1.0	927
928	1.0	928
929	1.0	929
930	1.0	930
931	1.0	931
932	1.0	932
933	1.0	933
934	1.0	934
935	1.0	935
936	1.0	936
937	1.0	937
938	1.0	938
939	1.0	939
940	1.0	940
941	1.0	941
942	1.0	942
943	1.0	943
944	1.0	944
945	1.0	945
946	1.0	946
947	1.0	947
948	1.0	948
949	1.0	949
950	1.0	950
951	1.0	951
952	1.0	952
953	1.0	953
954	1.0	954
955	1.0	955
956	1.0	956
957	1.0	957
958	1.0	958
959	1.0	959
960	1.0	960
961	1.0	961
962	1.0	962
963	1.0	963
964	1.0	964
965	1.0	965
966	1.0	966
967	1.0	967
968	1.0	968
969	1.0	969
970	1.0	970
971	1.0	971
972	1.0	972
973	1.0	973
974	1.0	974
975	1.0	975
976	1.0	976
977	1.0	977
979	1.0	979
980	1.0	980
981	1.0	981
982	1.0	982
983	1.0	983
984	1.0	984
985	1.0	985
986	1.0	986
987	1.0	987
988	1.0	988
989	1.0	989
990	1.0	990
991	1.0	991
992	1.0	992
993	1.0	993
994	1.0	994
996	1.0	996
997	1.0	997
998	1.0	998
999	1.0	999
1000	1.0	1000
1001	1.0	1001
1002	1.0	1002
1003	1.0	1003
1004	1.0	1004
1005	1.0	1005
1006	1.0	1006
1007	1.0	1007
1008	1.0	1008
1009	1.0	1009
1010	1.0	1010
1011	1.0	1011
1012	1.0	1012
1013	1.0	1013
1014	1.0	1014
1015	1.0	1015
1016	1.0	1016
1017	1.0	1017
1018	1.0	1018
1019	1.0	1019
1020	1.0	1020
1021	1.0	1021
1022	1.0	1022
1023	1.0	1023
1024	1.0	1024
1025	1.0	1025
1026	1.0	1026
1027	1.0	1027
1028	1.0	1028
1029	1.0	1029
1030	1.0	1030
1031	1.0	1031
1032	1.0	1032
1033	1.0	1033
1034	1.0	1034
1035	1.0	1035
1036	1.0	1036
1037	1.0	1037
1038	1.0	1038
1039	1.0	1039
1040	1.0	1040
1041	1.0	1041
1042	1.0	1042
1043	1.0	1043
1044	1.0	1044
1045	1.0	1045
1046	1.0	1046
1047	1.0	1047
1049	1.0	1049
1050	1.0	1050
1051	1.0	1051
1052	1.0	1052
1053	1.0	1053
1054	1.0	1054
1055	1.0	1055
1056	1.0	1056
1057	1.0	1057
1058	1.0	1058
1059	1.0	1059
1060	1.0	1060
1061	1.0	1061
1062	1.0	1062
1063	1.0	1063
1064	1.0	1064
1065	1.0	1065
1066	1.0	1066
1067	1.0	1067
1068	1.0	1068
1069	1.0	1069
1070	1.0	1070
1071	1.0	1071
1073	1.0	1073
1075	1.0	1075
1076	1.0	1076
1077	1.0	1077
1078	1.0	1078
1079	1.0	1079
1080	1.0	1080
1081	1.0	1081
1082	1.0	1082
1083	1.0	1083
1084	1.0	1084
1085	1.0	1085
1086	1.0	1086
1087	1.0	1087
1088	1.0	1088
1089	1.0	1089
1090	1.0	1090
1091	1.0	1091
1092	1.0	1092
1093	1.0	1093
1094	1.0	1094
1095	1.0	1095
1096	1.0	1096
1097	1.0	1097
1098	1.0	1098
1099	1.0	1099
1100	1.0	1100
1101	1.0	1101
1102	1.0	1102
1103	1.0	1103
1104	1.0	1104
1105	1.0	1105
1106	1.0	1106
1107	1.0	1107
1109	1.0	1109
1110	1.0	1110
1111	1.0	1111
1112	1.0	1112
1113	1.0	1113
1114	1.0	1114
1115	1.0	1115
1116	1.0	1116
1117	1.0	1117
1118	1.0	1118
1119	1.0	1119
1120	1.0	1120
1121	1.0	1121
1122	1.0	1122
1123	1.0	1123
1124	1.0	1124
1125	1.0	1125
1126	1.0	1126
1127	1.0	1127
1128	1.0	1128
1129	1.0	1129
1130	1.0	1130
1131	1.0	1131
1132	1.0	1132
1133	1.0	1133
1134	1.0	1134
1135	1.0	1135
1136	1.0	1136
1137	1.0	1137
1138	1.0	1138
1139	1.0	1139
1140	1.0	1140
1141	1.0	1141
1142	1.0	1142
1143	1.0	1143
1144	1.0	1144
1145	1.0	1145
1146	1.0	1146
1147	1.0	1147
1148	1.0	1148
1149	1.0	1149
1150	1.0	1150
1151	1.0	1151
1152	1.0	1152
1153	1.0	1153
1154	1.0	1154
1155	1.0	1155
1156	1.0	1156
1157	1.0	1157
1158	1.0	1158
1159	1.0	1159
1160	1.0	1160
1161	1.0	1161
1162	1.0	1162
1163	1.0	1163
1164	1.0	1164
1165	1.0	1165
1166	1.0	1166
1167	1.0	1167
1168	1.0	1168
1169	1.0	1169
1170	1.0	1170
1171	1.0	1171
1172	1.0	1172
1173	1.0	1173
1174	1.0	1174
1175	1.0	1175
1176	1.0	1176
1177	1.0	1177
1178	1.0	1178
1179	1.0	1179
1180	1.0	1180
1181	1.0	1181
1183	1.0	1183
1184	1.0	1184
1185	1.0	1185
1186	1.0	1186
1187	1.0	1187
1188	1.0	1188
1189	1.0	1189
1190	1.0	1190
1191	1.0	1191
1192	1.0	1192
1193	1.0	1193
1194	1.0	1194
1196	1.0	1196
1197	1.0	1197
1198	1.0	1198
1199	1.0	1199
1200	1.0	1200
1201	1.0	1201
1202	1.0	1202
1203	1.0	1203
1204	1.0	1204
1206	1.0	1206
1207	1.0	1207
1208	1.0	1208
1209	1.0	1209
1210	1.0	1210
1211	1.0	1211
1212	1.0	1212
1213	1.0	1213
1214	1.0	1214
1215	1.0	1215
1216	1.0	1216
1217	1.0	1217
1218	1.0	1218
1219	1.0	1219
1220	1.0	1220
1221	1.0	1221
1222	1.0	1222
1223	1.0	1223
1224	1.0	1224
1225	1.0	1225
1226	1.0	1226
1227	1.0	1227
1228	1.0	1228
1230	1.0	1230
1231	1.0	1231
1232	1.0	1232
1233	1.0	1233
1234	1.0	1234
1235	1.0	1235
1236	1.0	1236
1237	1.0	1237
1238	1.0	1238
1240	1.0	1240
1241	1.0	1241
1242	1.0	1242
1243	1.0	1243
1244	1.0	1244
1245	1.0	1245
1246	1.0	1246
1247	1.0	1247
1248	1.0	1248
1249	1.0	1249
1250	1.0	1250
1251	1.0	1251
1252	1.0	1252
1253	1.0	1253
1254	1.0	1254
1255	1.0	1255
1256	1.0	1256
1257	1.0	1257
1258	1.0	1258
1259	1.0	1259
1260	1.0	1260
1261	1.0	1261
1262	1.0	1262
1263	1.0	1263
1264	1.0	1264
1265	1.0	1265
1266	1.0	1266
1267	1.0	1267
1268	1.0	1268
1269	1.0	1269
1270	1.0	1270
1271	1.0	1271
1272	1.0	1272
1273	1.0	1273
1274	1.0	1274
1275	1.0	1275
1276	1.0	1276
1277	1.0	1277
1278	1.0	1278
1279	1.0	1279
1280	1.0	1280
1281	1.0	1281
1282	1.0	1282
1283	1.0	1283
1284	1.0	1284
1285	1.0	1285
1286	1.0	1286
1287	1.0	1287
1288	1.0	1288
1289	1.0	1289
1290	1.0	1290
1291	1.0	1291
1292	1.0	1292
1293	1.0	1293
1295	1.0	1295
1296	1.0	1296
1297	1.0	1297
1298	1.0	1298
1299	1.0	1299
1300	1.0	1300
1301	1.0	1301
1302	1.0	1302
1303	1.0	1303
1304	1.0	1304
1305	1.0	1305
1306	1.0	1306
1307	1.0	1307
1308	1.0	1308
1309	1.0	1309
1310	1.0	1310
1311	1.0	1311
1312	1.0	1312
1313	1.0	1313
1314	1.0	1314
1315	1.0	1315
1316	1.0	1316
1317	1.0	1317
1318	1.0	1318
1319	1.0	1319
1320	1.0	1320
1321	1.0	1321
1322	1.0	1322
1323	1.0	1323
1324	1.0	1324
1325	1.0	1325
1326	1.0	1326
1327	1.0	1327
1328	1.0	1328
1329	1.0	1329
1330	1.0	1330
1331	1.0	1331
1332	1.0	1332
1333	1.0	1333
1334	1.0	1334
1335	1.0	1335
1336	1.0	1336
1337	1.0	1337
1339	1.0	1339
1340	1.0	1340
1341	1.0	1341
1342	1.0	1342
1343	1.0	1343
1344	1.0	1344
1345	1.0	1345
1346	1.0	1346
1347	1.0	1347
1348	1.0	1348
1349	1.0	1349
1350	1.0	1350
1351	1.0	1351
1352	1.0	1352
1353	1.0	1353
1354	1.0	1354
1355	1.0	1355
1356	1.0	1356
1357	1.0	1357
1358	1.0	1358
1359	1.0	1359
1360	1.0	1360
1361	1.0	1361
1363	1.0	1363
1364	1.0	1364
1365	1.0	1365
1366	1.0	1366
1367	1.0	1367
1368	1.0	1368
1369	1.0	1369
1370	1.0	1370
1371	1.0	1371
1372	1.0	1372
1373	1.0	1373
1374	1.0	1374
1375	1.0	1375
1376	1.0	1376
1377	1.0	1377
1378	1.0	1378
1379	1.0	1379
1380	1.0	1380
1381	1.0	1381
1382	1.0	1382
1383	1.0	1383
1384	1.0	1384
1385	1.0	1385
1386	1.0	1386
1387	1.0	1387
1388	1.0	1388
1389	1.0	1389
1390	1.0	1390
1391	1.0	1391
1392	1.0	1392
1393	1.0	1393
1394	1.0	1394
1395	1.0	1395
1396	1.0	1396
1397	1.0	1397
1398	1.0	1398
1399	1.0	1399
1400	1.0	1400
1401	1.0	1401
1404	1.0	1404
1405	1.0	1405
1406	1.0	1406
1407	1.0	1407
1408	1.0	1408
1409	1.0	1409
1410	1.0	1410
1411	1.0	1411
1412	1.0	1412
1413	1.0	1413
1414	1.0	1414
1415	1.0	1415
1416	1.0	1416
1417	1.0	1417
1419	1.0	1419
1420	1.0	1420
1421	1.0	1421
1422	1.0	1422
1423	1.0	1423
1424	1.0	1424
1425	1.0	1425
1426	1.0	1426
1427	1.0	1427
1428	1.0	1428
1429	1.0	1429
1430	1.0	1430
1431	1.0	1431
1432	1.0	1432
1433	1.0	1433
1434	1.0	1434
1436	1.0	1436
1437	1.0	1437
1438	1.0	1438
1439	1.0	1439
1440	1.0	1440
1441	1.0	1441
1442	1.0	1442
1443	1.0	1443
1444	1.0	1444
1445	1.0	1445
1446	1.0	1446
1447	1.0	1447
1448	1.0	1448
1449	1.0	1449
1450	1.0	1450
1453	1.0	1453
1454	1.0	1454
1455	1.0	1455
1456	1.0	1456
1457	1.0	1457
1458	1.0	1458
1459	1.0	1459
1460	1.0	1460
1461	1.0	1461
1462	1.0	1462
1463	1.0	1463
1464	1.0	1464
1465	1.0	1465
1466	1.0	1466
1467	1.0	1467
1468	1.0	1468
1470	1.0	1470
1471	1.0	1471
1472	1.0	1472
1473	1.0	1473
1474	1.0	1474
1475	1.0	1475
1476	1.0	1476
1477	1.0	1477
1479	1.0	1479
1480	1.0	1480
1482	1.0	1482
1483	1.0	1483
1484	1.0	1484
1485	1.0	1485
1486	1.0	1486
1487	1.0	1487
1488	1.0	1488
1489	1.0	1489
1490	1.0	1490
1493	1.0	1493
1495	1.0	1495
1496	1.0	1496
1497	1.0	1497
1498	1.0	1498
1499	1.0	1499
1500	1.0	1500
1501	1.0	1501
1502	1.0	1502
1503	1.0	1503
1504	1.0	1504
1507	1.0	1507
1508	1.0	1508
1509	1.0	1509
1510	1.0	1510
1511	1.0	1511
1513	1.0	1513
1514	1.0	1514
1515	1.0	1515
1516	1.0	1516
1517	1.0	1517
1518	1.0	1518
1519	1.0	1519
1520	1.0	1520
1522	1.0	1522
1523	1.0	1523
1524	1.0	1524
1525	1.0	1525
1526	1.0	1526
1527	1.0	1527
1528	1.0	1528
1529	1.0	1529
1531	1.0	1531
1532	1.0	1532
1533	1.0	1533
1534	1.0	1534
1535	1.0	1535
1537	1.0	1537
1538	1.0	1538
1539	1.0	1539
1541	1.0	1541
1542	1.0	1542
1543	1.0	1543
1544	1.0	1544
1545	1.0	1545
1546	1.0	1546
1547	1.0	1547
1548	1.0	1548
1549	1.0	1549
1550	1.0	1550
1551	1.0	1551
1552	1.0	1552
1553	1.0	1553
1554	1.0	1554
1555	1.0	1555
1556	1.0	1556
1557	1.0	1557
1558	1.0	1558
1559	1.0	1559
1561	1.0	1561
1562	1.0	1562
1563	1.0	1563
1564	1.0	1564
1565	1.0	1565
1566	1.0	1566
1567	1.0	1567
1568	1.0	1568
1569	1.0	1569
1570	1.0	1570
1571	1.0	1571
1572	1.0	1572
1573	1.0	1573
1574	1.0	1574
1575	1.0	1575
1577	1.0	1577
1578	1.0	1578
1579	1.0	1579
1580	1.0	1580
1581	1.0	1581
1582	1.0	1582
1583	1.0	1583
1584	1.0	1584
1585	1.0	1585
1586	1.0	1586
1587	1.0	1587
1588	1.0	1588
1589	1.0	1589
1590	1.0	1590
1591	1.0	1591
1592	1.0	1592
1593	1.0	1593
1594	1.0	1594
1595	1.0	1595
1596	1.0	1596
1597	1.0	1597
1598	1.0	1598
1599	1.0	1599
1600	1.0	1600
1601	1.0	1601
1602	1.0	1602
1603	1.0	1603
1604	1.0	1604
1605	1.0	1605
1606	1.0	1606
1608	1.0	1608
1609	1.0	1609
1610	1.0	1610
1611	1.0	1611
1612	1.0	1612
1613	1.0	1613
1614	1.0	1614
1615	1.0	1615
1616	1.0	1616
1617	1.0	1617
1619	1.0	1619
1620	1.0	1620
1621	1.0	1621
1622	1.0	1622
1623	1.0	1623
1624	1.0	1624
1625	1.0	1625
1626	1.0	1626
1627	1.0	1627
1628	1.0	1628
1629	1.0	1629
1630	1.0	1630
1631	1.0	1631
1632	1.0	1632
1633	1.0	1633
1635	1.0	1635
1636	1.0	1636
1639	1.0	1639
1640	1.0	1640
1641	1.0	1641
1642	1.0	1642
1643	1.0	1643
1644	1.0	1644
1645	1.0	1645
1646	1.0	1646
1647	1.0	1647
1648	1.0	1648
1649	1.0	1649
1650	1.0	1650
1651	1.0	1651
1652	1.0	1652
1653	1.0	1653
1654	1.0	1654
1655	1.0	1655
1656	1.0	1656
1657	1.0	1657
1658	1.0	1658
1659	1.0	1659
1660	1.0	1660
1661	1.0	1661
1662	1.0	1662
1663	1.0	1663
1664	1.0	1664
1665	1.0	1665
1666	1.0	1666
1667	1.0	1667
1668	1.0	1668
1669	1.0	1669
1670	1.0	1670
1671	1.0	1671
1672	1.0	1672
1673	1.0	1673
1674	1.0	1674
1675	1.0	1675
1676	1.0	1676
1677	1.0	1677
1678	1.0	1678
1679	1.0	1679
1680	1.0	1680
1681	1.0	1681
1682	1.0	1682
1683	1.0	1683
1684	1.0	1684
1685	1.0	1685
1686	1.0	1686
1687	1.0	1687
1688	1.0	1688
1689	1.0	1689
1690	1.0	1690
1692	1.0	1692
1693	1.0	1693
1694	1.0	1694
1695	1.0	1695
1696	1.0	1696
1697	1.0	1697
1698	1.0	1698
1699	1.0	1699
1701	1.0	1701
1702	1.0	1702
1703	1.0	1703
1704	1.0	1704
1705	1.0	1705
1706	1.0	1706
1707	1.0	1707
1708	1.0	1708
1709	1.0	1709
1710	1.0	1710
1711	1.0	1711
1713	1.0	1713
1714	1.0	1714
1715	1.0	1715
1716	1.0	1716
1717	1.0	1717
1718	1.0	1718
1719	1.0	1719
1720	1.0	1720
1721	1.0	1721
1722	1.0	1722
1723	1.0	1723
1724	1.0	1724
1725	1.0	1725
1726	1.0	1726
1727	1.0	1727
1728	1.0	1728
1729	1.0	1729
1730	1.0	1730
1731	1.0	1731
1732	1.0	1732
1733	1.0	1733
1734	1.0	1734
1735	1.0	1735
1738	1.0	1738
1739	1.0	1739
1740	1.0	1740
1742	1.0	1742
1743	1.0	1743
1744	1.0	1744
1746	1.0	1746
1747	1.0	1747
1748	1.0	1748
1749	1.0	1749
1750	1.0	1750
1752	1.0	1752
1753	1.0	1753
1754	1.0	1754
1755	1.0	1755
1756	1.0	1756
1757	1.0	1757
1759	1.0	1759
1760	1.0	1760
1762	1.0	1762
1764	1.0	1764
1765	1.0	1765
1767	1.0	1767
1768	1.0	1768
1769	1.0	1769
1770	1.0	1770
1771	1.0	1771
1772	1.0	1772
1773	1.0	1773
1774	1.0	1774
1776	1.0	1776
1777	1.0	1777
1779	1.0	1779
1780	1.0	1780
1781	1.0	1781
1782	1.0	1782
1783	1.0	1783
1784	1.0	1784
1785	1.0	1785
1787	1.0	1787
1788	1.0	1788
1789	1.0	1789
1791	1.0	1791
1792	1.0	1792
1793	1.0	1793
1794	1.0	1794
1795	1.0	1795
1796	1.0	1796
1797	1.0	1797
1798	1.0	1798
1799	1.0	1799
1801	1.0	1801
1804	1.0	1804
1805	1.0	1805
1806	1.0	1806
1807	1.0	1807
1809	1.0	1809
1810	1.0	1810
1811	1.0	1811
1812	1.0	1812
1814	1.0	1814
1815	1.0	1815
1816	1.0	1816
1817	1.0	1817
1819	1.0	1819
1820	1.0	1820
1821	1.0	1821
1822	1.0	1822
1824	1.0	1824
1825	1.0	1825
1826	1.0	1826
1827	1.0	1827
1829	1.0	1829
1830	1.0	1830
1831	1.0	1831
1832	1.0	1832
1833	1.0	1833
1834	1.0	1834
1835	1.0	1835
1836	1.0	1836
1837	1.0	1837
1839	1.0	1839
1840	1.0	1840
1841	1.0	1841
1842	1.0	1842
1843	1.0	1843
1844	1.0	1844
1845	1.0	1845
1846	1.0	1846
1848	1.0	1848
1849	1.0	1849
1850	1.0	1850
1851	1.0	1851
1852	1.0	1852
1853	1.0	1853
1854	1.0	1854
1855	1.0	1855
1856	1.0	1856
1857	1.0	1857
1858	1.0	1858
1859	1.0	1859
1860	1.0	1860
1861	1.0	1861
1862	1.0	1862
1863	1.0	1863
1864	1.0	1864
1865	1.0	1865
1866	1.0	1866
1867	1.0	1867
1869	1.0	1869
1870	1.0	1870
1871	1.0	1871
1872	1.0	1872
1873	1.0	1873
1874	1.0	1874
1875	1.0	1875
1876	1.0	1876
1877	1.0	1877
1878	1.0	1878
1879	1.0	1879
1880	1.0	1880
1881	1.0	1881
1882	1.0	1882
1883	1.0	1883
1884	1.0	1884
1885	1.0	1885
1886	1.0	1886
1887	1.0	1887
1888	1.0	1888
1889	1.0	1889
1890	1.0	1890
1891	1.0	1891
1892	1.0	1892
1893	1.0	1893
1894	1.0	1894
1895	1.0	1895
1896	1.0	1896
1897	1.0	1897
1898	1.0	1898
1899	1.0	1899
1900	1.0	1900
1901	1.0	1901
1902	1.0	1902
1903	1.0	1903
1904	1.0	1904
1905	1.0	1905
1906	1.0	1906
1907	1.0	1907
1908	1.0	1908
1909	1.0	1909
1910	1.0	1910
1911	1.0	1911
1912	1.0	1912
1913	1.0	1913
1914	1.0	1914
1915	1.0	1915
1916	1.0	1916
1917	1.0	1917
1918	1.0	1918
1919	1.0	1919
1920	1.0	1920
1921	1.0	1921
1922	1.0	1922
1923	1.0	1923
1924	1.0	1924
1925	1.0	1925
1926	1.0	1926
1927	1.0	1927
1928	1.0	1928
1929	1.0	1929
1930	1.0	1930
1931	1.0	1931
1932	1.0	1932
1933	1.0	1933
1934	1.0	1934
1935	1.0	1935
1936	1.0	1936
1937	1.0	1937
1938	1.0	1938
1939	1.0	1939
1940	1.0	1940
1941	1.0	1941
1942	1.0	1942
1943	1.0	1943
1944	1.0	1944
1945	1.0	1945
1946	1.0	1946
1947	1.0	1947
1948	1.0	1948
1949	1.0	1949
1950	1.0	1950
1951	1.0	1951
1952	1.0	1952
1953	1.0	1953
1954	1.0	1954
1955	1.0	1955
1956	1.0	1956
1957	1.0	1957
1958	1.0	1958
1959	1.0	1959
1960	1.0	1960
1961	1.0	1961
1962	1.0	1962
1963	1.0	1963
1964	1.0	1964
1965	1.0	1965
1966	1.0	1966
1967	1.0	1967
1968	1.0	1968
1969	1.0	1969
1970	1.0	1970
1971	1.0	1971
1972	1.0	1972
1973	1.0	1973
1974	1.0	1974
1975	1.0	1975
1976	1.0	1976
1977	1.0	1977
1978	1.0	1978
1979	1.0	1979
1980	1.0	1980
1981	1.0	1981
1982	1.0	1982
1983	1.0	1983
1984	1.0	1984
1985	1.0	1985
1986	1.0	1986
1987	1.0	1987
1988	1.0	1988
1989	1.0	1989
1990	1.0	1990
1991	1.0	1991
1992	1.0	1992
1993	1.0	1993
1994	1.0	1994
1995	1.0	1995
1996	1.0	1996
1997	1.0	1997
1998	1.0	1998
1999	1.0	1999
2000	1.0	2000
2001	1.0	2001
2002	1.0	2002
2003	1.0	2003
2004	1.0	2004
2005	1.0	2005
2006	1.0	2006
2007	1.0	2007
2008	1.0	2008
2009	1.0	2009
2010	1.0	2010
2011	1.0	2011
2012	1.0	2012
2013	1.0	2013
2014	1.0	2014
2015	1.0	2015
2016	1.0	2016
2017	1.0	2017
2018	1.0	2018
2019	1.0	2019
2020	1.0	2020
2021	1.0	2021
2022	1.0	2022
2023	1.0	2023
2024	1.0	2024
2025	1.0	2025
2026	1.0	2026
2027	1.0	2027
2028	1.0	2028
2029	1.0	2029
2030	1.0	2030
2031	1.0	2031
2032	1.0	2032
2033	1.0	2033
2034	1.0	2034
2035	1.0	2035
2036	1.0	2036
2037	1.0	2037
2038	1.0	2038
2039	1.0	2039
2040	1.0	2040
2041	1.0	2041
2042	1.0	2042
2043	1.0	2043
2044	1.0	2044
2045	1.0	2045
2046	1.0	2046
2047	1.0	2047
2048	1.0	2048
2049	1.0	2049
2050	1.0	2050
2051	1.0	2051
2052	1.0	2052
2053	1.0	2053
2054	1.0	2054
2055	1.0	2055
2056	1.0	2056
2057	1.0	2057
2058	1.0	2058
2059	1.0	2059
2060	1.0	2060
2061	1.0	2061
2062	1.0	2062
2063	1.0	2063
2064	1.0	2064
2065	1.0	2065
2066	1.0	2066
2067	1.0	2067
2068	1.0	2068
2069	1.0	2069
2070	1.0	2070
2071	1.0	2071
2072	1.0	2072
2073	1.0	2073
2074	1.0	2074
2075	1.0	2075
2076	1.0	2076
2077	1.0	2077
2078	1.0	2078
2079	1.0	2079
2080	1.0	2080
2081	1.0	2081
2082	1.0	2082
2083	1.0	2083
2084	1.0	2084
2085	1.0	2085
2086	1.0	2086
2087	1.0	2087
2088	1.0	2088
2089	1.0	2089
2090	1.0	2090
2091	1.0	2091
2092	1.0	2092
2093	1.0	2093
2094	1.0	2094
2095	1.0	2095
2096	1.0	2096
2097	1.0	2097
2098	1.0	2098
2099	1.0	2099
2100	1.0	2100
2101	1.0	2101
2102	1.0	2102
2103	1.0	2103
2104	1.0	2104
2105	1.0	2105
2106	1.0	2106
2107	1.0	2107
2108	1.0	2108
2109	1.0	2109
2110	1.0	2110
2111	1.0	2111
2112	1.0	2112
2113	1.0	2113
2114	1.0	2114
2115	1.0	2115
2116	1.0	2116
2117	1.0	2117
2118	1.0	2118
2119	1.0	2119
2120	1.0	2120
2121	1.0	2121
2122	1.0	2122
2123	1.0	2123
2124	1.0	2124
2125	1.0	2125
2126	1.0	2126
2127	1.0	2127
2128	1.0	2128
2129	1.0	2129
2130	1.0	2130
2131	1.0	2131
2132	1.0	2132
2133	1.0	2133
2134	1.0	2134
2135	1.0	2135
2136	1.0	2136
2137	1.0	2137
2138	1.0	2138
2139	1.0	2139
2140	1.0	2140
2141	1.0	2141
2142	1.0	2142
2143	1.0	2143
2144	1.0	2144
2145	1.0	2145
2146	1.0	2146
2147	1.0	2147
2148	1.0	2148
2149	1.0	2149
2150	1.0	2150
2151	1.0	2151
2152	1.0	2152
2153	1.0	2153
2154	1.0	2154
2155	1.0	2155
2156	1.0	2156
2157	1.0	2157
2158	1.0	2158
2159	1.0	2159
2160	1.0	2160
2161	1.0	2161
2162	1.0	2162
2163	1.0	2163
2164	1.0	2164
2165	1.0	2165
2166	1.0	2166
2167	1.0	2167
2168	1.0	2168
2169	1.0	2169
2170	1.0	2170
2171	1.0	2171
2172	1.0	2172
2173	1.0	2173
2174	1.0	2174
2175	1.0	2175
2176	1.0	2176
2177	1.0	2177
2178	1.0	2178
2179	1.0	2179
2180	1.0	2180
2181	1.0	2181
2182	1.0	2182
2183	1.0	2183
2184	1.0	2184
2185	1.0	2185
2186	1.0	2186
2187	1.0	2187
2188	1.0	2188
2189	1.0	2189
2190	1.0	2190
2191	1.0	2191
2192	1.0	2192
2193	1.0	2193
2194	1.0	2194
2195	1.0	2195
2196	1.0	2196
2197	1.0	2197
2198	1.0	2198
2199	1.0	2199
2200	1.0	2200
2201	1.0	2201
2202	1.0	2202
2203	1.0	2203
2204	1.0	2204
2205	1.0	2205
2206	1.0	2206
2207	1.0	2207
2208	1.0	2208
2209	1.0	2209
2210	1.0	2210
2211	1.0	2211
2212	1.0	2212
2213	1.0	2213
2214	1.0	2214
2215	1.0	2215
2216	1.0	2216
2217	1.0	2217
2218	1.0	2218
2219	1.0	2219
2220	1.0	2220
2221	1.0	2221
2222	1.0	2222
2223	1.0	2223
2224	1.0	2224
2225	1.0	2225
2226	1.0	2226
2227	1.0	2227
2229	1.0	2229
2230	1.0	2230
2231	1.0	2231
2232	1.0	2232
2233	1.0	2233
2234	1.0	2234
2235	1.0	2235
2236	1.0	2236
2237	1.0	2237
2238	1.0	2238
2239	1.0	2239
2240	1.0	2240
2241	1.0	2241
2242	1.0	2242
2243	1.0	2243
2244	1.0	2244
2245	1.0	2245
2246	1.0	2246
2247	1.0	2247
2248	1.0	2248
2249	1.0	2249
2250	1.0	2250
2251	1.0	2251
2252	1.0	2252
2253	1.0	2253
2254	1.0	2254
2255	1.0	2255
2256	1.0	2256
2257	1.0	2257
2258	1.0	2258
2259	1.0	2259
2260	1.0	2260
2261	1.0	2261
2262	1.0	2262
2263	1.0	2263
2264	1.0	2264
2265	1.0	2265
2266	1.0	2266
2267	1.0	2267
2268	1.0	2268
2269	1.0	2269
2270	1.0	2270
2271	1.0	2271
2272	1.0	2272
2273	1.0	2273
2274	1.0	2274
2275	1.0	2275
2276	1.0	2276
2277	1.0	2277
2278	1.0	2278
2279	1.0	2279
2280	1.0	2280
2281	1.0	2281
2282	1.0	2282
2283	1.0	2283
2284	1.0	2284
2285	1.0	2285
2286	1.0	2286
2287	1.0	2287
2288	1.0	2288
2289	1.0	2289
2290	1.0	2290
2291	1.0	2291
2292	1.0	2292
2293	1.0	2293
2294	1.0	2294
2295	1.0	2295
2296	1.0	2296
2297	1.0	2297
2298	1.0	2298
2299	1.0	2299
2300	1.0	2300
2301	1.0	2301
2302	1.0	2302
2303	1.0	2303
2304	1.0	2304
2305	1.0	2305
2306	1.0	2306
2307	1.0	2307
2308	1.0	2308
2309	1.0	2309
2310	1.0	2310
2311	1.0	2311
2312	1.0	2312
2313	1.0	2313
2314	1.0	2314
2315	1.0	2315
2316	1.0	2316
2317	1.0	2317
2318	1.0	2318
2319	1.0	2319
2320	1.0	2320
2321	1.0	2321
2322	1.0	2322
2323	1.0	2323
2324	1.0	2324
2325	1.0	2325
2326	1.0	2326
2327	1.0	2327
2328	1.0	2328
2329	1.0	2329
2330	1.0	2330
2331	1.0	2331
2332	1.0	2332
2333	1.0	2333
2334	1.0	2334
2335	1.0	2335
2336	1.0	2336
2337	1.0	2337
2338	1.0	2338
2339	1.0	2339
2340	1.0	2340
2341	1.0	2341
2342	1.0	2342
2343	1.0	2343
2344	1.0	2344
2345	1.0	2345
2346	1.0	2346
2347	1.0	2347
2348	1.0	2348
2349	1.0	2349
2350	1.0	2350
2351	1.0	2351
2352	1.0	2352
2353	1.0	2353
2354	1.0	2354
2355	1.0	2355
2356	1.0	2356
2357	1.0	2357
2358	1.0	2358
2359	1.0	2359
2360	1.0	2360
2361	1.0	2361
2362	1.0	2362
2363	1.0	2363
2364	1.0	2364
2365	1.0	2365
2366	1.0	2366
2367	1.0	2367
2368	1.0	2368
2369	1.0	2369
2370	1.0	2370
2371	1.0	2371
2372	1.0	2372
2373	1.0	2373
2374	1.0	2374
2375	1.0	2375
2376	1.0	2376
2377	1.0	2377
2378	1.0	2378
2379	1.0	2379
2380	1.0	2380
2381	1.0	2381
2382	1.0	2382
2383	1.0	2383
2384	1.0	2384
2385	1.0	2385
2386	1.0	2386
2387	1.0	2387
2388	1.0	2388
2389	1.0	2389
2390	1.0	2390
2391	1.0	2391
2392	1.0	2392
2393	1.0	2393
2394	1.0	2394
2395	1.0	2395
2396	1.0	2396
2397	1.0	2397
2398	1.0	2398
2399	1.0	2399
2400	1.0	2400
2401	1.0	2401
2402	1.0	2402
2403	1.0	2403
2404	1.0	2404
2405	1.0	2405
2406	1.0	2406
2407	1.0	2407
2408	1.0	2408
2409	1.0	2409
2410	1.0	2410
2411	1.0	2411
2412	1.0	2412
2413	1.0	2413
2414	1.0	2414
2415	1.0	2415
2416	1.0	2416
2417	1.0	2417
2418	1.0	2418
2419	1.0	2419
2420	1.0	2420
2421	1.0	2421
2422	1.0	2422
2423	1.0	2423
2424	1.0	2424
2425	1.0	2425
2426	1.0	2426
2427	1.0	2427
2428	1.0	2428
2429	1.0	2429
2430	1.0	2430
2431	1.0	2431
2432	1.0	2432
2433	1.0	2433
2434	1.0	2434
2435	1.0	2435
2436	1.0	2436
2437	1.0	2437
2438	1.0	2438
2439	1.0	2439
2440	1.0	2440
2441	1.0	2441
2442	1.0	2442
2443	1.0	2443
2444	1.0	2444
2445	1.0	2445
2446	1.0	2446
2447	1.0	2447
2448	1.0	2448
2449	1.0	2449
2450	1.0	2450
2451	1.0	2451
2452	1.0	2452
2453	1.0	2453
2454	1.0	2454
2455	1.0	2455
2456	1.0	2456
2457	1.0	2457
2458	1.0	2458
2459	1.0	2459
2460	1.0	2460
2461	1.0	2461
2462	1.0	2462
2463	1.0	2463
2464	1.0	2464
2465	1.0	2465
2466	1.0	2466
2467	1.0	2467
2468	1.0	2468
2469	1.0	2469
2470	1.0	2470
2471	1.0	2471
2472	1.0	2472
2473	1.0	2473
2474	1.0	2474
2475	1.0	2475
2476	1.0	2476
2477	1.0	2477
2478	1.0	2478
2479	1.0	2479
2480	1.0	2480
2481	1.0	2481
2482	1.0	2482
2483	1.0	2483
2484	1.0	2484
2485	1.0	2485
2486	1.0	2486
2487	1.0	2487
2488	1.0	2488
2489	1.0	2489
2490	1.0	2490
2491	1.0	2491
2492	1.0	2492
2493	1.0	2493
2494	1.0	2494
2495	1.0	2495
2496	1.0	2496
2497	1.0	2497
2498	1.0	2498
2499	1.0	2499
2500	1.0	2500
2501	1.0	2501
2502	1.0	2502
2503	1.0	2503
2504	1.0	2504
2505	1.0	2505
2506	1.0	2506
2507	1.0	2507
2508	1.0	2508
2509	1.0	2509
2510	1.0	2510
2511	1.0	2511
2512	1.0	2512
2513	1.0	2513
2514	1.0	2514
2515	1.0	2515
2516	1.0	2516
2517	1.0	2517
2518	1.0	2518
2519	1.0	2519
2520	1.0	2520
2521	1.0	2521
2522	1.0	2522
2523	1.0	2523
2524	1.0	2524
2525	1.0	2525
2526	1.0	2526
2527	1.0	2527
2528	1.0	2528
2529	1.0	2529
2530	1.0	2530
2531	1.0	2531
2532	1.0	2532
2533	1.0	2533
2534	1.0	2534
2535	1.0	2535
2536	1.0	2536
2537	1.0	2537
2538	1.0	2538
2539	1.0	2539
2540	1.0	2540
2541	1.0	2541
2542	1.0	2542
2543	1.0	2543
2544	1.0	2544
2545	1.0	2545
2546	1.0	2546
2547	1.0	2547
2548	1.0	2548
2549	1.0	2549
2550	1.0	2550
2551	1.0	2551
2552	1.0	2552
2553	1.0	2553
2554	1.0	2554
2555	1.0	2555
2556	1.0	2556
2557	1.0	2557
2558	1.0	2558
2559	1.0	2559
2560	1.0	2560
2561	1.0	2561
2562	1.0	2562
2563	1.0	2563
2564	1.0	2564
2565	1.0	2565
2566	1.0	2566
2567	1.0	2567
2568	1.0	2568
2569	1.0	2569
2570	1.0	2570
2571	1.0	2571
2572	1.0	2572
2573	1.0	2573
2574	1.0	2574
2575	1.0	2575
2576	1.0	2576
2577	1.0	2577
2578	1.0	2578
2579	1.0	2579
2580	1.0	2580
2581	1.0	2581
2582	1.0	2582
2583	1.0	2583
2584	1.0	2584
2585	1.0	2585
2586	1.0	2586
2587	1.0	2587
2588	1.0	2588
2589	1.0	2589
2590	1.0	2590
2591	1.0	2591
2592	1.0	2592
2593	1.0	2593
2594	1.0	2594
2595	1.0	2595
2596	1.0	2596
2597	1.0	2597
2598	1.0	2598
2599	1.0	2599
2600	1.0	2600
2601	1.0	2601
2602	1.0	2602
2603	1.0	2603
2604	1.0	2604
2605	1.0	2605
2606	1.0	2606
2607	1.0	2607
2608	1.0	2608
2609	1.0	2609
2610	1.0	2610
2611	1.0	2611
2612	1.0	2612
2613	1.0	2613
2614	1.0	2614
2615	1.0	2615
2616	1.0	2616
2617	1.0	2617
2618	1.0	2618
2619	1.0	2619
2620	1.0	2620
2621	1.0	2621
2622	1.0	2622
2623	1.0	2623
2624	1.0	2624
2625	1.0	2625
2626	1.0	2626
2627	1.0	2627
2628	1.0	2628
2629	1.0	2629
2630	1.0	2630
2631	1.0	2631
2632	1.0	2632
2633	1.0	2633
2634	1.0	2634
2635	1.0	2635
2636	1.0	2636
2637	1.0	2637
2638	1.0	2638
2639	1.0	2639
2640	1.0	2640
2641	1.0	2641
2642	1.0	2642
2643	1.0	2643
2644	1.0	2644
2646	1.0	2646
2647	1.0	2647
2648	1.0	2648
2649	1.0	2649
2650	1.0	2650
2651	1.0	2651
2652	1.0	2652
2653	1.0	2653
2654	1.0	2654
2655	1.0	2655
2656	1.0	2656
2657	1.0	2657
2658	1.0	2658
2659	1.0	2659
2660	1.0	2660
2661	1.0	2661
2662	1.0	2662
2663	1.0	2663
2664	1.0	2664
2665	1.0	2665
2666	1.0	2666
2667	1.0	2667
2668	1.0	2668
2669	1.0	2669
2670	1.0	2670
2671	1.0	2671
2672	1.0	2672
2673	1.0	2673
2674	1.0	2674
2675	1.0	2675
2676	1.0	2676
2677	1.0	2677
2678	1.0	2678
2679	1.0	2679
2680	1.0	2680
2681	1.0	2681
2682	1.0	2682
2683	1.0	2683
2684	1.0	2684
2685	1.0	2685
2686	1.0	2686
2687	1.0	2687
2688	1.0	2688
2689	1.0	2689
2690	1.0	2690
2691	1.0	2691
2692	1.0	2692
2693	1.0	2693
2694	1.0	2694
2695	1.0	2695
2696	1.0	2696
2697	1.0	2697
2698	1.0	2698
2699	1.0	2699
2700	1.0	2700
2701	1.0	2701
2702	1.0	2702
2703	1.0	2703
2704	1.0	2704
2705	1.0	2705
2706	1.0	2706
2707	1.0	2707
2708	1.0	2708
2709	1.0	2709
2710	1.0	2710
2711	1.0	2711
2712	1.0	2712
2713	1.0	2713
2714	1.0	2714
2715	1.0	2715
2716	1.0	2716
2717	1.0	2717
2718	1.0	2718
2719	1.0	2719
2720	1.0	2720
2721	1.0	2721
2722	1.0	2722
2723	1.0	2723
2724	1.0	2724
2725	1.0	2725
2726	1.0	2726
2727	1.0	2727
2728	1.0	2728
2729	1.0	2729
2730	1.0	2730
2731	1.0	2731
2732	1.0	2732
2733	1.0	2733
2734	1.0	2734
2735	1.0	2735
2736	1.0	2736
2737	1.0	2737
2738	1.0	2738
2739	1.0	2739
2740	1.0	2740
2741	1.0	2741
2742	1.0	2742
2743	1.0	2743
2744	1.0	2744
2745	1.0	2745
2746	1.0	2746
2747	1.0	2747
2748	1.0	2748
2749	1.0	2749
2750	1.0	2750
2751	1.0	2751
2752	1.0	2752
2753	1.0	2753
2754	1.0	2754
2755	1.0	2755
2756	1.0	2756
2757	1.0	2757
2758	1.0	2758
2759	1.0	2759
2760	1.0	2760
2761	1.0	2761
2762	1.0	2762
2763	1.0	2763
2764	1.0	2764
2765	1.0	2765
2766	1.0	2766
2767	1.0	2767
2768	1.0	2768
2769	1.0	2769
2770	1.0	2770
2771	1.0	2771
2772	1.0	2772
2773	1.0	2773
2774	1.0	2774
2775	1.0	2775
2776	1.0	2776
2777	1.0	2777
2778	1.0	2778
2779	1.0	2779
2780	1.0	2780
2781	1.0	2781
2782	1.0	2782
2783	1.0	2783
2784	1.0	2784
2785	1.0	2785
2786	1.0	2786
2787	1.0	2787
2788	1.0	2788
2789	1.0	2789
2790	1.0	2790
2791	1.0	2791
2792	1.0	2792
2793	1.0	2793
2794	1.0	2794
2795	1.0	2795
2796	1.0	2796
2797	1.0	2797
2798	1.0	2798
2799	1.0	2799
2800	1.0	2800
2801	1.0	2801
2802	1.0	2802
2803	1.0	2803
2804	1.0	2804
2805	1.0	2805
2806	1.0	2806
2807	1.0	2807
2808	1.0	2808
2809	1.0	2809
2810	1.0	2810
2811	1.0	2811
2812	1.0	2812
2813	1.0	2813
2814	1.0	2814
2815	1.0	2815
2816	1.0	2816
2817	1.0	2817
2818	1.0	2818
2819	1.0	2819
2820	1.0	2820
2821	1.0	2821
2822	1.0	2822
2823	1.0	2823
2824	1.0	2824
2825	1.0	2825
2826	1.0	2826
2827	1.0	2827
2828	1.0	2828
2829	1.0	2829
2830	1.0	2830
2831	1.0	2831
2832	1.0	2832
2833	1.0	2833
2834	1.0	2834
2835	1.0	2835
2836	1.0	2836
2837	1.0	2837
2838	1.0	2838
2839	1.0	2839
2840	1.0	2840
2841	1.0	2841
2842	1.0	2842
2843	1.0	2843
2844	1.0	2844
2845	1.0	2845
2846	1.0	2846
2847	1.0	2847
2848	1.0	2848
2849	1.0	2849
2850	1.0	2850
2851	1.0	2851
2852	1.0	2852
2853	1.0	2853
2854	1.0	2854
2855	1.0	2855
2856	1.0	2856
2857	1.0	2857
2858	1.0	2858
2859	1.0	2859
2860	1.0	2860
2861	1.0	2861
2862	1.0	2862
2863	1.0	2863
2864	1.0	2864
2865	1.0	2865
2866	1.0	2866
2867	1.0	2867
2868	1.0	2868
2869	1.0	2869
2870	1.0	2870
2871	1.0	2871
2872	1.0	2872
2873	1.0	2873
2874	1.0	2874
2875	1.0	2875
2876	1.0	2876
2877	1.0	2877
2878	1.0	2878
2879	1.0	2879
2880	1.0	2880
2881	1.0	2881
2882	1.0	2882
2883	1.0	2883
2884	1.0	2884
2885	1.0	2885
2886	1.0	2886
2887	1.0	2887
2888	1.0	2888
2889	1.0	2889
2890	1.0	2890
2891	1.0	2891
2892	1.0	2892
2893	1.0	2893
2894	1.0	2894
2895	1.0	2895
2896	1.0	2896
2897	1.0	2897
2898	1.0	2898
2899	1.0	2899
2900	1.0	2900
2901	1.0	2901
2902	1.0	2902
2903	1.0	2903
2904	1.0	2904
2905	1.0	2905
2906	1.0	2906
2907	1.0	2907
2908	1.0	2908
2909	1.0	2909
2910	1.0	2910
2911	1.0	2911
2912	1.0	2912
2913	1.0	2913
2914	1.0	2914
2915	1.0	2915
2916	1.0	2916
2917	1.0	2917
2918	1.0	2918
2919	1.0	2919
2920	1.0	2920
2921	1.0	2921
2922	1.0	2922
2923	1.0	2923
2924	1.0	2924
2925	1.0	2925
2926	1.0	2926
2927	1.0	2927
2928	1.0	2928
2929	1.0	2929
2930	1.0	2930
2931	1.0	2931
2932	1.0	2932
2933	1.0	2933
2934	1.0	2934
2935	1.0	2935
2936	1.0	2936
2937	1.0	2937
2938	1.0	2938
2939	1.0	2939
2940	1.0	2940
2941	1.0	2941
2942	1.0	2942
2943	1.0	2943
2944	1.0	2944
2945	1.0	2945
2946	1.0	2946
2947	1.0	2947
2948	1.0	2948
2949	1.0	2949
2950	1.0	2950
2951	1.0	2951
2952	1.0	2952
2953	1.0	2953
2954	1.0	2954
2955	1.0	2955
2956	1.0	2956
2957	1.0	2957
2958	1.0	2958
2959	1.0	2959
2960	1.0	2960
2961	1.0	2961
2962	1.0	2962
2963	1.0	2963
2964	1.0	2964
2965	1.0	2965
2966	1.0	2966
2967	1.0	2967
2968	1.0	2968
2969	1.0	2969
2970	1.0	2970
2971	1.0	2971
2972	1.0	2972
2973	1.0	2973
2974	1.0	2974
2975	1.0	2975
2976	1.0	2976
2977	1.0	2977
2978	1.0	2978
2979	1.0	2979
2980	1.0	2980
2981	1.0	2981
2982	1.0	2982
2983	1.0	2983
2984	1.0	2984
2985	1.0	2985
2986	1.0	2986
2987	1.0	2987
2988	1.0	2988
2989	1.0	2989
2990	1.0	2990
2991	1.0	2991
2992	1.0	2992
2993	1.0	2993
2994	1.0	2994
2995	1.0	2995
2996	1.0	2996
2997	1.0	2997
2998	1.0	2998
2999	1.0	2999
3000	1.0	3000
3001	1.0	3001
3002	1.0	3002
3003	1.0	3003
3004	1.0	3004
3005	1.0	3005
3006	1.0	3006
3007	1.0	3007
3008	1.0	3008
3009	1.0	3009
3010	1.0	3010
3011	1.0	3011
3012	1.0	3012
3013	1.0	3013
3014	1.0	3014
3015	1.0	3015
3016	1.0	3016
3017	1.0	3017
3018	1.0	3018
3019	1.0	3019
3020	1.0	3020
3021	1.0	3021
3022	1.0	3022
3023	1.0	3023
3024	1.0	3024
3025	1.0	3025
3026	1.0	3026
3028	1.0	3028
3029	1.0	3029
3030	1.0	3030
3031	1.0	3031
3032	1.0	3032
3033	1.0	3033
3034	1.0	3034
3035	1.0	3035
3036	1.0	3036
3037	1.0	3037
3038	1.0	3038
3039	1.0	3039
3040	1.0	3040
3041	1.0	3041
3042	1.0	3042
3043	1.0	3043
3044	1.0	3044
3045	1.0	3045
3046	1.0	3046
3047	1.0	3047
3048	1.0	3048
3049	1.0	3049
3050	1.0	3050
3051	1.0	3051
3052	1.0	3052
3053	1.0	3053
3054	1.0	3054
3055	1.0	3055
3056	1.0	3056
3057	1.0	3057
3058	1.0	3058
3059	1.0	3059
3060	1.0	3060
3061	1.0	3061
3062	1.0	3062
3063	1.0	3063
3064	1.0	3064
3065	1.0	3065
3066	1.0	3066
3067	1.0	3067
3068	1.0	3068
3069	1.0	3069
3070	1.0	3070
3071	1.0	3071
3072	1.0	3072
3073	1.0	3073
3074	1.0	3074
3075	1.0	3075
3076	1.0	3076
3077	1.0	3077
3078	1.0	3078
3079	1.0	3079
3080	1.0	3080
3081	1.0	3081
3082	1.0	3082
3083	1.0	3083
3084	1.0	3084
3085	1.0	3085
3086	1.0	3086
3087	1.0	3087
3088	1.0	3088
3089	1.0	3089
3090	1.0	3090
3091	1.0	3091
3092	1.0	3092
3093	1.0	3093
3094	1.0	3094
3095	1.0	3095
3096	1.0	3096
3097	1.0	3097
3098	1.0	3098
3099	1.0	3099
3100	1.0	3100
3101	1.0	3101
3102	1.0	3102
3103	1.0	3103
3104	1.0	3104
3105	1.0	3105
3106	1.0	3106
3107	1.0	3107
3108	1.0	3108
3109	1.0	3109
3110	1.0	3110
3111	1.0	3111
3112	1.0	3112
3113	1.0	3113
3114	1.0	3114
3115	1.0	3115
3116	1.0	3116
3117	1.0	3117
3118	1.0	3118
3119	1.0	3119
3120	1.0	3120
3121	1.0	3121
3122	1.0	3122
3123	1.0	3123
3124	1.0	3124
3125	1.0	3125
3126	1.0	3126
3127	1.0	3127
3128	1.0	3128
3129	1.0	3129
3130	1.0	3130
3131	1.0	3131
3132	1.0	3132
3133	1.0	3133
3134	1.0	3134
3135	1.0	3135
3136	1.0	3136
3137	1.0	3137
3138	1.0	3138
3139	1.0	3139
3140	1.0	3140
3141	1.0	3141
3142	1.0	3142
3143	1.0	3143
3144	1.0	3144
3145	1.0	3145
3146	1.0	3146
3147	1.0	3147
3148	1.0	3148
3149	1.0	3149
3150	1.0	3150
3151	1.0	3151
3152	1.0	3152
3153	1.0	3153
3154	1.0	3154
3155	1.0	3155
3156	1.0	3156
3157	1.0	3157
3158	1.0	3158
3159	1.0	3159
3160	1.0	3160
3161	1.0	3161
3162	1.0	3162
3163	1.0	3163
3164	1.0	3164
3165	1.0	3165
3166	1.0	3166
3167	1.0	3167
3168	1.0	3168
3169	1.0	3169
3170	1.0	3170
3171	1.0	3171
3172	1.0	3172
3173	1.0	3173
3174	1.0	3174
3175	1.0	3175
3176	1.0	3176
3177	1.0	3177
3178	1.0	3178
3179	1.0	3179
3180	1.0	3180
3181	1.0	3181
3182	1.0	3182
3183	1.0	3183
3184	1.0	3184
3185	1.0	3185
3186	1.0	3186
3187	1.0	3187
3188	1.0	3188
3189	1.0	3189
3190	1.0	3190
3191	1.0	3191
3192	1.0	3192
3193	1.0	3193
3194	1.0	3194
3195	1.0	3195
3196	1.0	3196
3197	1.0	3197
3198	1.0	3198
3199	1.0	3199
3200	1.0	3200
3201	1.0	3201
3202	1.0	3202
3203	1.0	3203
3204	1.0	3204
3205	1.0	3205
3206	1.0	3206
3207	1.0	3207
3208	1.0	3208
3209	1.0	3209
3210	1.0	3210
3211	1.0	3211
3212	1.0	3212
3213	1.0	3213
3214	1.0	3214
3215	1.0	3215
3216	1.0	3216
3217	1.0	3217
3218	1.0	3218
3219	1.0	3219
3220	1.0	3220
3221	1.0	3221
3222	1.0	3222
3223	1.0	3223
3224	1.0	3224
3225	1.0	3225
3226	1.0	3226
3227	1.0	3227
3228	1.0	3228
3229	1.0	3229
3230	1.0	3230
3231	1.0	3231
3232	1.0	3232
3233	1.0	3233
3234	1.0	3234
3235	1.0	3235
3236	1.0	3236
3237	1.0	3237
3238	1.0	3238
3239	1.0	3239
3240	1.0	3240
3241	1.0	3241
3242	1.0	3242
3243	1.0	3243
3244	1.0	3244
3245	1.0	3245
3246	1.0	3246
3247	1.0	3247
3248	1.0	3248
3249	1.0	3249
3250	1.0	3250
3251	1.0	3251
3252	1.0	3252
3253	1.0	3253
3254	1.0	3254
3255	1.0	3255
3256	1.0	3256
3257	1.0	3257
3258	1.0	3258
3259	1.0	3259
3260	1.0	3260
3261	1.0	3261
3262	1.0	3262
3263	1.0	3263
3264	1.0	3264
3265	1.0	3265
3266	1.0	3266
3267	1.0	3267
3268	1.0	3268
3269	1.0	3269
3270	1.0	3270
3271	1.0	3271
3272	1.0	3272
3273	1.0	3273
3274	1.0	3274
3275	1.0	3275
3276	1.0	3276
3277	1.0	3277
3278	1.0	3278
3279	1.0	3279
3280	1.0	3280
3281	1.0	3281
3282	1.0	3282
3283	1.0	3283
3284	1.0	3284
3285	1.0	3285
3286	1.0	3286
3287	1.0	3287
3288	1.0	3288
3289	1.0	3289
3290	1.0	3290
3291	1.0	3291
3292	1.0	3292
3293	1.0	3293
3294	1.0	3294
3295	1.0	3295
3296	1.0	3296
3297	1.0	3297
3298	1.0	3298
3299	1.0	3299
3300	1.0	3300
3301	1.0	3301
3302	1.0	3302
3303	1.0	3303
3304	1.0	3304
3305	1.0	3305
3306	1.0	3306
3307	1.0	3307
3308	1.0	3308
3309	1.0	3309
3310	1.0	3310
3311	1.0	3311
3312	1.0	3312
3313	1.0	3313
3314	1.0	3314
3315	1.0	3315
3316	1.0	3316
3317	1.0	3317
3318	1.0	3318
3319	1.0	3319
3320	1.0	3320
3321	1.0	3321
3322	1.0	3322
3323	1.0	3323
3324	1.0	3324
3325	1.0	3325
3326	1.0	3326
3327	1.0	3327
3328	1.0	3328
3329	1.0	3329
3330	1.0	3330
3331	1.0	3331
3332	1.0	3332
3333	1.0	3333
3334	1.0	3334
3335	1.0	3335
3336	1.0	3336
3337	1.0	3337
3338	1.0	3338
3339	1.0	3339
3340	1.0	3340
3341	1.0	3341
3342	1.0	3342
3343	1.0	3343
3344	1.0	3344
3345	1.0	3345
3346	1.0	3346
3347	1.0	3347
3348	1.0	3348
3349	1.0	3349
3350	1.0	3350
3351	1.0	3351
3352	1.0	3352
3353	1.0	3353
3354	1.0	3354
3355	1.0	3355
3356	1.0	3356
3357	1.0	3357
3358	1.0	3358
3359	1.0	3359
3360	1.0	3360
3361	1.0	3361
3362	1.0	3362
3363	1.0	3363
3364	1.0	3364
3365	1.0	3365
3367	1.0	3367
3368	1.0	3368
3369	1.0	3369
3370	1.0	3370
3371	1.0	3371
3372	1.0	3372
3373	1.0	3373
3374	1.0	3374
3375	1.0	3375
3376	1.0	3376
3377	1.0	3377
3378	1.0	3378
3379	1.0	3379
3380	1.0	3380
3381	1.0	3381
3382	1.0	3382
3383	1.0	3383
3384	1.0	3384
3385	1.0	3385
3386	1.0	3386
3387	1.0	3387
3388	1.0	3388
3389	1.0	3389
3390	1.0	3390
3391	1.0	3391
3392	1.0	3392
3393	1.0	3393
3394	1.0	3394
3395	1.0	3395
3396	1.0	3396
3397	1.0	3397
3398	1.0	3398
3399	1.0	3399
3400	1.0	3400
3401	1.0	3401
3402	1.0	3402
3403	1.0	3403
3404	1.0	3404
3405	1.0	3405
3406	1.0	3406
3407	1.0	3407
3408	1.0	3408
3409	1.0	3409
3410	1.0	3410
3411	1.0	3411
3412	1.0	3412
3413	1.0	3413
3414	1.0	3414
3415	1.0	3415
3417	1.0	3417
3418	1.0	3418
3419	1.0	3419
3420	1.0	3420
3421	1.0	3421
3422	1.0	3422
3423	1.0	3423
3424	1.0	3424
3425	1.0	3425
3426	1.0	3426
3427	1.0	3427
3428	1.0	3428
3429	1.0	3429
3430	1.0	3430
3431	1.0	3431
3432	1.0	3432
3433	1.0	3433
3434	1.0	3434
3435	1.0	3435
3436	1.0	3436
3437	1.0	3437
3438	1.0	3438
3439	1.0	3439
3440	1.0	3440
3441	1.0	3441
3442	1.0	3442
3443	1.0	3443
3444	1.0	3444
3445	1.0	3445
3446	1.0	3446
3447	1.0	3447
3448	1.0	3448
3449	1.0	3449
3450	1.0	3450
3451	1.0	3451
3452	1.0	3452
3453	1.0	3453
3454	1.0	3454
3455	1.0	3455
3456	1.0	3456
3457	1.0	3457
3458	1.0	3458
3459	1.0	3459
3460	1.0	3460
3461	1.0	3461
3462	1.0	3462
3463	1.0	3463
3464	1.0	3464
3465	1.0	3465
3466	1.0	3466
3467	1.0	3467
3468	1.0	3468
3469	1.0	3469
3470	1.0	3470
3471	1.0	3471
3472	1.0	3472
3473	1.0	3473
3474	1.0	3474
3475	1.0	3475
3476	1.0	3476
3477	1.0	3477
3478	1.0	3478
3479	1.0	3479
3480	1.0	3480
3481	1.0	3481
3483	1.0	3483
3484	1.0	3484
3485	1.0	3485
3486	1.0	3486
3487	1.0	3487
3488	1.0	3488
3489	1.0	3489
3490	1.0	3490
3491	1.0	3491
3492	1.0	3492
3493	1.0	3493
3494	1.0	3494
3495	1.0	3495
3496	1.0	3496
3497	1.0	3497
3498	1.0	3498
3499	1.0	3499
3500	1.0	3500
3501	1.0	3501
3502	1.0	3502
3503	1.0	3503
3504	1.0	3504
3505	1.0	3505
3506	1.0	3506
3507	1.0	3507
3508	1.0	3508
3509	1.0	3509
3510	1.0	3510
3511	1.0	3511
3512	1.0	3512
3513	1.0	3513
3514	1.0	3514
3515	1.0	3515
3516	1.0	3516
3517	1.0	3517
3518	1.0	3518
3519	1.0	3519
3520	1.0	3520
3521	1.0	3521
3522	1.0	3522
3523	1.0	3523
3524	1.0	3524
3525	1.0	3525
3526	1.0	3526
3527	1.0	3527
3528	1.0	3528
3529	1.0	3529
3530	1.0	3530
3531	1.0	3531
3533	1.0	3533
3534	1.0	3534
3535	1.0	3535
3536	1.0	3536
3537	1.0	3537
3538	1.0	3538
3539	1.0	3539
3540	1.0	3540
3541	1.0	3541
3542	1.0	3542
3543	1.0	3543
3544	1.0	3544
3545	1.0	3545
3546	1.0	3546
3547	1.0	3547
3548	1.0	3548
3549	1.0	3549
3550	1.0	3550
3551	1.0	3551
3552	1.0	3552
3553	1.0	3553
3554	1.0	3554
3555	1.0	3555
3556	1.0	3556
3557	1.0	3557
3558	1.0	3558
3559	1.0	3559
3560	1.0	3560
3561	1.0	3561
3562	1.0	3562
3563	1.0	3563
3564	1.0	3564
3565	1.0	3565
3566	1.0	3566
3567	1.0	3567
3568	1.0	3568
3569	1.0	3569
3570	1.0	3570
3571	1.0	3571
3572	1.0	3572
3573	1.0	3573
3574	1.0	3574
3575	1.0	3575
3576	1.0	3576
3577	1.0	3577
3578	1.0	3578
3579	1.0	3579
3580	1.0	3580
3581	1.0	3581
3582	1.0	3582
3583	1.0	3583
3584	1.0	3584
3585	1.0	3585
3586	1.0	3586
3587	1.0	3587
3588	1.0	3588
3589	1.0	3589
3590	1.0	3590
3591	1.0	3591
3592	1.0	3592
3593	1.0	3593
3594	1.0	3594
3595	1.0	3595
3596	1.0	3596
3597	1.0	3597
3598	1.0	3598
3599	1.0	3599
3600	1.0	3600
3601	1.0	3601
3602	1.0	3602
3603	1.0	3603
3604	1.0	3604
3605	1.0	3605
3606	1.0	3606
3607	1.0	3607
3608	1.0	3608
3609	1.0	3609
3610	1.0	3610
3611	1.0	3611
3612	1.0	3612
3613	1.0	3613
3614	1.0	3614
3615	1.0	3615
3616	1.0	3616
3617	1.0	3617
3618	1.0	3618
3619	1.0	3619
3620	1.0	3620
3621	1.0	3621
3622	1.0	3622
3623	1.0	3623
3624	1.0	3624
3625	1.0	3625
3626	1.0	3626
3627	1.0	3627
3628	1.0	3628
3629	1.0	3629
3630	1.0	3630
3631	1.0	3631
3632	1.0	3632
3633	1.0	3633
3634	1.0	3634
3635	1.0	3635
3636	1.0	3636
3637	1.0	3637
3638	1.0	3638
3639	1.0	3639
3640	1.0	3640
3641	1.0	3641
3642	1.0	3642
3643	1.0	3643
3644	1.0	3644
3645	1.0	3645
3646	1.0	3646
3647	1.0	3647
3648	1.0	3648
3649	1.0	3649
3650	1.0	3650
3651	1.0	3651
3652	1.0	3652
3653	1.0	3653
3654	1.0	3654
3655	1.0	3655
3656	1.0	3656
3657	1.0	3657
3658	1.0	3658
3659	1.0	3659
3660	1.0	3660
3661	1.0	3661
3662	1.0	3662
3663	1.0	3663
3664	1.0	3664
3665	1.0	3665
3666	1.0	3666
3667	1.0	3667
3668	1.0	3668
3669	1.0	3669
3670	1.0	3670
3671	1.0	3671
3672	1.0	3672
3673	1.0	3673
3674	1.0	3674
3675	1.0	3675
3676	1.0	3676
3677	1.0	3677
3678	1.0	3678
3679	1.0	3679
3680	1.0	3680
3681	1.0	3681
3682	1.0	3682
3683	1.0	3683
3684	1.0	3684
3685	1.0	3685
3686	1.0	3686
3687	1.0	3687
3688	1.0	3688
3689	1.0	3689
3690	1.0	3690
3691	1.0	3691
3692	1.0	3692
3693	1.0	3693
3694	1.0	3694
3695	1.0	3695
3696	1.0	3696
3697	1.0	3697
3698	1.0	3698
3699	1.0	3699
3700	1.0	3700
3701	1.0	3701
3702	1.0	3702
3703	1.0	3703
3704	1.0	3704
3705	1.0	3705
3706	1.0	3706
3707	1.0	3707
3708	1.0	3708
3709	1.0	3709
3710	1.0	3710
3711	1.0	3711
3712	1.0	3712
3713	1.0	3713
3714	1.0	3714
3715	1.0	3715
3716	1.0	3716
3717	1.0	3717
3718	1.0	3718
3719	1.0	3719
3720	1.0	3720
3721	1.0	3721
3722	1.0	3722
3723	1.0	3723
3724	1.0	3724
3725	1.0	3725
3726	1.0	3726
3727	1.0	3727
3728	1.0	3728
3729	1.0	3729
3730	1.0	3730
3731	1.0	3731
3732	1.0	3732
3733	1.0	3733
3734	1.0	3734
3735	1.0	3735
3736	1.0	3736
3737	1.0	3737
3738	1.0	3738
3739	1.0	3739
3740	1.0	3740
3741	1.0	3741
3742	1.0	3742
3743	1.0	3743
3744	1.0	3744
3745	1.0	3745
3746	1.0	3746
3747	1.0	3747
3748	1.0	3748
3749	1.0	3749
3750	1.0	3750
3751	1.0	3751
3752	1.0	3752
3753	1.0	3753
3754	1.0	3754
3755	1.0	3755
3756	1.0	3756
3757	1.0	3757
3758	1.0	3758
3759	1.0	3759
3760	1.0	3760
3761	1.0	3761
3762	1.0	3762
3763	1.0	3763
3764	1.0	3764
3765	1.0	3765
3766	1.0	3766
3767	1.0	3767
3768	1.0	3768
3769	1.0	3769
3770	1.0	3770
3771	1.0	3771
3772	1.0	3772
3773	1.0	3773
3774	1.0	3774
3775	1.0	3775
3776	1.0	3776
3777	1.0	3777
3778	1.0	3778
3779	1.0	3779
3780	1.0	3780
3781	1.0	3781
3782	1.0	3782
3783	1.0	3783
3784	1.0	3784
3785	1.0	3785
3786	1.0	3786
3787	1.0	3787
3788	1.0	3788
3789	1.0	3789
3790	1.0	3790
3791	1.0	3791
3792	1.0	3792
3793	1.0	3793
3794	1.0	3794
3795	1.0	3795
3796	1.0	3796
3797	1.0	3797
3798	1.0	3798
3799	1.0	3799
3800	1.0	3800
3801	1.0	3801
3802	1.0	3802
3803	1.0	3803
3804	1.0	3804
3805	1.0	3805
3806	1.0	3806
3807	1.0	3807
3808	1.0	3808
3809	1.0	3809
3810	1.0	3810
3811	1.0	3811
3812	1.0	3812
3813	1.0	3813
3814	1.0	3814
3816	1.0	3816
3817	1.0	3817
3818	1.0	3818
3819	1.0	3819
3820	1.0	3820
3821	1.0	3821
3822	1.0	3822
3823	1.0	3823
3824	1.0	3824
3825	1.0	3825
3826	1.0	3826
3827	1.0	3827
3828	1.0	3828
3829	1.0	3829
3830	1.0	3830
3831	1.0	3831
3832	1.0	3832
3833	1.0	3833
3834	1.0	3834
3835	1.0	3835
3836	1.0	3836
3837	1.0	3837
3838	1.0	3838
3839	1.0	3839
3840	1.0	3840
3841	1.0	3841
3843	1.0	3843
3844	1.0	3844
3845	1.0	3845
3846	1.0	3846
3847	1.0	3847
3848	1.0	3848
3849	1.0	3849
3850	1.0	3850
3851	1.0	3851
3852	1.0	3852
3853	1.0	3853
3854	1.0	3854
3855	1.0	3855
3856	1.0	3856
3857	1.0	3857
3858	1.0	3858
3859	1.0	3859
3860	1.0	3860
3861	1.0	3861
3862	1.0	3862
3863	1.0	3863
3864	1.0	3864
3865	1.0	3865
3866	1.0	3866
3867	1.0	3867
3868	1.0	3868
3869	1.0	3869
3870	1.0	3870
3871	1.0	3871
3872	1.0	3872
3873	1.0	3873
3874	1.0	3874
3875	1.0	3875
3876	1.0	3876
3877	1.0	3877
3878	1.0	3878
3879	1.0	3879
3880	1.0	3880
3881	1.0	3881
3882	1.0	3882
3883	1.0	3883
3884	1.0	3884
3885	1.0	3885
3886	1.0	3886
3887	1.0	3887
3888	1.0	3888
3889	1.0	3889
3890	1.0	3890
3891	1.0	3891
3892	1.0	3892
3893	1.0	3893
3894	1.0	3894
3895	1.0	3895
3896	1.0	3896
3897	1.0	3897
3898	1.0	3898
3899	1.0	3899
3900	1.0	3900
3901	1.0	3901
3902	1.0	3902
3903	1.0	3903
3904	1.0	3904
3905	1.0	3905
3906	1.0	3906
3907	1.0	3907
3908	1.0	3908
3909	1.0	3909
3910	1.0	3910
3911	1.0	3911
3912	1.0	3912
3913	1.0	3913
3914	1.0	3914
3915	1.0	3915
3916	1.0	3916
3917	1.0	3917
3918	1.0	3918
3919	1.0	3919
3920	1.0	3920
3921	1.0	3921
3922	1.0	3922
3923	1.0	3923
3924	1.0	3924
3925	1.0	3925
3926	1.0	3926
3927	1.0	3927
3928	1.0	3928
3929	1.0	3929
3930	1.0	3930
3931	1.0	3931
3932	1.0	3932
3933	1.0	3933
3934	1.0	3934
3936	1.0	3936
3937	1.0	3937
3938	1.0	3938
3939	1.0	3939
3940	1.0	3940
3941	1.0	3941
3942	1.0	3942
3943	1.0	3943
3944	1.0	3944
3945	1.0	3945
3946	1.0	3946
3947	1.0	3947
3948	1.0	3948
3949	1.0	3949
3950	1.0	3950
3951	1.0	3951
3952	1.0	3952
3953	1.0	3953
3954	1.0	3954
3955	1.0	3955
3956	1.0	3956
3957	1.0	3957
3958	1.0	3958
3959	1.0	3959
3960	1.0	3960
3961	1.0	3961
3962	1.0	3962
3963	1.0	3963
3964	1.0	3964
3965	1.0	3965
3966	1.0	3966
3967	1.0	3967
3968	1.0	3968
3969	1.0	3969
3970	1.0	3970
3971	1.0	3971
3972	1.0	3972
3973	1.0	3973
3974	1.0	3974
3975	1.0	3975
3976	1.0	3976
3977	1.0	3977
3978	1.0	3978
3979	1.0	3979
3980	1.0	3980
3981	1.0	3981
3982	1.0	3982
3983	1.0	3983
3984	1.0	3984
3985	1.0	3985
3986	1.0	3986
3987	1.0	3987
3988	1.0	3988
3989	1.0	3989
3990	1.0	3990
3991	1.0	3991
3992	1.0	3992
3993	1.0	3993
3994	1.0	3994
3995	1.0	3995
3996	1.0	3996
3997	1.0	3997
3998	1.0	3998
3999	1.0	3999
4000	1.0	4000
4001	1.0	4001
4002	1.0	4002
4003	1.0	4003
4004	1.0	4004
4005	1.0	4005
4006	1.0	4006
4007	1.0	4007
4008	1.0	4008
4009	1.0	4009
4010	1.0	4010
4011	1.0	4011
4012	1.0	4012
4013	1.0	4013
4014	1.0	4014
4015	1.0	4015
4016	1.0	4016
4017	1.0	4017
4018	1.0	4018
4019	1.0	4019
4020	1.0	4020
4021	1.0	4021
4022	1.0	4022
4023	1.0	4023
4024	1.0	4024
4025	1.0	4025
4026	1.0	4026
4027	1.0	4027
4028	1.0	4028
4029	1.0	4029
4030	1.0	4030
4031	1.0	4031
4032	1.0	4032
4033	1.0	4033
4034	1.0	4034
4035	1.0	4035
4036	1.0	4036
4037	1.0	4037
4038	1.0	4038
4039	1.0	4039
4040	1.0	4040
4041	1.0	4041
4042	1.0	4042
4043	1.0	4043
4044	1.0	4044
4045	1.0	4045
4046	1.0	4046
4047	1.0	4047
4048	1.0	4048
4049	1.0	4049
4050	1.0	4050
4051	1.0	4051
4052	1.0	4052
4053	1.0	4053
4054	1.0	4054
4055	1.0	4055
4056	1.0	4056
4057	1.0	4057
4058	1.0	4058
4059	1.0	4059
4060	1.0	4060
4061	1.0	4061
4062	1.0	4062
4063	1.0	4063
4064	1.0	4064
4065	1.0	4065
4066	1.0	4066
4067	1.0	4067
4068	1.0	4068
4069	1.0	4069
4070	1.0	4070
4071	1.0	4071
4072	1.0	4072
4073	1.0	4073
4074	1.0	4074
4075	1.0	4075
4076	1.0	4076
4077	1.0	4077
4078	1.0	4078
4079	1.0	4079
4080	1.0	4080
4081	1.0	4081
4082	1.0	4082
4083	1.0	4083
4084	1.0	4084
4085	1.0	4085
4086	1.0	4086
4087	1.0	4087
4088	1.0	4088
4089	1.0	4089
4090	1.0	4090
4091	1.0	4091
4092	1.0	4092
4093	1.0	4093
4094	1.0	4094
4095	1.0	4095
4096	1.0	4096
4097	1.0	4097
4098	1.0	4098
4099	1.0	4099
4100	1.0	4100
4101	1.0	4101
4102	1.0	4102
4103	1.0	4103
4104	1.0	4104
4105	1.0	4105
4106	1.0	4106
4107	1.0	4107
4108	1.0	4108
4109	1.0	4109
4110	1.0	4110
4111	1.0	4111
4112	1.0	4112
4113	1.0	4113
4114	1.0	4114
4115	1.0	4115
4116	1.0	4116
4117	1.0	4117
4118	1.0	4118
4119	1.0	4119
4120	1.0	4120
4121	1.0	4121
4122	1.0	4122
4123	1.0	4123
4124	1.0	4124
4125	1.0	4125
4126	1.0	4126
4127	1.0	4127
4128	1.0	4128
4129	1.0	4129
4130	1.0	4130
4131	1.0	4131
4132	1.0	4132
4133	1.0	4133
4134	1.0	4134
4135	1.0	4135
4136	1.0	4136
4137	1.0	4137
4138	1.0	4138
4139	1.0	4139
4140	1.0	4140
4141	1.0	4141
4142	1.0	4142
4143	1.0	4143
4144	1.0	4144
4145	1.0	4145
4146	1.0	4146
4147	1.0	4147
4148	1.0	4148
4149	1.0	4149
4150	1.0	4150
4151	1.0	4151
4152	1.0	4152
4153	1.0	4153
4154	1.0	4154
4155	1.0	4155
4156	1.0	4156
4157	1.0	4157
4158	1.0	4158
4159	1.0	4159
4160	1.0	4160
4161	1.0	4161
4162	1.0	4162
4163	1.0	4163
4164	1.0	4164
4165	1.0	4165
4166	1.0	4166
4167	1.0	4167
4168	1.0	4168
4169	1.0	4169
4170	1.0	4170
4171	1.0	4171
4172	1.0	4172
4173	1.0	4173
4174	1.0	4174
4175	1.0	4175
4176	1.0	4176
4177	1.0	4177
4178	1.0	4178
4179	1.0	4179
4180	1.0	4180
4181	1.0	4181
4182	1.0	4182
4183	1.0	4183
4184	1.0	4184
4185	1.0	4185
4186	1.0	4186
4187	1.0	4187
4188	1.0	4188
4189	1.0	4189
4190	1.0	4190
4191	1.0	4191
4192	1.0	4192
4193	1.0	4193
4194	1.0	4194
4195	1.0	4195
4196	1.0	4196
4197	1.0	4197
4198	1.0	4198
4199	1.0	4199
4200	1.0	4200
4201	1.0	4201
4202	1.0	4202
4203	1.0	4203
4204	1.0	4204
4205	1.0	4205
4206	1.0	4206
4207	1.0	4207
4208	1.0	4208
4209	1.0	4209
4210	1.0	4210
4211	1.0	4211
4212	1.0	4212
4213	1.0	4213
4214	1.0	4214
4215	1.0	4215
4216	1.0	4216
4217	1.0	4217
4218	1.0	4218
4219	1.0	4219
4220	1.0	4220
4221	1.0	4221
4222	1.0	4222
4223	1.0	4223
4224	1.0	4224
4225	1.0	4225
4226	1.0	4226
4227	1.0	4227
4228	1.0	4228
4229	1.0	4229
4230	1.0	4230
4231	1.0	4231
4232	1.0	4232
4233	1.0	4233
4234	1.0	4234
4235	1.0	4235
4236	1.0	4236
4237	1.0	4237
4238	1.0	4238
4239	1.0	4239
4240	1.0	4240
4241	1.0	4241
4242	1.0	4242
4243	1.0	4243
4244	1.0	4244
4245	1.0	4245
4246	1.0	4246
4247	1.0	4247
4248	1.0	4248
4249	1.0	4249
4250	1.0	4250
4251	1.0	4251
4252	1.0	4252
4253	1.0	4253
4254	1.0	4254
4255	1.0	4255
4256	1.0	4256
4257	1.0	4257
4258	1.0	4258
4259	1.0	4259
4260	1.0	4260
4261	1.0	4261
4262	1.0	4262
4263	1.0	4263
4265	1.0	4265
4266	1.0	4266
4267	1.0	4267
4268	1.0	4268
4269	1.0	4269
4270	1.0	4270
4271	1.0	4271
4272	1.0	4272
4273	1.0	4273
4274	1.0	4274
4275	1.0	4275
4276	1.0	4276
4277	1.0	4277
4278	1.0	4278
4279	1.0	4279
4280	1.0	4280
4281	1.0	4281
4282	1.0	4282
4283	1.0	4283
4284	1.0	4284
4285	1.0	4285
4286	1.0	4286
4287	1.0	4287
4288	1.0	4288
4289	1.0	4289
4290	1.0	4290
4291	1.0	4291
4292	1.0	4292
4293	1.0	4293
4294	1.0	4294
4295	1.0	4295
4296	1.0	4296
4297	1.0	4297
4298	1.0	4298
4299	1.0	4299
4300	1.0	4300
4301	1.0	4301
4302	1.0	4302
4303	1.0	4303
4304	1.0	4304
4305	1.0	4305
4306	1.0	4306
4307	1.0	4307
4308	1.0	4308
4309	1.0	4309
4310	1.0	4310
4311	1.0	4311
4312	1.0	4312
4313	1.0	4313
4314	1.0	4314
4315	1.0	4315
4316	1.0	4316
4317	1.0	4317
4318	1.0	4318
4319	1.0	4319
4320	1.0	4320
4321	1.0	4321
4322	1.0	4322
4323	1.0	4323
4324	1.0	4324
4325	1.0	4325
4326	1.0	4326
4327	1.0	4327
4328	1.0	4328
4329	1.0	4329
4330	1.0	4330
4331	1.0	4331
4332	1.0	4332
4333	1.0	4333
4334	1.0	4334
4335	1.0	4335
4336	1.0	4336
4337	1.0	4337
4338	1.0	4338
4339	1.0	4339
4340	1.0	4340
4341	1.0	4341
4342	1.0	4342
4343	1.0	4343
4344	1.0	4344
4345	1.0	4345
4346	1.0	4346
4347	1.0	4347
4348	1.0	4348
4349	1.0	4349
4350	1.0	4350
4351	1.0	4351
4352	1.0	4352
4353	1.0	4353
4354	1.0	4354
4355	1.0	4355
4356	1.0	4356
4357	1.0	4357
4358	1.0	4358
4359	1.0	4359
4360	1.0	4360
4361	1.0	4361
4362	1.0	4362
4363	1.0	4363
4364	1.0	4364
4365	1.0	4365
4366	1.0	4366
4367	1.0	4367
4368	1.0	4368
4369	1.0	4369
4370	1.0	4370
4371	1.0	4371
4372	1.0	4372
4373	1.0	4373
4374	1.0	4374
4375	1.0	4375
4376	1.0	4376
4377	1.0	4377
4378	1.0	4378
4379	1.0	4379
4380	1.0	4380
4381	1.0	4381
4382	1.0	4382
4383	1.0	4383
4384	1.0	4384
4385	1.0	4385
4386	1.0	4386
4387	1.0	4387
4388	1.0	4388
4389	1.0	4389
4390	1.0	4390
4391	1.0	4391
4392	1.0	4392
4393	1.0	4393
4394	1.0	4394
4395	1.0	4395
4396	1.0	4396
4397	1.0	4397
4398	1.0	4398
4399	1.0	4399
4400	1.0	4400
4401	1.0	4401
4402	1.0	4402
4403	1.0	4403
4404	1.0	4404
4405	1.0	4405
4406	1.0	4406
4407	1.0	4407
4408	1.0	4408
4409	1.0	4409
4410	1.0	4410
4411	1.0	4411
4412	1.0	4412
4413	1.0	4413
4414	1.0	4414
4415	1.0	4415
4416	1.0	4416
4417	1.0	4417
4418	1.0	4418
4419	1.0	4419
4420	1.0	4420
4421	1.0	4421
4422	1.0	4422
4423	1.0	4423
4424	1.0	4424
4425	1.0	4425
4426	1.0	4426
4427	1.0	4427
4428	1.0	4428
4429	1.0	4429
4430	1.0	4430
4431	1.0	4431
4432	1.0	4432
4433	1.0	4433
4434	1.0	4434
4435	1.0	4435
4436	1.0	4436
4437	1.0	4437
4438	1.0	4438
4439	1.0	4439
4440	1.0	4440
4441	1.0	4441
4442	1.0	4442
4443	1.0	4443
4444	1.0	4444
4445	1.0	4445
4446	1.0	4446
4447	1.0	4447
4448	1.0	4448
4449	1.0	4449
4450	1.0	4450
4451	1.0	4451
4452	1.0	4452
4453	1.0	4453
4454	1.0	4454
4455	1.0	4455
4456	1.0	4456
4457	1.0	4457
4458	1.0	4458
4459	1.0	4459
4460	1.0	4460
4461	1.0	4461
4462	1.0	4462
4463	1.0	4463
4464	1.0	4464
4465	1.0	4465
4466	1.0	4466
4467	1.0	4467
4468	1.0	4468
4469	1.0	4469
4470	1.0	4470
4471	1.0	4471
4472	1.0	4472
4473	1.0	4473
4474	1.0	4474
4475	1.0	4475
4476	1.0	4476
4477	1.0	4477
4478	1.0	4478
4479	1.0	4479
4480	1.0	4480
4481	1.0	4481
4482	1.0	4482
4483	1.0	4483
4484	1.0	4484
4485	1.0	4485
4486	1.0	4486
4487	1.0	4487
4488	1.0	4488
4489	1.0	4489
4490	1.0	4490
4491	1.0	4491
4492	1.0	4492
4493	1.0	4493
4494	1.0	4494
4495	1.0	4495
4496	1.0	4496
4497	1.0	4497
4498	1.0	4498
4499	1.0	4499
4500	1.0	4500
4501	1.0	4501
4502	1.0	4502
4503	1.0	4503
4504	1.0	4504
4505	1.0	4505
4506	1.0	4506
4507	1.0	4507
4508	1.0	4508
4509	1.0	4509
4510	1.0	4510
4511	1.0	4511
4512	1.0	4512
4513	1.0	4513
4514	1.0	4514
4515	1.0	4515
4516	1.0	4516
4517	1.0	4517
4518	1.0	4518
4519	1.0	4519
4520	1.0	4520
4521	1.0	4521
4522	1.0	4522
4523	1.0	4523
4524	1.0	4524
4525	1.0	4525
4526	1.0	4526
4527	1.0	4527
4528	1.0	4528
4529	1.0	4529
4530	1.0	4530
4531	1.0	4531
4532	1.0	4532
4533	1.0	4533
4534	1.0	4534
4535	1.0	4535
4536	1.0	4536
4537	1.0	4537
4538	1.0	4538
4539	1.0	4539
4540	1.0	4540
4541	1.0	4541
4542	1.0	4542
4543	1.0	4543
4544	1.0	4544
4545	1.0	4545
4546	1.0	4546
4547	1.0	4547
4548	1.0	4548
4549	1.0	4549
4550	1.0	4550
4551	1.0	4551
4552	1.0	4552
4553	1.0	4553
4554	1.0	4554
4555	1.0	4555
4556	1.0	4556
4557	1.0	4557
4558	1.0	4558
4559	1.0	4559
4560	1.0	4560
4561	1.0	4561
4562	1.0	4562
4563	1.0	4563
4564	1.0	4564
4565	1.0	4565
4566	1.0	4566
4567	1.0	4567
4568	1.0	4568
4569	1.0	4569
4570	1.0	4570
4571	1.0	4571
4572	1.0	4572
4573	1.0	4573
4574	1.0	4574
4575	1.0	4575
4576	1.0	4576
4577	1.0	4577
4578	1.0	4578
4579	1.0	4579
4580	1.0	4580
4581	1.0	4581
4582	1.0	4582
4583	1.0	4583
4584	1.0	4584
4585	1.0	4585
4586	1.0	4586
4587	1.0	4587
4588	1.0	4588
4589	1.0	4589
4590	1.0	4590
4591	1.0	4591
4592	1.0	4592
4593	1.0	4593
4594	1.0	4594
4595	1.0	4595
4596	1.0	4596
4597	1.0	4597
4598	1.0	4598
4599	1.0	4599
4600	1.0	4600
4601	1.0	4601
4602	1.0	4602
4603	1.0	4603
4604	1.0	4604
4605	1.0	4605
4606	1.0	4606
4607	1.0	4607
4608	1.0	4608
4609	1.0	4609
4610	1.0	4610
4611	1.0	4611
4612	1.0	4612
4613	1.0	4613
4614	1.0	4614
4615	1.0	4615
4616	1.0	4616
4617	1.0	4617
4618	1.0	4618
4619	1.0	4619
4620	1.0	4620
4621	1.0	4621
4622	1.0	4622
4623	1.0	4623
4624	1.0	4624
4625	1.0	4625
4626	1.0	4626
4627	1.0	4627
4628	1.0	4628
4629	1.0	4629
4630	1.0	4630
4631	1.0	4631
4632	1.0	4632
4633	1.0	4633
4634	1.0	4634
4635	1.0	4635
4636	1.0	4636
4637	1.0	4637
4638	1.0	4638
4639	1.0	4639
4640	1.0	4640
4641	1.0	4641
4642	1.0	4642
4643	1.0	4643
4644	1.0	4644
4645	1.0	4645
4646	1.0	4646
4647	1.0	4647
4648	1.0	4648
4649	1.0	4649
4650	1.0	4650
4651	1.0	4651
4652	1.0	4652
4653	1.0	4653
4654	1.0	4654
4655	1.0	4655
4656	1.0	4656
4657	1.0	4657
4658	1.0	4658
4659	1.0	4659
4660	1.0	4660
4661	1.0	4661
4662	1.0	4662
4663	1.0	4663
4664	1.0	4664
4665	1.0	4665
4666	1.0	4666
4667	1.0	4667
4668	1.0	4668
4669	1.0	4669
4670	1.0	4670
4671	1.0	4671
4672	1.0	4672
4673	1.0	4673
4674	1.0	4674
4675	1.0	4675
4676	1.0	4676
4677	1.0	4677
4678	1.0	4678
4679	1.0	4679
4680	1.0	4680
4681	1.0	4681
4682	1.0	4682
4683	1.0	4683
4684	1.0	4684
4685	1.0	4685
4686	1.0	4686
4687	1.0	4687
4688	1.0	4688
4689	1.0	4689
4690	1.0	4690
4691	1.0	4691
4692	1.0	4692
4693	1.0	4693
4694	1.0	4694
4695	1.0	4695
4696	1.0	4696
4697	1.0	4697
4698	1.0	4698
4699	1.0	4699
4700	1.0	4700
4701	1.0	4701
4702	1.0	4702
4703	1.0	4703
4704	1.0	4704
4705	1.0	4705
4706	1.0	4706
4707	1.0	4707
4708	1.0	4708
4709	1.0	4709
4710	1.0	4710
4711	1.0	4711
4712	1.0	4712
4713	1.0	4713
4714	1.0	4714
4715	1.0	4715
4716	1.0	4716
4717	1.0	4717
4718	1.0	4718
4719	1.0	4719
4720	1.0	4720
4721	1.0	4721
4722	1.0	4722
4723	1.0	4723
4724	1.0	4724
4725	1.0	4725
4726	1.0	4726
4727	1.0	4727
4728	1.0	4728
4729	1.0	4729
4731	1.0	4731
4732	1.0	4732
4733	1.0	4733
4734	1.0	4734
4735	1.0	4735
4736	1.0	4736
4737	1.0	4737
4738	1.0	4738
4739	1.0	4739
4740	1.0	4740
4741	1.0	4741
4742	1.0	4742
4743	1.0	4743
4744	1.0	4744
4745	1.0	4745
4746	1.0	4746
4747	1.0	4747
4748	1.0	4748
4749	1.0	4749
4750	1.0	4750
4751	1.0	4751
4752	1.0	4752
4753	1.0	4753
4754	1.0	4754
4755	1.0	4755
4756	1.0	4756
4757	1.0	4757
4758	1.0	4758
4759	1.0	4759
4760	1.0	4760
4761	1.0	4761
4762	1.0	4762
4763	1.0	4763
4764	1.0	4764
4765	1.0	4765
4766	1.0	4766
4767	1.0	4767
4768	1.0	4768
4769	1.0	4769
4770	1.0	4770
4771	1.0	4771
4772	1.0	4772
4773	1.0	4773
4774	1.0	4774
4775	1.0	4775
4776	1.0	4776
4777	1.0	4777
4778	1.0	4778
4779	1.0	4779
4780	1.0	4780
4781	1.0	4781
4782	1.0	4782
4783	1.0	4783
4784	1.0	4784
4785	1.0	4785
4786	1.0	4786
4787	1.0	4787
4788	1.0	4788
4789	1.0	4789
4790	1.0	4790
4791	1.0	4791
4792	1.0	4792
4793	1.0	4793
4794	1.0	4794
4795	1.0	4795
4796	1.0	4796
4797	1.0	4797
4798	1.0	4798
4799	1.0	4799
4800	1.0	4800
4801	1.0	4801
4802	1.0	4802
4803	1.0	4803
4804	1.0	4804
4805	1.0	4805
4806	1.0	4806
4807	1.0	4807
4808	1.0	4808
4809	1.0	4809
4810	1.0	4810
4811	1.0	4811
4812	1.0	4812
4813	1.0	4813
4814	1.0	4814
4815	1.0	4815
4816	1.0	4816
4817	1.0	4817
4818	1.0	4818
4819	1.0	4819
4820	1.0	4820
4821	1.0	4821
4822	1.0	4822
4823	1.0	4823
4824	1.0	4824
4825	1.0	4825
4826	1.0	4826
4827	1.0	4827
4828	1.0	4828
4829	1.0	4829
4830	1.0	4830
4831	1.0	4831
4832	1.0	4832
4833	1.0	4833
4834	1.0	4834
4835	1.0	4835
4836	1.0	4836
4837	1.0	4837
4838	1.0	4838
4839	1.0	4839
4840	1.0	4840
4841	1.0	4841
4842	1.0	4842
4843	1.0	4843
4844	1.0	4844
4845	1.0	4845
4846	1.0	4846
4847	1.0	4847
4848	1.0	4848
4849	1.0	4849
4850	1.0	4850
4851	1.0	4851
4852	1.0	4852
4853	1.0	4853
4854	1.0	4854
4855	1.0	4855
4856	1.0	4856
4857	1.0	4857
4858	1.0	4858
4859	1.0	4859
4860	1.0	4860
4861	1.0	4861
4862	1.0	4862
4863	1.0	4863
4864	1.0	4864
4865	1.0	4865
4866	1.0	4866
4867	1.0	4867
4868	1.0	4868
4869	1.0	4869
4870	1.0	4870
4871	1.0	4871
4872	1.0	4872
4873	1.0	4873
4874	1.0	4874
4875	1.0	4875
4876	1.0	4876
4877	1.0	4877
4878	1.0	4878
4879	1.0	4879
4880	1.0	4880
4881	1.0	4881
4882	1.0	4882
4883	1.0	4883
4884	1.0	4884
4885	1.0	4885
4886	1.0	4886
4887	1.0	4887
4888	1.0	4888
4889	1.0	4889
4890	1.0	4890
4891	1.0	4891
4892	1.0	4892
4893	1.0	4893
4894	1.0	4894
4895	1.0	4895
4896	1.0	4896
4897	1.0	4897
4898	1.0	4898
4899	1.0	4899
4900	1.0	4900
4901	1.0	4901
4902	1.0	4902
4903	1.0	4903
4904	1.0	4904
4905	1.0	4905
4906	1.0	4906
4907	1.0	4907
4908	1.0	4908
4909	1.0	4909
4910	1.0	4910
4911	1.0	4911
4912	1.0	4912
4913	1.0	4913
4914	1.0	4914
4915	1.0	4915
4916	1.0	4916
4917	1.0	4917
4918	1.0	4918
4919	1.0	4919
4920	1.0	4920
4921	1.0	4921
4922	1.0	4922
4923	1.0	4923
4924	1.0	4924
4925	1.0	4925
4926	1.0	4926
4927	1.0	4927
4928	1.0	4928
4929	1.0	4929
4930	1.0	4930
4931	1.0	4931
4932	1.0	4932
4933	1.0	4933
4934	1.0	4934
4935	1.0	4935
4936	1.0	4936
4937	1.0	4937
4938	1.0	4938
4939	1.0	4939
4940	1.0	4940
4941	1.0	4941
4942	1.0	4942
4943	1.0	4943
4944	1.0	4944
4945	1.0	4945
4946	1.0	4946
4947	1.0	4947
4948	1.0	4948
4949	1.0	4949
4950	1.0	4950
4951	1.0	4951
4952	1.0	4952
4953	1.0	4953
4954	1.0	4954
4955	1.0	4955
4956	1.0	4956
4957	1.0	4957
4958	1.0	4958
4959	1.0	4959
4960	1.0	4960
4961	1.0	4961
4962	1.0	4962
4963	1.0	4963
4964	1.0	4964
4965	1.0	4965
4966	1.0	4966
4967	1.0	4967
4968	1.0	4968
4969	1.0	4969
4970	1.0	4970
4971	1.0	4971
4972	1.0	4972
4973	1.0	4973
4974	1.0	4974
4975	1.0	4975
4976	1.0	4976
4977	1.0	4977
4978	1.0	4978
4979	1.0	4979
4980	1.0	4980
4981	1.0	4981
4982	1.0	4982
4983	1.0	4983
4984	1.0	4984
4985	1.0	4985
4986	1.0	4986
4987	1.0	4987
4988	1.0	4988
4989	1.0	4989
4990	1.0	4990
4991	1.0	4991
4992	1.0	4992
4993	1.0	4993
4994	1.0	4994
4995	1.0	4995
4996	1.0	4996
4997	1.0	4997
4998	1.0	4998
4999	1.0	4999
5000	1.0	5000
5001	1.0	5001
5002	1.0	5002
5003	1.0	5003
5004	1.0	5004
5005	1.0	5005
5006	1.0	5006
5007	1.0	5007
5008	1.0	5008
5009	1.0	5009
5010	1.0	5010
5011	1.0	5011
5012	1.0	5012
5013	1.0	5013
5014	1.0	5014
5015	1.0	5015
5016	1.0	5016
5017	1.0	5017
5018	1.0	5018
5019	1.0	5019
5020	1.0	5020
5021	1.0	5021
5022	1.0	5022
5023	1.0	5023
5024	1.0	5024
5025	1.0	5025
5026	1.0	5026
5027	1.0	5027
5028	1.0	5028
5029	1.0	5029
5030	1.0	5030
5031	1.0	5031
5032	1.0	5032
5033	1.0	5033
5034	1.0	5034
5035	1.0	5035
5036	1.0	5036
5037	1.0	5037
5038	1.0	5038
5039	1.0	5039
5040	1.0	5040
5041	1.0	5041
5042	1.0	5042
5043	1.0	5043
5044	1.0	5044
5045	1.0	5045
5046	1.0	5046
5047	1.0	5047
5048	1.0	5048
5049	1.0	5049
5050	1.0	5050
5051	1.0	5051
5052	1.0	5052
5053	1.0	5053
5054	1.0	5054
5055	1.0	5055
5056	1.0	5056
5057	1.0	5057
5058	1.0	5058
5059	1.0	5059
5060	1.0	5060
5061	1.0	5061
5062	1.0	5062
5063	1.0	5063
5064	1.0	5064
5065	1.0	5065
5066	1.0	5066
5067	1.0	5067
5068	1.0	5068
5069	1.0	5069
5070	1.0	5070
5071	1.0	5071
5072	1.0	5072
5073	1.0	5073
5074	1.0	5074
5075	1.0	5075
5076	1.0	5076
5077	1.0	5077
5078	1.0	5078
5079	1.0	5079
5080	1.0	5080
5081	1.0	5081
5082	1.0	5082
5083	1.0	5083
5084	1.0	5084
5085	1.0	5085
5086	1.0	5086
5087	1.0	5087
5088	1.0	5088
5089	1.0	5089
5090	1.0	5090
5091	1.0	5091
5092	1.0	5092
5093	1.0	5093
5094	1.0	5094
5095	1.0	5095
5096	1.0	5096
5097	1.0	5097
5098	1.0	5098
5099	1.0	5099
5100	1.0	5100
5101	1.0	5101
5102	1.0	5102
5103	1.0	5103
5104	1.0	5104
5105	1.0	5105
5106	1.0	5106
5107	1.0	5107
5108	1.0	5108
5109	1.0	5109
5110	1.0	5110
5111	1.0	5111
5112	1.0	5112
5113	1.0	5113
5114	1.0	5114
5115	1.0	5115
5116	1.0	5116
5117	1.0	5117
5118	1.0	5118
5119	1.0	5119
5120	1.0	5120
5121	1.0	5121
5122	1.0	5122
5123	1.0	5123
5124	1.0	5124
5125	1.0	5125
5126	1.0	5126
5127	1.0	5127
5128	1.0	5128
5129	1.0	5129
5130	1.0	5130
5131	1.0	5131
5132	1.0	5132
5133	1.0	5133
5134	1.0	5134
5135	1.0	5135
5136	1.0	5136
5137	1.0	5137
5138	1.0	5138
5139	1.0	5139
5140	1.0	5140
5141	1.0	5141
5142	1.0	5142
5143	1.0	5143
5144	1.0	5144
5145	1.0	5145
5146	1.0	5146
5147	1.0	5147
5148	1.0	5148
5149	1.0	5149
5150	1.0	5150
5151	1.0	5151
5152	1.0	5152
5153	1.0	5153
5154	1.0	5154
5155	1.0	5155
5156	1.0	5156
5157	1.0	5157
5158	1.0	5158
5159	1.0	5159
5160	1.0	5160
5161	1.0	5161
5162	1.0	5162
5163	1.0	5163
5164	1.0	5164
5165	1.0	5165
5166	1.0	5166
5167	1.0	5167
5168	1.0	5168
5169	1.0	5169
5170	1.0	5170
5171	1.0	5171
5172	1.0	5172
5173	1.0	5173
5174	1.0	5174
5175	1.0	5175
5176	1.0	5176
5177	1.0	5177
5178	1.0	5178
5179	1.0	5179
5180	1.0	5180
5181	1.0	5181
5182	1.0	5182
5183	1.0	5183
5184	1.0	5184
5185	1.0	5185
5186	1.0	5186
5187	1.0	5187
5188	1.0	5188
5189	1.0	5189
5190	1.0	5190
5192	1.0	5192
5193	1.0	5193
5194	1.0	5194
5195	1.0	5195
5196	1.0	5196
5197	1.0	5197
5198	1.0	5198
5199	1.0	5199
5200	1.0	5200
5201	1.0	5201
5202	1.0	5202
5203	1.0	5203
5204	1.0	5204
5205	1.0	5205
5206	1.0	5206
5207	1.0	5207
5208	1.0	5208
5209	1.0	5209
5210	1.0	5210
5211	1.0	5211
5212	1.0	5212
5213	1.0	5213
5214	1.0	5214
5215	1.0	5215
5216	1.0	5216
5217	1.0	5217
5218	1.0	5218
5219	1.0	5219
5220	1.0	5220
5221	1.0	5221
5222	1.0	5222
5223	1.0	5223
5224	1.0	5224
5225	1.0	5225
5226	1.0	5226
5227	1.0	5227
5228	1.0	5228
5229	1.0	5229
5230	1.0	5230
5231	1.0	5231
5232	1.0	5232
5233	1.0	5233
5234	1.0	5234
5235	1.0	5235
5236	1.0	5236
5237	1.0	5237
5238	1.0	5238
5239	1.0	5239
5240	1.0	5240
5241	1.0	5241
5242	1.0	5242
5243	1.0	5243
5244	1.0	5244
5245	1.0	5245
5246	1.0	5246
5247	1.0	5247
5248	1.0	5248
5249	1.0	5249
5250	1.0	5250
5251	1.0	5251
5252	1.0	5252
5253	1.0	5253
5254	1.0	5254
5255	1.0	5255
5256	1.0	5256
5257	1.0	5257
5258	1.0	5258
5259	1.0	5259
5260	1.0	5260
5261	1.0	5261
5262	1.0	5262
5263	1.0	5263
5264	1.0	5264
5265	1.0	5265
5266	1.0	5266
5267	1.0	5267
5268	1.0	5268
5269	1.0	5269
5270	1.0	5270
5271	1.0	5271
5272	1.0	5272
5273	1.0	5273
5274	1.0	5274
5275	1.0	5275
5276	1.0	5276
5277	1.0	5277
5278	1.0	5278
5279	1.0	5279
5280	1.0	5280
5281	1.0	5281
5282	1.0	5282
5283	1.0	5283
5284	1.0	5284
5285	1.0	5285
5286	1.0	5286
5287	1.0	5287
5288	1.0	5288
5289	1.0	5289
5290	1.0	5290
5291	1.0	5291
5292	1.0	5292
5293	1.0	5293
5294	1.0	5294
5295	1.0	5295
5296	1.0	5296
5297	1.0	5297
5298	1.0	5298
5299	1.0	5299
5300	1.0	5300
5301	1.0	5301
5302	1.0	5302
5303	1.0	5303
5304	1.0	5304
5305	1.0	5305
5306	1.0	5306
5307	1.0	5307
5308	1.0	5308
5309	1.0	5309
5310	1.0	5310
5311	1.0	5311
5312	1.0	5312
5313	1.0	5313
5314	1.0	5314
5315	1.0	5315
5316	1.0	5316
5317	1.0	5317
5318	1.0	5318
5319	1.0	5319
5320	1.0	5320
5321	1.0	5321
5322	1.0	5322
5323	1.0	5323
5324	1.0	5324
5325	1.0	5325
5326	1.0	5326
5327	1.0	5327
5328	1.0	5328
5329	1.0	5329
5330	1.0	5330
5331	1.0	5331
5332	1.0	5332
5333	1.0	5333
5334	1.0	5334
5335	1.0	5335
5336	1.0	5336
5337	1.0	5337
5338	1.0	5338
5339	1.0	5339
5340	1.0	5340
5341	1.0	5341
5342	1.0	5342
5343	1.0	5343
5344	1.0	5344
5345	1.0	5345
5346	1.0	5346
5347	1.0	5347
5348	1.0	5348
5349	1.0	5349
5350	1.0	5350
5351	1.0	5351
5352	1.0	5352
5353	1.0	5353
5354	1.0	5354
5355	1.0	5355
5356	1.0	5356
5357	1.0	5357
5358	1.0	5358
5359	1.0	5359
5360	1.0	5360
5361	1.0	5361
5362	1.0	5362
5363	1.0	5363
5364	1.0	5364
5365	1.0	5365
5366	1.0	5366
5367	1.0	5367
5368	1.0	5368
5369	1.0	5369
5370	1.0	5370
5371	1.0	5371
5372	1.0	5372
5373	1.0	5373
5374	1.0	5374
5375	1.0	5375
5376	1.0	5376
5377	1.0	5377
5378	1.0	5378
5379	1.0	5379
5380	1.0	5380
5381	1.0	5381
5382	1.0	5382
5383	1.0	5383
5384	1.0	5384
5385	1.0	5385
5386	1.0	5386
5387	1.0	5387
5388	1.0	5388
5389	1.0	5389
5390	1.0	5390
5391	1.0	5391
5392	1.0	5392
5393	1.0	5393
5394	1.0	5394
5395	1.0	5395
5396	1.0	5396
5397	1.0	5397
5398	1.0	5398
5399	1.0	5399
5400	1.0	5400
5401	1.0	5401
5402	1.0	5402
5403	1.0	5403
5404	1.0	5404
5405	1.0	5405
5406	1.0	5406
5407	1.0	5407
5408	1.0	5408
5409	1.0	5409
5410	1.0	5410
5411	1.0	5411
5412	1.0	5412
5413	1.0	5413
5414	1.0	5414
5415	1.0	5415
5416	1.0	5416
5417	1.0	5417
5418	1.0	5418
5419	1.0	5419
5420	1.0	5420
5421	1.0	5421
5422	1.0	5422
5423	1.0	5423
5424	1.0	5424
5425	1.0	5425
5426	1.0	5426
5427	1.0	5427
5428	1.0	5428
5429	1.0	5429
5430	1.0	5430
5431	1.0	5431
5432	1.0	5432
5433	1.0	5433
5434	1.0	5434
5435	1.0	5435
5436	1.0	5436
5437	1.0	5437
5438	1.0	5438
5439	1.0	5439
5440	1.0	5440
5441	1.0	5441
5442	1.0	5442
5443	1.0	5443
5444	1.0	5444
5445	1.0	5445
5446	1.0	5446
5447	1.0	5447
5448	1.0	5448
5449	1.0	5449
5450	1.0	5450
5451	1.0	5451
5452	1.0	5452
5453	1.0	5453
5454	1.0	5454
5455	1.0	5455
5456	1.0	5456
5457	1.0	5457
5458	1.0	5458
5459	1.0	5459
5460	1.0	5460
5461	1.0	5461
5462	1.0	5462
5463	1.0	5463
5464	1.0	5464
5465	1.0	5465
5466	1.0	5466
5467	1.0	5467
5468	1.0	5468
5469	1.0	5469
5470	1.0	5470
5471	1.0	5471
5472	1.0	5472
5473	1.0	5473
5474	1.0	5474
5475	1.0	5475
5476	1.0	5476
5477	1.0	5477
5478	1.0	5478
5479	1.0	5479
5480	1.0	5480
5481	1.0	5481
5482	1.0	5482
5483	1.0	5483
5484	1.0	5484
5485	1.0	5485
5486	1.0	5486
5487	1.0	5487
5488	1.0	5488
5489	1.0	5489
5490	1.0	5490
5491	1.0	5491
5492	1.0	5492
5493	1.0	5493
5494	1.0	5494
5495	1.0	5495
5496	1.0	5496
5497	1.0	5497
5498	1.0	5498
5499	1.0	5499
5500	1.0	5500
5501	1.0	5501
5502	1.0	5502
5503	1.0	5503
5504	1.0	5504
5505	1.0	5505
5506	1.0	5506
5507	1.0	5507
5508	1.0	5508
5509	1.0	5509
5510	1.0	5510
5511	1.0	5511
5512	1.0	5512
5513	1.0	5513
5514	1.0	5514
5515	1.0	5515
5516	1.0	5516
5517	1.0	5517
5518	1.0	5518
5519	1.0	5519
5520	1.0	5520
5521	1.0	5521
5522	1.0	5522
5523	1.0	5523
5524	1.0	5524
5525	1.0	5525
5526	1.0	5526
5527	1.0	5527
5528	1.0	5528
5529	1.0	5529
5530	1.0	5530
5531	1.0	5531
5532	1.0	5532
5533	1.0	5533
5534	1.0	5534
5535	1.0	5535
5536	1.0	5536
5537	1.0	5537
5538	1.0	5538
5539	1.0	5539
5540	1.0	5540
5541	1.0	5541
5542	1.0	5542
5543	1.0	5543
5544	1.0	5544
5545	1.0	5545
5546	1.0	5546
5547	1.0	5547
5548	1.0	5548
5549	1.0	5549
5550	1.0	5550
5551	1.0	5551
5552	1.0	5552
5553	1.0	5553
5554	1.0	5554
5555	1.0	5555
5556	1.0	5556
5557	1.0	5557
5558	1.0	5558
5559	1.0	5559
5560	1.0	5560
5561	1.0	5561
5562	1.0	5562
5563	1.0	5563
5564	1.0	5564
5565	1.0	5565
5566	1.0	5566
5567	1.0	5567
5568	1.0	5568
5569	1.0	5569
5570	1.0	5570
5571	1.0	5571
5572	1.0	5572
5573	1.0	5573
5574	1.0	5574
5575	1.0	5575
5576	1.0	5576
5577	1.0	5577
5579	1.0	5579
5580	1.0	5580
5581	1.0	5581
5582	1.0	5582
5583	1.0	5583
5584	1.0	5584
5585	1.0	5585
5586	1.0	5586
5587	1.0	5587
5588	1.0	5588
5589	1.0	5589
5590	1.0	5590
5591	1.0	5591
5592	1.0	5592
5593	1.0	5593
5595	1.0	5595
5596	1.0	5596
5597	1.0	5597
5598	1.0	5598
5599	1.0	5599
5600	1.0	5600
5601	1.0	5601
5602	1.0	5602
5603	1.0	5603
5604	1.0	5604
5605	1.0	5605
5606	1.0	5606
5607	1.0	5607
5608	1.0	5608
5609	1.0	5609
5610	1.0	5610
5611	1.0	5611
5612	1.0	5612
5613	1.0	5613
5614	1.0	5614
5615	1.0	5615
5616	1.0	5616
5617	1.0	5617
5618	1.0	5618
5619	1.0	5619
5620	1.0	5620
5621	1.0	5621
5622	1.0	5622
5623	1.0	5623
5624	1.0	5624
5625	1.0	5625
5626	1.0	5626
5627	1.0	5627
5628	1.0	5628
5629	1.0	5629
5630	1.0	5630
5631	1.0	5631
5632	1.0	5632
5633	1.0	5633
5634	1.0	5634
5635	1.0	5635
5636	1.0	5636
5637	1.0	5637
5638	1.0	5638
5639	1.0	5639
5640	1.0	5640
5641	1.0	5641
5642	1.0	5642
5643	1.0	5643
5644	1.0	5644
5645	1.0	5645
5646	1.0	5646
5647	1.0	5647
5648	1.0	5648
5649	1.0	5649
5650	1.0	5650
5651	1.0	5651
5652	1.0	5652
5653	1.0	5653
5654	1.0	5654
5655	1.0	5655
5656	1.0	5656
5657	1.0	5657
5658	1.0	5658
5659	1.0	5659
5660	1.0	5660
5661	1.0	5661
5662	1.0	5662
5663	1.0	5663
5664	1.0	5664
5665	1.0	5665
5666	1.0	5666
5667	1.0	5667
5668	1.0	5668
5669	1.0	5669
5670	1.0	5670
5671	1.0	5671
5672	1.0	5672
5673	1.0	5673
5674	1.0	5674
5675	1.0	5675
5676	1.0	5676
5677	1.0	5677
5678	1.0	5678
5679	1.0	5679
5680	1.0	5680
5681	1.0	5681
5682	1.0	5682
5683	1.0	5683
5684	1.0	5684
5685	1.0	5685
5686	1.0	5686
5687	1.0	5687
5688	1.0	5688
5689	1.0	5689
5690	1.0	5690
5691	1.0	5691
5692	1.0	5692
5693	1.0	5693
5694	1.0	5694
5695	1.0	5695
5696	1.0	5696
5697	1.0	5697
5698	1.0	5698
5699	1.0	5699
5700	1.0	5700
5701	1.0	5701
5702	1.0	5702
5703	1.0	5703
5704	1.0	5704
5705	1.0	5705
5706	1.0	5706
5707	1.0	5707
5708	1.0	5708
5709	1.0	5709
5710	1.0	5710
5711	1.0	5711
5712	1.0	5712
5713	1.0	5713
5714	1.0	5714
5715	1.0	5715
5716	1.0	5716
5717	1.0	5717
5718	1.0	5718
5719	1.0	5719
5720	1.0	5720
5721	1.0	5721
5722	1.0	5722
5723	1.0	5723
5724	1.0	5724
5725	1.0	5725
5726	1.0	5726
5727	1.0	5727
5728	1.0	5728
5729	1.0	5729
5730	1.0	5730
5731	1.0	5731
5732	1.0	5732
5733	1.0	5733
5734	1.0	5734
5735	1.0	5735
5736	1.0	5736
5737	1.0	5737
5738	1.0	5738
5739	1.0	5739
5740	1.0	5740
5741	1.0	5741
5742	1.0	5742
5743	1.0	5743
5744	1.0	5744
5745	1.0	5745
5746	1.0	5746
5747	1.0	5747
5748	1.0	5748
5749	1.0	5749
5750	1.0	5750
5751	1.0	5751
5752	1.0	5752
5753	1.0	5753
5754	1.0	5754
5755	1.0	5755
5756	1.0	5756
5757	1.0	5757
5758	1.0	5758
5759	1.0	5759
5760	1.0	5760
5761	1.0	5761
5762	1.0	5762
5763	1.0	5763
5764	1.0	5764
5765	1.0	5765
5766	1.0	5766
5767	1.0	5767
5768	1.0	5768
5769	1.0	5769
5770	1.0	5770
5771	1.0	5771
5772	1.0	5772
5773	1.0	5773
5774	1.0	5774
5775	1.0	5775
5776	1.0	5776
5777	1.0	5777
5778	1.0	5778
5779	1.0	5779
5780	1.0	5780
5781	1.0	5781
5782	1.0	5782
5783	1.0	5783
5784	1.0	5784
5785	1.0	5785
5786	1.0	5786
5787	1.0	5787
5788	1.0	5788
5789	1.0	5789
5790	1.0	5790
5791	1.0	5791
5792	1.0	5792
5793	1.0	5793
5794	1.0	5794
5795	1.0	5795
5796	1.0	5796
5797	1.0	5797
5798	1.0	5798
5799	1.0	5799
5800	1.0	5800
5801	1.0	5801
5802	1.0	5802
5803	1.0	5803
5804	1.0	5804
5805	1.0	5805
5806	1.0	5806
5807	1.0	5807
5808	1.0	5808
5809	1.0	5809
5810	1.0	5810
5811	1.0	5811
5812	1.0	5812
5813	1.0	5813
5814	1.0	5814
5815	1.0	5815
5816	1.0	5816
5817	1.0	5817
5818	1.0	5818
5819	1.0	5819
5820	1.0	5820
5821	1.0	5821
5822	1.0	5822
5823	1.0	5823
5824	1.0	5824
5825	1.0	5825
5826	1.0	5826
5827	1.0	5827
5828	1.0	5828
5829	1.0	5829
5830	1.0	5830
5831	1.0	5831
5832	1.0	5832
5833	1.0	5833
5834	1.0	5834
5835	1.0	5835
5836	1.0	5836
5837	1.0	5837
5838	1.0	5838
5839	1.0	5839
5840	1.0	5840
5841	1.0	5841
5842	1.0	5842
5843	1.0	5843
5844	1.0	5844
5845	1.0	5845
5846	1.0	5846
5847	1.0	5847
5848	1.0	5848
5849	1.0	5849
5850	1.0	5850
5851	1.0	5851
5852	1.0	5852
5853	1.0	5853
5854	1.0	5854
5855	1.0	5855
5856	1.0	5856
5857	1.0	5857
5858	1.0	5858
5859	1.0	5859
5860	1.0	5860
5861	1.0	5861
5862	1.0	5862
5863	1.0	5863
5864	1.0	5864
5865	1.0	5865
5866	1.0	5866
5867	1.0	5867
5868	1.0	5868
5869	1.0	5869
5870	1.0	5870
5871	1.0	5871
5872	1.0	5872
5873	1.0	5873
5874	1.0	5874
5875	1.0	5875
5876	1.0	5876
5877	1.0	5877
5878	1.0	5878
5879	1.0	5879
5880	1.0	5880
5881	1.0	5881
5882	1.0	5882
5883	1.0	5883
5884	1.0	5884
5885	1.0	5885
5886	1.0	5886
5887	1.0	5887
5888	1.0	5888
5889	1.0	5889
5890	1.0	5890
5891	1.0	5891
5892	1.0	5892
5893	1.0	5893
5894	1.0	5894
5895	1.0	5895
5896	1.0	5896
5897	1.0	5897
5898	1.0	5898
5899	1.0	5899
5900	1.0	5900
5901	1.0	5901
5902	1.0	5902
5903	1.0	5903
5904	1.0	5904
5905	1.0	5905
5906	1.0	5906
5907	1.0	5907
5908	1.0	5908
5909	1.0	5909
5910	1.0	5910
5911	1.0	5911
5912	1.0	5912
5913	1.0	5913
5914	1.0	5914
5915	1.0	5915
5916	1.0	5916
5917	1.0	5917
5918	1.0	5918
5919	1.0	5919
5920	1.0	5920
5921	1.0	5921
5922	1.0	5922
5923	1.0	5923
5924	1.0	5924
5925	1.0	5925
5926	1.0	5926
5927	1.0	5927
5928	1.0	5928
5929	1.0	5929
5930	1.0	5930
5931	1.0	5931
5932	1.0	5932
5933	1.0	5933
5934	1.0	5934
5935	1.0	5935
5936	1.0	5936
5937	1.0	5937
5938	1.0	5938
5939	1.0	5939
5940	1.0	5940
5941	1.0	5941
5942	1.0	5942
5943	1.0	5943
5944	1.0	5944
5945	1.0	5945
5946	1.0	5946
5947	1.0	5947
5948	1.0	5948
5949	1.0	5949
5950	1.0	5950
5951	1.0	5951
5952	1.0	5952
5953	1.0	5953
5954	1.0	5954
5955	1.0	5955
5956	1.0	5956
5957	1.0	5957
5958	1.0	5958
5959	1.0	5959
5960	1.0	5960
5961	1.0	5961
5962	1.0	5962
5963	1.0	5963
5964	1.0	5964
5965	1.0	5965
5966	1.0	5966
5967	1.0	5967
5968	1.0	5968
5969	1.0	5969
5970	1.0	5970
5971	1.0	5971
5972	1.0	5972
5973	1.0	5973
5974	1.0	5974
5975	1.0	5975
5976	1.0	5976
5977	1.0	5977
5978	1.0	5978
5979	1.0	5979
5980	1.0	5980
5981	1.0	5981
5982	1.0	5982
5983	1.0	5983
5984	1.0	5984
5985	1.0	5985
5986	1.0	5986
5987	1.0	5987
5988	1.0	5988
5989	1.0	5989
5990	1.0	5990
5991	1.0	5991
5992	1.0	5992
5993	1.0	5993
5994	1.0	5994
5995	1.0	5995
5996	1.0	5996
5997	1.0	5997
5998	1.0	5998
5999	1.0	5999
6000	1.0	6000
6001	1.0	6001
6002	1.0	6002
6003	1.0	6003
6004	1.0	6004
6005	1.0	6005
6006	1.0	6006
6007	1.0	6007
6008	1.0	6008
6009	1.0	6009
6010	1.0	6010
6011	1.0	6011
6012	1.0	6012
6013	1.0	6013
6014	1.0	6014
6015	1.0	6015
6016	1.0	6016
6017	1.0	6017
6018	1.0	6018
6019	1.0	6019
6020	1.0	6020
6021	1.0	6021
6022	1.0	6022
6023	1.0	6023
6024	1.0	6024
6025	1.0	6025
6026	1.0	6026
6027	1.0	6027
6028	1.0	6028
6029	1.0	6029
6030	1.0	6030
6031	1.0	6031
6032	1.0	6032
6033	1.0	6033
6034	1.0	6034
6035	1.0	6035
6036	1.0	6036
6037	1.0	6037
6038	1.0	6038
6039	1.0	6039
6040	1.0	6040
6041	1.0	6041
6042	1.0	6042
6043	1.0	6043
6044	1.0	6044
6045	1.0	6045
6046	1.0	6046
6047	1.0	6047
6048	1.0	6048
6049	1.0	6049
6050	1.0	6050
6051	1.0	6051
6052	1.0	6052
6053	1.0	6053
6054	1.0	6054
6055	1.0	6055
6056	1.0	6056
6057	1.0	6057
6058	1.0	6058
6059	1.0	6059
6060	1.0	6060
6061	1.0	6061
6062	1.0	6062
6063	1.0	6063
6064	1.0	6064
6065	1.0	6065
6066	1.0	6066
6067	1.0	6067
6068	1.0	6068
6069	1.0	6069
6070	1.0	6070
6071	1.0	6071
6072	1.0	6072
6073	1.0	6073
6074	1.0	6074
6075	1.0	6075
6076	1.0	6076
6077	1.0	6077
6078	1.0	6078
6079	1.0	6079
6080	1.0	6080
6081	1.0	6081
6082	1.0	6082
6083	1.0	6083
6084	1.0	6084
6085	1.0	6085
6086	1.0	6086
6087	1.0	6087
6088	1.0	6088
6089	1.0	6089
6090	1.0	6090
6091	1.0	6091
6092	1.0	6092
6093	1.0	6093
6094	1.0	6094
6095	1.0	6095
6096	1.0	6096
6097	1.0	6097
6098	1.0	6098
6099	1.0	6099
6100	1.0	6100
6101	1.0	6101
6102	1.0	6102
6103	1.0	6103
6104	1.0	6104
6105	1.0	6105
6106	1.0	6106
6107	1.0	6107
6108	1.0	6108
6109	1.0	6109
6110	1.0	6110
6111	1.0	6111
6112	1.0	6112
6113	1.0	6113
6114	1.0	6114
6115	1.0	6115
6116	1.0	6116
6117	1.0	6117
6118	1.0	6118
6119	1.0	6119
6120	1.0	6120
6121	1.0	6121
6122	1.0	6122
6123	1.0	6123
6124	1.0	6124
6125	1.0	6125
6126	1.0	6126
6127	1.0	6127
6128	1.0	6128
6129	1.0	6129
6130	1.0	6130
6131	1.0	6131
6132	1.0	6132
6133	1.0	6133
6134	1.0	6134
6135	1.0	6135
6136	1.0	6136
6137	1.0	6137
6138	1.0	6138
6139	1.0	6139
6140	1.0	6140
6141	1.0	6141
6142	1.0	6142
6143	1.0	6143
6144	1.0	6144
6145	1.0	6145
6146	1.0	6146
6147	1.0	6147
6148	1.0	6148
6149	1.0	6149
6150	1.0	6150
6151	1.0	6151
6152	1.0	6152
6153	1.0	6153
6154	1.0	6154
6155	1.0	6155
6156	1.0	6156
6157	1.0	6157
6158	1.0	6158
6159	1.0	6159
6160	1.0	6160
6161	1.0	6161
6162	1.0	6162
6163	1.0	6163
6164	1.0	6164
6165	1.0	6165
6166	1.0	6166
6167	1.0	6167
6168	1.0	6168
6169	1.0	6169
6170	1.0	6170
6171	1.0	6171
6172	1.0	6172
6173	1.0	6173
6174	1.0	6174
6175	1.0	6175
6176	1.0	6176
6177	1.0	6177
6178	1.0	6178
6179	1.0	6179
6180	1.0	6180
6181	1.0	6181
6182	1.0	6182
6183	1.0	6183
6184	1.0	6184
6185	1.0	6185
6186	1.0	6186
6187	1.0	6187
6188	1.0	6188
6189	1.0	6189
6190	1.0	6190
6191	1.0	6191
6192	1.0	6192
6193	1.0	6193
6194	1.0	6194
6195	1.0	6195
6196	1.0	6196
6197	1.0	6197
6198	1.0	6198
6199	1.0	6199
6200	1.0	6200
6201	1.0	6201
6202	1.0	6202
6203	1.0	6203
6204	1.0	6204
6205	1.0	6205
6206	1.0	6206
6207	1.0	6207
6208	1.0	6208
6209	1.0	6209
6210	1.0	6210
6211	1.0	6211
6212	1.0	6212
6213	1.0	6213
6214	1.0	6214
6215	1.0	6215
6216	1.0	6216
6217	1.0	6217
6218	1.0	6218
6219	1.0	6219
6220	1.0	6220
6221	1.0	6221
6222	1.0	6222
6223	1.0	6223
6224	1.0	6224
6225	1.0	6225
6226	1.0	6226
6227	1.0	6227
6228	1.0	6228
6229	1.0	6229
6230	1.0	6230
6231	1.0	6231
6232	1.0	6232
6233	1.0	6233
6234	1.0	6234
6235	1.0	6235
6236	1.0	6236
6237	1.0	6237
6238	1.0	6238
6239	1.0	6239
6240	1.0	6240
6241	1.0	6241
6242	1.0	6242
6243	1.0	6243
6244	1.0	6244
6245	1.0	6245
6246	1.0	6246
6247	1.0	6247
6248	1.0	6248
6249	1.0	6249
6250	1.0	6250
6251	1.0	6251
6252	1.0	6252
6253	1.0	6253
6254	1.0	6254
6255	1.0	6255
6256	1.0	6256
6257	1.0	6257
6258	1.0	6258
6259	1.0	6259
6260	1.0	6260
6261	1.0	6261
6262	1.0	6262
6263	1.0	6263
6264	1.0	6264
6265	1.0	6265
6266	1.0	6266
6267	1.0	6267
6268	1.0	6268
6269	1.0	6269
6270	1.0	6270
6271	1.0	6271
6272	1.0	6272
6273	1.0	6273
6274	1.0	6274
6275	1.0	6275
6276	1.0	6276
6277	1.0	6277
6278	1.0	6278
6279	1.0	6279
6280	1.0	6280
6281	1.0	6281
6282	1.0	6282
6283	1.0	6283
6284	1.0	6284
6285	1.0	6285
6286	1.0	6286
6287	1.0	6287
6288	1.0	6288
6289	1.0	6289
6290	1.0	6290
6291	1.0	6291
6292	1.0	6292
6293	1.0	6293
6294	1.0	6294
6295	1.0	6295
6296	1.0	6296
6297	1.0	6297
6298	1.0	6298
6299	1.0	6299
6300	1.0	6300
6301	1.0	6301
6302	1.0	6302
6303	1.0	6303
6304	1.0	6304
6305	1.0	6305
6306	1.0	6306
6307	1.0	6307
6308	1.0	6308
6309	1.0	6309
6310	1.0	6310
6311	1.0	6311
6312	1.0	6312
6313	1.0	6313
6314	1.0	6314
6315	1.0	6315
6316	1.0	6316
6317	1.0	6317
6318	1.0	6318
6319	1.0	6319
6320	1.0	6320
6321	1.0	6321
6322	1.0	6322
6323	1.0	6323
6324	1.0	6324
6325	1.0	6325
6326	1.0	6326
6327	1.0	6327
6328	1.0	6328
6329	1.0	6329
6330	1.0	6330
6331	1.0	6331
6332	1.0	6332
6333	1.0	6333
6334	1.0	6334
6335	1.0	6335
6336	1.0	6336
6337	1.0	6337
6338	1.0	6338
6339	1.0	6339
6340	1.0	6340
6341	1.0	6341
6342	1.0	6342
6343	1.0	6343
6344	1.0	6344
6345	1.0	6345
6346	1.0	6346
6347	1.0	6347
6348	1.0	6348
6349	1.0	6349
6350	1.0	6350
6351	1.0	6351
6352	1.0	6352
6353	1.0	6353
6354	1.0	6354
6355	1.0	6355
6356	1.0	6356
6357	1.0	6357
6358	1.0	6358
6365	1.0	6365
6366	1.0	6366
6367	1.0	6367
6368	1.0	6368
6369	1.0	6369
6370	1.0	6370
6371	1.0	6371
6373	1.0	6373
6374	1.0	6374
6375	1.0	6375
6376	1.0	6376
6377	1.0	6377
6378	1.0	6378
6379	1.0	6379
6380	1.0	6380
6381	1.0	6381
6382	1.0	6382
6383	1.0	6383
6384	1.0	6384
6385	1.0	6385
6386	1.0	6386
6387	1.0	6387
6388	1.0	6388
6390	1.0	6390
6391	1.0	6391
6392	1.0	6392
6393	1.0	6393
6394	1.0	6394
6395	1.0	6395
6396	1.0	6396
6397	1.0	6397
6398	1.0	6398
6400	1.0	6400
6401	1.0	6401
6402	1.0	6402
6403	1.0	6403
6404	1.0	6404
6405	1.0	6405
6406	1.0	6406
6407	1.0	6407
6408	1.0	6408
6409	1.0	6409
6410	1.0	6410
6411	1.0	6411
6412	1.0	6412
6413	1.0	6413
6414	1.0	6414
6415	1.0	6415
6416	1.0	6416
6417	1.0	6417
6419	1.0	6419
6420	1.0	6420
6421	1.0	6421
6422	1.0	6422
6423	1.0	6423
6424	1.0	6424
6425	1.0	6425
6426	1.0	6426
6427	1.0	6427
6428	1.0	6428
6429	1.0	6429
6430	1.0	6430
6431	1.0	6431
6432	1.0	6432
6433	1.0	6433
6434	1.0	6434
6435	1.0	6435
6436	1.0	6436
6437	1.0	6437
6438	1.0	6438
6439	1.0	6439
6440	1.0	6440
6441	1.0	6441
6442	1.0	6442
6443	1.0	6443
6445	1.0	6445
6446	1.0	6446
6447	1.0	6447
6448	1.0	6448
6449	1.0	6449
6450	1.0	6450
6451	1.0	6451
6452	1.0	6452
6453	1.0	6453
6454	1.0	6454
6455	1.0	6455
6456	1.0	6456
6457	1.0	6457
6458	1.0	6458
6459	1.0	6459
6460	1.0	6460
6461	1.0	6461
6462	1.0	6462
6463	1.0	6463
6464	1.0	6464
6465	1.0	6465
6466	1.0	6466
6467	1.0	6467
6468	1.0	6468
6469	1.0	6469
6470	1.0	6470
6471	1.0	6471
6472	1.0	6472
6473	1.0	6473
6474	1.0	6474
6475	1.0	6475
6476	1.0	6476
6477	1.0	6477
6478	1.0	6478
6479	1.0	6479
6480	1.0	6480
6481	1.0	6481
6482	1.0	6482
6483	1.0	6483
6484	1.0	6484
6485	1.0	6485
6486	1.0	6486
6487	1.0	6487
6488	1.0	6488
6489	1.0	6489
6490	1.0	6490
6491	1.0	6491
6492	1.0	6492
6493	1.0	6493
6494	1.0	6494
6495	1.0	6495
6496	1.0	6496
6497	1.0	6497
6498	1.0	6498
6499	1.0	6499
6500	1.0	6500
6501	1.0	6501
6502	1.0	6502
6503	1.0	6503
6504	1.0	6504
6505	1.0	6505
6506	1.0	6506
6507	1.0	6507
6508	1.0	6508
6509	1.0	6509
6510	1.0	6510
6511	1.0	6511
6512	1.0	6512
6513	1.0	6513
6514	1.0	6514
6515	1.0	6515
6516	1.0	6516
6517	1.0	6517
6518	1.0	6518
6519	1.0	6519
6520	1.0	6520
6521	1.0	6521
6522	1.0	6522
6523	1.0	6523
6524	1.0	6524
6525	1.0	6525
6526	1.0	6526
6527	1.0	6527
6528	1.0	6528
6529	1.0	6529
6530	1.0	6530
6531	1.0	6531
6532	1.0	6532
6533	1.0	6533
6534	1.0	6534
6535	1.0	6535
6536	1.0	6536
6537	1.0	6537
6538	1.0	6538
6539	1.0	6539
6540	1.0	6540
6541	1.0	6541
6542	1.0	6542
6543	1.0	6543
6544	1.0	6544
6545	1.0	6545
6546	1.0	6546
6547	1.0	6547
6548	1.0	6548
6549	1.0	6549
6550	1.0	6550
6551	1.0	6551
6552	1.0	6552
6553	1.0	6553
6554	1.0	6554
6555	1.0	6555
6556	1.0	6556
6557	1.0	6557
6558	1.0	6558
6559	1.0	6559
6560	1.0	6560
6561	1.0	6561
6562	1.0	6562
6563	1.0	6563
6564	1.0	6564
6565	1.0	6565
6566	1.0	6566
6567	1.0	6567
6568	1.0	6568
6569	1.0	6569
6570	1.0	6570
6571	1.0	6571
6572	1.0	6572
6573	1.0	6573
6574	1.0	6574
6575	1.0	6575
6576	1.0	6576
6577	1.0	6577
6578	1.0	6578
6579	1.0	6579
6580	1.0	6580
6581	1.0	6581
6582	1.0	6582
6583	1.0	6583
6584	1.0	6584
6585	1.0	6585
6586	1.0	6586
6587	1.0	6587
6588	1.0	6588
6589	1.0	6589
6590	1.0	6590
6591	1.0	6591
6592	1.0	6592
6593	1.0	6593
6594	1.0	6594
6595	1.0	6595
6596	1.0	6596
6597	1.0	6597
6598	1.0	6598
6599	1.0	6599
6600	1.0	6600
6601	1.0	6601
6602	1.0	6602
6603	1.0	6603
6604	1.0	6604
6605	1.0	6605
6606	1.0	6606
6607	1.0	6607
6608	1.0	6608
6609	1.0	6609
6610	1.0	6610
6611	1.0	6611
6612	1.0	6612
6613	1.0	6613
6614	1.0	6614
6615	1.0	6615
6616	1.0	6616
6617	1.0	6617
6618	1.0	6618
6619	1.0	6619
6620	1.0	6620
6621	1.0	6621
6622	1.0	6622
6623	1.0	6623
6624	1.0	6624
6625	1.0	6625
6626	1.0	6626
6627	1.0	6627
6628	1.0	6628
6629	1.0	6629
6630	1.0	6630
6631	1.0	6631
6632	1.0	6632
6633	1.0	6633
6634	1.0	6634
6635	1.0	6635
6636	1.0	6636
6637	1.0	6637
6638	1.0	6638
6639	1.0	6639
6640	1.0	6640
6641	1.0	6641
6642	1.0	6642
6643	1.0	6643
6644	1.0	6644
6645	1.0	6645
6646	1.0	6646
6647	1.0	6647
6648	1.0	6648
6649	1.0	6649
6650	1.0	6650
6651	1.0	6651
6652	1.0	6652
6653	1.0	6653
6654	1.0	6654
6655	1.0	6655
6656	1.0	6656
6657	1.0	6657
6658	1.0	6658
6659	1.0	6659
6660	1.0	6660
6661	1.0	6661
6662	1.0	6662
6663	1.0	6663
6664	1.0	6664
6665	1.0	6665
6666	1.0	6666
6667	1.0	6667
6668	1.0	6668
6669	1.0	6669
6670	1.0	6670
6671	1.0	6671
6672	1.0	6672
6673	1.0	6673
6674	1.0	6674
6675	1.0	6675
6676	1.0	6676
6677	1.0	6677
6678	1.0	6678
6679	1.0	6679
6680	1.0	6680
6681	1.0	6681
6682	1.0	6682
6683	1.0	6683
6684	1.0	6684
6685	1.0	6685
6686	1.0	6686
6687	1.0	6687
6688	1.0	6688
6689	1.0	6689
6690	1.0	6690
6691	1.0	6691
6692	1.0	6692
6693	1.0	6693
6694	1.0	6694
6695	1.0	6695
6696	1.0	6696
6697	1.0	6697
6698	1.0	6698
6699	1.0	6699
6700	1.0	6700
6701	1.0	6701
6702	1.0	6702
6703	1.0	6703
6704	1.0	6704
6705	1.0	6705
6706	1.0	6706
6707	1.0	6707
6708	1.0	6708
6709	1.0	6709
6710	1.0	6710
6711	1.0	6711
6712	1.0	6712
6713	1.0	6713
6714	1.0	6714
6715	1.0	6715
6716	1.0	6716
6717	1.0	6717
6718	1.0	6718
6719	1.0	6719
6720	1.0	6720
6721	1.0	6721
6722	1.0	6722
6723	1.0	6723
6724	1.0	6724
6725	1.0	6725
6726	1.0	6726
6727	1.0	6727
6728	1.0	6728
6729	1.0	6729
6730	1.0	6730
6731	1.0	6731
6732	1.0	6732
6733	1.0	6733
6734	1.0	6734
6735	1.0	6735
6736	1.0	6736
6737	1.0	6737
6738	1.0	6738
6739	1.0	6739
6740	1.0	6740
6741	1.0	6741
6742	1.0	6742
6743	1.0	6743
6744	1.0	6744
6745	1.0	6745
6746	1.0	6746
6747	1.0	6747
6748	1.0	6748
6749	1.0	6749
6750	1.0	6750
6751	1.0	6751
6752	1.0	6752
6753	1.0	6753
6754	1.0	6754
6755	1.0	6755
6756	1.0	6756
6757	1.0	6757
6758	1.0	6758
6759	1.0	6759
6760	1.0	6760
6761	1.0	6761
6762	1.0	6762
6763	1.0	6763
6764	1.0	6764
6765	1.0	6765
6766	1.0	6766
6767	1.0	6767
6768	1.0	6768
6769	1.0	6769
6770	1.0	6770
6771	1.0	6771
6772	1.0	6772
6773	1.0	6773
6774	1.0	6774
6775	1.0	6775
6776	1.0	6776
6777	1.0	6777
6778	1.0	6778
6779	1.0	6779
6780	1.0	6780
6781	1.0	6781
6782	1.0	6782
6783	1.0	6783
6784	1.0	6784
6785	1.0	6785
6786	1.0	6786
6787	1.0	6787
6788	1.0	6788
6789	1.0	6789
6790	1.0	6790
6791	1.0	6791
6792	1.0	6792
6793	1.0	6793
6794	1.0	6794
6795	1.0	6795
6796	1.0	6796
6797	1.0	6797
6798	1.0	6798
6799	1.0	6799
6800	1.0	6800
6801	1.0	6801
6802	1.0	6802
6803	1.0	6803
6804	1.0	6804
6805	1.0	6805
6806	1.0	6806
6807	1.0	6807
6808	1.0	6808
6809	1.0	6809
6810	1.0	6810
6811	1.0	6811
6812	1.0	6812
6813	1.0	6813
6814	1.0	6814
6815	1.0	6815
6816	1.0	6816
6817	1.0	6817
6818	1.0	6818
6819	1.0	6819
6820	1.0	6820
6821	1.0	6821
6822	1.0	6822
6823	1.0	6823
6824	1.0	6824
6825	1.0	6825
6826	1.0	6826
6827	1.0	6827
6828	1.0	6828
6829	1.0	6829
6830	1.0	6830
6831	1.0	6831
6832	1.0	6832
6833	1.0	6833
6834	1.0	6834
6835	1.0	6835
6836	1.0	6836
6837	1.0	6837
6838	1.0	6838
6839	1.0	6839
6840	1.0	6840
6841	1.0	6841
6842	1.0	6842
6843	1.0	6843
6844	1.0	6844
6845	1.0	6845
6846	1.0	6846
6847	1.0	6847
6848	1.0	6848
6849	1.0	6849
6850	1.0	6850
6851	1.0	6851
6852	1.0	6852
6853	1.0	6853
6854	1.0	6854
6855	1.0	6855
6856	1.0	6856
6857	1.0	6857
6858	1.0	6858
6859	1.0	6859
6860	1.0	6860
6861	1.0	6861
6862	1.0	6862
6863	1.0	6863
6864	1.0	6864
6865	1.0	6865
6866	1.0	6866
6867	1.0	6867
6868	1.0	6868
6869	1.0	6869
6870	1.0	6870
6871	1.0	6871
6872	1.0	6872
6873	1.0	6873
6874	1.0	6874
6875	1.0	6875
6876	1.0	6876
6877	1.0	6877
6878	1.0	6878
6879	1.0	6879
6880	1.0	6880
6881	1.0	6881
6882	1.0	6882
6883	1.0	6883
6884	1.0	6884
6885	1.0	6885
6886	1.0	6886
6887	1.0	6887
6888	1.0	6888
6889	1.0	6889
6890	1.0	6890
6891	1.0	6891
6892	1.0	6892
6893	1.0	6893
6894	1.0	6894
6895	1.0	6895
6896	1.0	6896
6897	1.0	6897
6898	1.0	6898
6899	1.0	6899
6900	1.0	6900
6901	1.0	6901
6902	1.0	6902
6903	1.0	6903
6905	1.0	6905
6906	1.0	6906
6907	1.0	6907
6908	1.0	6908
6909	1.0	6909
6910	1.0	6910
6911	1.0	6911
6912	1.0	6912
6913	1.0	6913
6914	1.0	6914
6915	1.0	6915
6916	1.0	6916
6917	1.0	6917
6918	1.0	6918
6919	1.0	6919
6920	1.0	6920
6921	1.0	6921
6923	1.0	6923
6924	1.0	6924
6925	1.0	6925
6926	1.0	6926
6927	1.0	6927
6928	1.0	6928
6929	1.0	6929
6930	1.0	6930
6931	1.0	6931
6932	1.0	6932
6933	1.0	6933
6934	1.0	6934
6935	1.0	6935
6936	1.0	6936
6937	1.0	6937
6938	1.0	6938
6939	1.0	6939
6940	1.0	6940
6941	1.0	6941
6942	1.0	6942
6943	1.0	6943
6944	1.0	6944
6945	1.0	6945
6946	1.0	6946
6947	1.0	6947
6948	1.0	6948
6949	1.0	6949
6950	1.0	6950
6951	1.0	6951
6952	1.0	6952
6953	1.0	6953
6954	1.0	6954
6955	1.0	6955
6956	1.0	6956
6957	1.0	6957
6958	1.0	6958
6959	1.0	6959
6960	1.0	6960
6961	1.0	6961
6962	1.0	6962
6963	1.0	6963
6964	1.0	6964
6965	1.0	6965
6966	1.0	6966
6967	1.0	6967
6968	1.0	6968
6969	1.0	6969
6970	1.0	6970
6971	1.0	6971
6972	1.0	6972
6973	1.0	6973
6974	1.0	6974
6975	1.0	6975
6976	1.0	6976
6977	1.0	6977
6978	1.0	6978
6979	1.0	6979
6980	1.0	6980
6981	1.0	6981
6982	1.0	6982
6983	1.0	6983
6984	1.0	6984
6985	1.0	6985
6986	1.0	6986
6987	1.0	6987
6988	1.0	6988
6989	1.0	6989
6990	1.0	6990
6991	1.0	6991
6992	1.0	6992
6993	1.0	6993
6994	1.0	6994
6995	1.0	6995
6996	1.0	6996
6997	1.0	6997
6998	1.0	6998
6999	1.0	6999
7000	1.0	7000
7001	1.0	7001
7002	1.0	7002
7003	1.0	7003
7004	1.0	7004
7005	1.0	7005
7006	1.0	7006
7007	1.0	7007
7008	1.0	7008
7009	1.0	7009
7010	1.0	7010
7011	1.0	7011
7012	1.0	7012
7013	1.0	7013
7014	1.0	7014
7015	1.0	7015
7016	1.0	7016
7017	1.0	7017
7018	1.0	7018
7019	1.0	7019
7020	1.0	7020
7021	1.0	7021
7022	1.0	7022
7023	1.0	7023
7024	1.0	7024
7025	1.0	7025
7026	1.0	7026
7027	1.0	7027
7028	1.0	7028
7029	1.0	7029
7030	1.0	7030
7031	1.0	7031
7032	1.0	7032
7033	1.0	7033
7034	1.0	7034
7035	1.0	7035
7036	1.0	7036
7037	1.0	7037
7038	1.0	7038
7039	1.0	7039
7040	1.0	7040
7041	1.0	7041
7042	1.0	7042
7043	1.0	7043
7044	1.0	7044
7045	1.0	7045
7046	1.0	7046
7047	1.0	7047
7048	1.0	7048
7049	1.0	7049
7050	1.0	7050
7051	1.0	7051
7052	1.0	7052
7053	1.0	7053
7054	1.0	7054
7055	1.0	7055
7056	1.0	7056
7057	1.0	7057
7058	1.0	7058
7059	1.0	7059
7060	1.0	7060
7061	1.0	7061
7062	1.0	7062
7063	1.0	7063
7064	1.0	7064
7065	1.0	7065
7066	1.0	7066
7067	1.0	7067
7068	1.0	7068
7069	1.0	7069
7070	1.0	7070
7071	1.0	7071
7072	1.0	7072
7073	1.0	7073
7074	1.0	7074
7075	1.0	7075
7076	1.0	7076
7077	1.0	7077
7078	1.0	7078
7079	1.0	7079
7080	1.0	7080
7081	1.0	7081
7082	1.0	7082
7083	1.0	7083
7084	1.0	7084
7085	1.0	7085
7086	1.0	7086
7087	1.0	7087
7088	1.0	7088
7089	1.0	7089
7090	1.0	7090
7091	1.0	7091
7092	1.0	7092
7093	1.0	7093
7094	1.0	7094
7095	1.0	7095
7096	1.0	7096
7097	1.0	7097
7098	1.0	7098
7099	1.0	7099
7100	1.0	7100
7101	1.0	7101
7102	1.0	7102
7103	1.0	7103
7104	1.0	7104
7105	1.0	7105
7106	1.0	7106
7107	1.0	7107
7108	1.0	7108
7109	1.0	7109
7110	1.0	7110
7111	1.0	7111
7112	1.0	7112
7113	1.0	7113
7114	1.0	7114
7115	1.0	7115
7116	1.0	7116
7117	1.0	7117
7118	1.0	7118
7119	1.0	7119
7120	1.0	7120
7121	1.0	7121
7122	1.0	7122
7123	1.0	7123
7124	1.0	7124
7125	1.0	7125
7126	1.0	7126
7127	1.0	7127
7128	1.0	7128
7129	1.0	7129
7130	1.0	7130
7131	1.0	7131
7132	1.0	7132
7133	1.0	7133
7134	1.0	7134
7135	1.0	7135
7136	1.0	7136
7137	1.0	7137
7138	1.0	7138
7139	1.0	7139
7140	1.0	7140
7141	1.0	7141
7142	1.0	7142
7143	1.0	7143
7144	1.0	7144
7145	1.0	7145
7146	1.0	7146
7147	1.0	7147
7148	1.0	7148
7149	1.0	7149
7150	1.0	7150
7151	1.0	7151
7152	1.0	7152
7153	1.0	7153
7154	1.0	7154
7155	1.0	7155
7156	1.0	7156
7157	1.0	7157
7158	1.0	7158
7159	1.0	7159
7160	1.0	7160
7161	1.0	7161
7162	1.0	7162
7163	1.0	7163
7164	1.0	7164
7165	1.0	7165
7166	1.0	7166
7167	1.0	7167
7168	1.0	7168
7169	1.0	7169
7170	1.0	7170
7171	1.0	7171
7172	1.0	7172
7173	1.0	7173
7174	1.0	7174
7175	1.0	7175
7176	1.0	7176
7177	1.0	7177
7178	1.0	7178
7179	1.0	7179
7180	1.0	7180
7181	1.0	7181
7182	1.0	7182
7183	1.0	7183
7184	1.0	7184
7185	1.0	7185
7186	1.0	7186
7187	1.0	7187
7188	1.0	7188
7189	1.0	7189
7190	1.0	7190
7191	1.0	7191
7192	1.0	7192
7193	1.0	7193
7194	1.0	7194
7195	1.0	7195
7196	1.0	7196
7197	1.0	7197
7198	1.0	7198
7199	1.0	7199
7200	1.0	7200
7201	1.0	7201
7202	1.0	7202
7203	1.0	7203
7204	1.0	7204
7205	1.0	7205
7206	1.0	7206
7207	1.0	7207
7208	1.0	7208
7209	1.0	7209
7210	1.0	7210
7211	1.0	7211
7212	1.0	7212
7213	1.0	7213
7214	1.0	7214
7215	1.0	7215
7216	1.0	7216
7217	1.0	7217
7218	1.0	7218
7219	1.0	7219
7220	1.0	7220
7221	1.0	7221
7222	1.0	7222
7223	1.0	7223
7224	1.0	7224
7225	1.0	7225
7226	1.0	7226
7227	1.0	7227
7228	1.0	7228
7229	1.0	7229
7230	1.0	7230
7231	1.0	7231
7232	1.0	7232
7233	1.0	7233
7234	1.0	7234
7235	1.0	7235
7236	1.0	7236
7237	1.0	7237
7238	1.0	7238
7239	1.0	7239
7240	1.0	7240
7241	1.0	7241
7242	1.0	7242
7243	1.0	7243
7244	1.0	7244
7245	1.0	7245
7246	1.0	7246
7247	1.0	7247
7248	1.0	7248
7249	1.0	7249
7250	1.0	7250
7251	1.0	7251
7252	1.0	7252
7253	1.0	7253
7254	1.0	7254
7255	1.0	7255
7256	1.0	7256
7257	1.0	7257
7258	1.0	7258
7259	1.0	7259
7260	1.0	7260
7261	1.0	7261
7262	1.0	7262
7263	1.0	7263
7264	1.0	7264
7265	1.0	7265
7266	1.0	7266
7267	1.0	7267
7268	1.0	7268
7269	1.0	7269
7270	1.0	7270
7271	1.0	7271
7272	1.0	7272
7273	1.0	7273
7274	1.0	7274
7275	1.0	7275
7276	1.0	7276
7277	1.0	7277
7278	1.0	7278
7279	1.0	7279
7280	1.0	7280
7281	1.0	7281
7282	1.0	7282
7283	1.0	7283
7284	1.0	7284
7285	1.0	7285
7286	1.0	7286
7287	1.0	7287
7288	1.0	7288
7289	1.0	7289
7290	1.0	7290
7291	1.0	7291
7292	1.0	7292
7293	1.0	7293
7294	1.0	7294
7295	1.0	7295
7296	1.0	7296
7297	1.0	7297
7298	1.0	7298
7299	1.0	7299
7300	1.0	7300
7301	1.0	7301
7302	1.0	7302
7303	1.0	7303
7304	1.0	7304
7305	1.0	7305
7306	1.0	7306
7307	1.0	7307
7308	1.0	7308
7309	1.0	7309
7310	1.0	7310
7311	1.0	7311
7312	1.0	7312
7313	1.0	7313
7314	1.0	7314
7315	1.0	7315
7316	1.0	7316
7317	1.0	7317
7318	1.0	7318
7319	1.0	7319
7320	1.0	7320
7321	1.0	7321
7322	1.0	7322
7323	1.0	7323
7324	1.0	7324
7325	1.0	7325
7326	1.0	7326
7327	1.0	7327
7328	1.0	7328
7329	1.0	7329
7330	1.0	7330
7331	1.0	7331
7332	1.0	7332
7333	1.0	7333
7334	1.0	7334
7335	1.0	7335
7336	1.0	7336
7337	1.0	7337
7338	1.0	7338
7339	1.0	7339
7340	1.0	7340
7341	1.0	7341
7342	1.0	7342
7343	1.0	7343
7344	1.0	7344
7345	1.0	7345
7346	1.0	7346
7347	1.0	7347
7348	1.0	7348
7349	1.0	7349
7350	1.0	7350
7351	1.0	7351
7352	1.0	7352
7353	1.0	7353
7354	1.0	7354
7355	1.0	7355
7356	1.0	7356
7357	1.0	7357
7358	1.0	7358
7359	1.0	7359
7360	1.0	7360
7361	1.0	7361
7362	1.0	7362
7363	1.0	7363
7364	1.0	7364
7365	1.0	7365
7366	1.0	7366
7367	1.0	7367
7368	1.0	7368
7369	1.0	7369
7370	1.0	7370
7371	1.0	7371
7372	1.0	7372
7373	1.0	7373
7374	1.0	7374
7375	1.0	7375
7376	1.0	7376
7377	1.0	7377
7378	1.0	7378
7379	1.0	7379
7380	1.0	7380
7381	1.0	7381
7382	1.0	7382
7383	1.0	7383
7384	1.0	7384
7385	1.0	7385
7386	1.0	7386
7387	1.0	7387
7388	1.0	7388
7389	1.0	7389
7390	1.0	7390
7391	1.0	7391
7392	1.0	7392
7393	1.0	7393
7394	1.0	7394
7395	1.0	7395
7396	1.0	7396
7397	1.0	7397
7398	1.0	7398
7399	1.0	7399
7400	1.0	7400
7401	1.0	7401
7402	1.0	7402
7403	1.0	7403
7404	1.0	7404
7405	1.0	7405
7406	1.0	7406
7407	1.0	7407
7408	1.0	7408
7409	1.0	7409
7410	1.0	7410
7411	1.0	7411
7412	1.0	7412
7413	1.0	7413
7414	1.0	7414
7415	1.0	7415
7416	1.0	7416
7417	1.0	7417
7418	1.0	7418
7419	1.0	7419
7420	1.0	7420
7422	1.0	7422
7423	1.0	7423
7437	1.0	7437
7438	1.0	7438
7439	1.0	7439
7440	1.0	7440
7441	1.0	7441
7442	1.0	7442
7443	1.0	7443
7444	1.0	7444
7445	1.0	7445
7446	1.0	7446
7447	1.0	7447
7448	1.0	7448
7449	1.0	7449
7450	1.0	7450
7451	1.0	7451
7452	1.0	7452
7453	1.0	7453
7454	1.0	7454
7455	1.0	7455
7456	1.0	7456
7457	1.0	7457
7458	1.0	7458
7459	1.0	7459
7460	1.0	7460
7461	1.0	7461
7471	1.0	7471
7474	1.0	7474
7475	1.0	7475
7477	1.0	7477
7478	1.0	7478
7479	1.0	7479
7480	1.0	7480
7481	1.0	7481
7482	1.0	7482
7483	1.0	7483
7484	1.0	7484
7485	1.0	7485
7486	1.0	7486
7487	1.0	7487
7488	1.0	7488
7489	1.0	7489
7490	1.0	7490
7491	1.0	7491
7492	1.0	7492
7493	1.0	7493
7502	1.0	7502
7505	1.0	7505
7521	1.0	7521
7523	1.0	7523
7528	1.0	7528
7537	1.0	7537
7541	1.0	7541
7560	1.0	7560
7561	1.0	7561
7562	1.0	7562
7563	1.0	7563
7564	1.0	7564
7565	1.0	7565
7566	1.0	7566
7567	1.0	7567
7568	1.0	7568
7569	1.0	7569
7570	1.0	7570
7571	1.0	7571
7572	1.0	7572
7573	1.0	7573
7574	1.0	7574
7577	1.0	7577
7578	1.0	7578
7579	1.0	7579
7580	1.0	7580
7581	1.0	7581
7582	1.0	7582
7583	1.0	7583
7584	1.0	7584
7585	1.0	7585
7586	1.0	7586
7587	1.0	7587
7613	1.0	7613
7614	1.0	7614
7615	1.0	7615
7616	1.0	7616
7617	1.0	7617
7618	1.0	7618
7619	1.0	7619
7620	1.0	7620
7621	1.0	7621
7622	1.0	7622
7623	1.0	7623
7624	1.0	7624
7625	1.0	7625
7626	1.0	7626
7627	1.0	7627
7636	1.0	7636
7637	1.0	7637
7638	1.0	7638
7639	1.0	7639
7644	1.0	7644
7645	1.0	7645
7646	1.0	7646
7647	1.0	7647
7648	1.0	7648
7649	1.0	7649
7650	1.0	7650
7657	1.0	7657
7669	1.0	7669
7675	1.0	7675
7697	1.0	7697
7698	1.0	7698
7699	1.0	7699
7700	1.0	7700
7701	1.0	7701
7702	1.0	7702
7703	1.0	7703
7704	1.0	7704
7705	1.0	7705
7706	1.0	7706
7707	1.0	7707
7708	1.0	7708
7713	1.0	7713
7714	1.0	7714
7716	1.0	7716
7719	1.0	7719
7720	1.0	7720
7723	1.0	7723
7724	1.0	7724
7725	1.0	7725
7726	1.0	7726
7727	1.0	7727
7728	1.0	7728
7730	1.0	7730
7738	1.0	7738
7739	1.0	7739
7742	1.0	7742
7743	1.0	7743
7745	1.0	7745
7748	1.0	7748
7749	1.0	7749
7750	1.0	7750
7751	1.0	7751
7752	1.0	7752
7753	1.0	7753
7754	1.0	7754
7756	1.0	7756
7757	1.0	7757
7758	1.0	7758
7759	1.0	7759
7761	1.0	7761
7762	1.0	7762
7763	1.0	7763
7764	1.0	7764
7765	1.0	7765
7766	1.0	7766
7767	1.0	7767
7768	1.0	7768
7769	1.0	7769
7770	1.0	7770
7771	1.0	7771
7772	1.0	7772
7773	1.0	7773
7774	1.0	7774
7775	1.0	7775
7778	1.0	7778
7781	1.0	7781
7782	1.0	7782
7783	1.0	7783
7784	1.0	7784
7785	1.0	7785
7786	1.0	7786
7787	1.0	7787
7789	1.0	7789
7790	1.0	7790
7791	1.0	7791
7792	1.0	7792
7802	1.0	7802
7808	1.0	7808
7809	1.0	7809
7810	1.0	7810
7811	1.0	7811
7812	1.0	7812
7813	1.0	7813
7814	1.0	7814
7815	1.0	7815
7816	1.0	7816
7817	1.0	7817
7818	1.0	7818
7820	1.0	7820
7821	1.0	7821
7822	1.0	7822
7823	1.0	7823
7824	1.0	7824
7825	1.0	7825
7826	1.0	7826
7827	1.0	7827
7828	1.0	7828
7831	1.0	7831
7832	1.0	7832
7833	1.0	7833
7834	1.0	7834
7835	1.0	7835
7836	1.0	7836
7837	1.0	7837
7838	1.0	7838
7839	1.0	7839
7840	1.0	7840
7841	1.0	7841
7842	1.0	7842
7843	1.0	7843
7844	1.0	7844
7845	1.0	7845
7846	1.0	7846
7847	1.0	7847
7850	1.0	7850
7872	1.0	7872
7878	1.0	7878
7879	1.0	7879
7880	1.0	7880
7881	1.0	7881
7882	1.0	7882
7883	1.0	7883
7884	1.0	7884
7885	1.0	7885
7886	1.0	7886
7887	1.0	7887
7888	1.0	7888
7889	1.0	7889
7890	1.0	7890
7891	1.0	7891
7892	1.0	7892
7893	1.0	7893
7894	1.0	7894
7895	1.0	7895
7896	1.0	7896
7897	1.0	7897
7898	1.0	7898
7899	1.0	7899
7900	1.0	7900
7901	1.0	7901
7912	1.0	7912
7913	1.0	7913
7914	1.0	7914
7915	1.0	7915
7916	1.0	7916
7917	1.0	7917
7918	1.0	7918
7919	1.0	7919
7920	1.0	7920
7921	1.0	7921
7922	1.0	7922
7923	1.0	7923
7924	1.0	7924
7925	1.0	7925
7926	1.0	7926
7928	1.0	7928
7930	1.0	7930
7931	1.0	7931
7932	1.0	7932
7933	1.0	7933
7934	1.0	7934
7935	1.0	7935
7936	1.0	7936
7937	1.0	7937
7938	1.0	7938
7939	1.0	7939
7940	1.0	7940
7941	1.0	7941
7942	1.0	7942
7943	1.0	7943
7944	1.0	7944
7945	1.0	7945
7946	1.0	7946
7947	1.0	7947
7948	1.0	7948
7949	1.0	7949
7950	1.0	7950
7951	1.0	7951
7952	1.0	7952
7953	1.0	7953
7954	1.0	7954
7958	1.0	7958
7959	1.0	7959
7976	1.0	7976
7979	1.0	7979
7980	1.0	7980
7981	1.0	7981
7982	1.0	7982
7983	1.0	7983
7984	1.0	7984
7985	1.0	7985
7986	1.0	7986
7987	1.0	7987
7988	1.0	7988
7989	1.0	7989
7990	1.0	7990
7991	1.0	7991
7992	1.0	7992
7993	1.0	7993
7994	1.0	7994
7995	1.0	7995
8003	1.0	8003
8004	1.0	8004
8007	1.0	8007
8008	1.0	8008
8009	1.0	8009
8010	1.0	8010
8011	1.0	8011
8012	1.0	8012
8013	1.0	8013
8014	1.0	8014
8015	1.0	8015
8016	1.0	8016
8017	1.0	8017
8019	1.0	8019
8024	1.0	8024
8025	1.0	8025
8033	1.0	8033
8035	1.0	8035
8037	1.0	8037
8038	1.0	8038
8039	1.0	8039
8040	1.0	8040
8041	1.0	8041
8042	1.0	8042
8043	1.0	8043
8044	1.0	8044
8045	1.0	8045
8055	1.0	8055
8056	1.0	8056
8057	1.0	8057
8062	1.0	8062
8063	1.0	8063
8068	1.0	8068
8069	1.0	8069
8070	1.0	8070
8092	1.0	8092
8093	1.0	8093
8094	1.0	8094
8095	1.0	8095
8117	1.0	8117
8118	1.0	8118
8119	1.0	8119
8120	1.0	8120
8121	1.0	8121
8122	1.0	8122
8123	1.0	8123
8124	1.0	8124
8125	1.0	8125
8126	1.0	8126
8127	1.0	8127
8128	1.0	8128
8129	1.0	8129
8130	1.0	8130
8131	1.0	8131
8132	1.0	8132
8133	1.0	8133
8134	1.0	8134
8136	1.0	8136
8137	1.0	8137
8138	1.0	8138
8139	1.0	8139
8140	1.0	8140
8141	1.0	8141
8142	1.0	8142
8143	1.0	8143
8147	1.0	8147
8148	1.0	8148
8149	1.0	8149
8153	1.0	8153
8154	1.0	8154
8157	1.0	8157
8158	1.0	8158
8167	1.0	8167
8168	1.0	8168
8169	1.0	8169
8183	1.0	8183
8187	1.0	8187
8188	1.0	8188
8189	1.0	8189
8190	1.0	8190
8191	1.0	8191
8194	1.0	8194
8195	1.0	8195
8196	1.0	8196
8197	1.0	8197
8198	1.0	8198
8199	1.0	8199
8201	1.0	8201
8202	1.0	8202
8203	1.0	8203
8206	1.0	8206
8207	1.0	8207
8208	1.0	8208
8220	1.0	8220
8221	1.0	8221
8222	1.0	8222
8224	1.0	8224
8225	1.0	8225
8227	1.0	8227
8228	1.0	8228
8232	1.0	8232
8235	1.0	8235
8236	1.0	8236
8237	1.0	8237
8238	1.0	8238
8239	1.0	8239
8240	1.0	8240
8241	1.0	8241
8252	1.0	8252
8253	1.0	8253
8254	1.0	8254
8255	1.0	8255
8256	1.0	8256
8257	1.0	8257
8258	1.0	8258
8259	1.0	8259
8260	1.0	8260
8261	1.0	8261
8262	1.0	8262
8263	1.0	8263
8264	1.0	8264
8265	1.0	8265
8266	1.0	8266
8267	1.0	8267
8268	1.0	8268
8269	1.0	8269
8270	1.0	8270
8272	1.0	8272
8273	1.0	8273
8275	1.0	8275
8290	1.0	8290
8291	1.0	8291
8292	1.0	8292
8293	1.0	8293
8294	1.0	8294
8295	1.0	8295
8302	1.0	8302
8327	1.0	8327
8329	1.0	8329
8330	1.0	8330
8331	1.0	8331
8332	1.0	8332
8334	1.0	8334
8335	1.0	8335
8336	1.0	8336
8337	1.0	8337
8338	1.0	8338
8339	1.0	8339
8340	1.0	8340
8341	1.0	8341
8359	1.0	8359
8360	1.0	8360
8361	1.0	8361
8362	1.0	8362
8363	1.0	8363
8364	1.0	8364
8365	1.0	8365
8366	1.0	8366
8367	1.0	8367
8368	1.0	8368
8369	1.0	8369
8370	1.0	8370
8371	1.0	8371
8372	1.0	8372
8373	1.0	8373
8374	1.0	8374
8375	1.0	8375
8376	1.0	8376
8377	1.0	8377
8378	1.0	8378
8379	1.0	8379
8380	1.0	8380
8381	1.0	8381
8382	1.0	8382
8383	1.0	8383
8384	1.0	8384
8385	1.0	8385
8387	1.0	8387
8388	1.0	8388
8391	1.0	8391
8392	1.0	8392
8393	1.0	8393
8394	1.0	8394
8395	1.0	8395
8397	1.0	8397
8398	1.0	8398
8399	1.0	8399
8400	1.0	8400
8401	1.0	8401
8402	1.0	8402
8403	1.0	8403
8404	1.0	8404
8405	1.0	8405
8407	1.0	8407
8410	1.0	8410
8411	1.0	8411
8420	1.0	8420
8421	1.0	8421
8422	1.0	8422
8423	1.0	8423
8424	1.0	8424
8425	1.0	8425
8426	1.0	8426
8427	1.0	8427
8444	1.0	8444
8446	1.0	8446
8447	1.0	8447
8448	1.0	8448
8450	1.0	8450
8451	1.0	8451
8452	1.0	8452
8453	1.0	8453
8454	1.0	8454
8455	1.0	8455
8456	1.0	8456
8457	1.0	8457
8458	1.0	8458
8459	1.0	8459
8460	1.0	8460
8461	1.0	8461
8462	1.0	8462
8463	1.0	8463
8464	1.0	8464
8465	1.0	8465
8469	1.0	8469
8477	1.0	8477
8478	1.0	8478
8480	1.0	8480
8481	1.0	8481
8482	1.0	8482
8483	1.0	8483
8484	1.0	8484
8485	1.0	8485
8486	1.0	8486
8487	1.0	8487
8488	1.0	8488
8491	1.0	8491
8492	1.0	8492
8493	1.0	8493
8494	1.0	8494
8495	1.0	8495
8496	1.0	8496
8499	1.0	8499
8500	1.0	8500
8501	1.0	8501
8502	1.0	8502
8503	1.0	8503
8504	1.0	8504
8505	1.0	8505
8506	1.0	8506
8507	1.0	8507
8511	1.0	8511
8512	1.0	8512
8516	1.0	8516
8518	1.0	8518
8519	1.0	8519
8520	1.0	8520
8521	1.0	8521
8522	1.0	8522
8524	1.0	8524
8525	1.0	8525
8526	1.0	8526
8527	1.0	8527
8528	1.0	8528
8529	1.0	8529
8530	1.0	8530
8531	1.0	8531
8532	1.0	8532
8533	1.0	8533
8534	1.0	8534
8535	1.0	8535
8536	1.0	8536
8537	1.0	8537
8540	1.0	8540
8541	1.0	8541
8542	1.0	8542
8543	1.0	8543
8544	1.0	8544
8545	1.0	8545
8571	1.0	8571
8572	1.0	8572
8573	1.0	8573
8574	1.0	8574
8575	1.0	8575
8576	1.0	8576
8577	1.0	8577
8578	1.0	8578
8579	1.0	8579
8580	1.0	8580
8581	1.0	8581
8582	1.0	8582
8583	1.0	8583
8584	1.0	8584
8585	1.0	8585
8586	1.0	8586
8587	1.0	8587
8588	1.0	8588
8589	1.0	8589
8591	1.0	8591
8592	1.0	8592
8593	1.0	8593
8594	1.0	8594
8595	1.0	8595
8596	1.0	8596
8597	1.0	8597
8598	1.0	8598
8599	1.0	8599
8600	1.0	8600
8601	1.0	8601
8602	1.0	8602
8603	1.0	8603
8604	1.0	8604
8605	1.0	8605
8606	1.0	8606
8607	1.0	8607
8608	1.0	8608
8609	1.0	8609
8610	1.0	8610
8611	1.0	8611
8612	1.0	8612
8613	1.0	8613
8614	1.0	8614
8615	1.0	8615
8616	1.0	8616
8617	1.0	8617
8618	1.0	8618
8619	1.0	8619
8620	1.0	8620
8621	1.0	8621
8622	1.0	8622
8623	1.0	8623
8624	1.0	8624
8625	1.0	8625
8626	1.0	8626
8627	1.0	8627
8628	1.0	8628
8629	1.0	8629
8630	1.0	8630
8631	1.0	8631
8632	1.0	8632
8633	1.0	8633
8634	1.0	8634
8635	1.0	8635
8636	1.0	8636
8637	1.0	8637
8638	1.0	8638
8639	1.0	8639
8640	1.0	8640
8641	1.0	8641
8642	1.0	8642
8643	1.0	8643
8644	1.0	8644
8645	1.0	8645
8646	1.0	8646
8647	1.0	8647
8648	1.0	8648
8649	1.0	8649
8650	1.0	8650
8651	1.0	8651
8652	1.0	8652
8653	1.0	8653
8654	1.0	8654
8655	1.0	8655
8656	1.0	8656
8657	1.0	8657
8658	1.0	8658
8659	1.0	8659
8660	1.0	8660
8661	1.0	8661
8662	1.0	8662
8663	1.0	8663
8664	1.0	8664
8665	1.0	8665
8666	1.0	8666
8667	1.0	8667
8668	1.0	8668
8669	1.0	8669
8670	1.0	8670
8671	1.0	8671
8672	1.0	8672
8673	1.0	8673
8674	1.0	8674
8675	1.0	8675
8676	1.0	8676
8677	1.0	8677
8678	1.0	8678
8679	1.0	8679
8680	1.0	8680
8681	1.0	8681
8682	1.0	8682
8683	1.0	8683
8684	1.0	8684
8685	1.0	8685
8686	1.0	8686
8687	1.0	8687
8688	1.0	8688
8689	1.0	8689
8690	1.0	8690
8691	1.0	8691
8692	1.0	8692
8693	1.0	8693
8694	1.0	8694
8695	1.0	8695
8696	1.0	8696
8697	1.0	8697
8698	1.0	8698
8699	1.0	8699
8700	1.0	8700
8701	1.0	8701
8702	1.0	8702
8703	1.0	8703
8704	1.0	8704
8705	1.0	8705
8706	1.0	8706
8707	1.0	8707
8708	1.0	8708
8709	1.0	8709
8710	1.0	8710
8711	1.0	8711
8712	1.0	8712
8713	1.0	8713
8714	1.0	8714
8715	1.0	8715
8716	1.0	8716
8717	1.0	8717
8718	1.0	8718
8719	1.0	8719
8720	1.0	8720
8721	1.0	8721
8722	1.0	8722
8723	1.0	8723
8724	1.0	8724
8725	1.0	8725
8726	1.0	8726
8727	1.0	8727
8728	1.0	8728
8729	1.0	8729
8730	1.0	8730
8731	1.0	8731
8732	1.0	8732
8733	1.0	8733
8734	1.0	8734
8735	1.0	8735
8736	1.0	8736
8737	1.0	8737
8738	1.0	8738
8739	1.0	8739
8740	1.0	8740
8741	1.0	8741
8742	1.0	8742
8743	1.0	8743
8744	1.0	8744
8745	1.0	8745
8746	1.0	8746
8747	1.0	8747
8748	1.0	8748
8749	1.0	8749
8750	1.0	8750
8751	1.0	8751
8752	1.0	8752
8753	1.0	8753
8754	1.0	8754
8755	1.0	8755
8756	1.0	8756
8757	1.0	8757
8758	1.0	8758
8759	1.0	8759
8760	1.0	8760
8761	1.0	8761
8762	1.0	8762
8763	1.0	8763
8764	1.0	8764
8765	1.0	8765
8766	1.0	8766
8767	1.0	8767
8768	1.0	8768
8769	1.0	8769
8770	1.0	8770
8771	1.0	8771
8772	1.0	8772
8773	1.0	8773
8774	1.0	8774
8775	1.0	8775
8776	1.0	8776
8777	1.0	8777
8778	1.0	8778
8779	1.0	8779
8780	1.0	8780
8781	1.0	8781
8782	1.0	8782
8783	1.0	8783
8784	1.0	8784
8785	1.0	8785
8786	1.0	8786
8787	1.0	8787
8788	1.0	8788
8789	1.0	8789
8790	1.0	8790
8791	1.0	8791
8792	1.0	8792
8793	1.0	8793
8794	1.0	8794
8795	1.0	8795
8796	1.0	8796
8797	1.0	8797
8798	1.0	8798
8799	1.0	8799
8800	1.0	8800
8801	1.0	8801
8802	1.0	8802
8803	1.0	8803
8804	1.0	8804
8805	1.0	8805
8806	1.0	8806
8807	1.0	8807
8808	1.0	8808
8809	1.0	8809
8810	1.0	8810
8811	1.0	8811
8812	1.0	8812
8813	1.0	8813
8814	1.0	8814
8815	1.0	8815
8816	1.0	8816
8817	1.0	8817
8818	1.0	8818
8819	1.0	8819
8820	1.0	8820
8821	1.0	8821
8822	1.0	8822
8823	1.0	8823
8824	1.0	8824
8825	1.0	8825
8826	1.0	8826
8827	1.0	8827
8828	1.0	8828
8829	1.0	8829
8830	1.0	8830
8831	1.0	8831
8832	1.0	8832
8833	1.0	8833
8834	1.0	8834
8835	1.0	8835
8836	1.0	8836
8837	1.0	8837
8838	1.0	8838
8839	1.0	8839
8840	1.0	8840
8841	1.0	8841
8842	1.0	8842
8843	1.0	8843
8844	1.0	8844
8845	1.0	8845
8846	1.0	8846
8847	1.0	8847
8848	1.0	8848
8849	1.0	8849
8850	1.0	8850
8851	1.0	8851
8852	1.0	8852
8853	1.0	8853
8854	1.0	8854
8855	1.0	8855
8856	1.0	8856
8857	1.0	8857
8858	1.0	8858
8859	1.0	8859
8860	1.0	8860
8861	1.0	8861
8862	1.0	8862
8863	1.0	8863
8864	1.0	8864
8865	1.0	8865
8866	1.0	8866
8867	1.0	8867
8868	1.0	8868
8869	1.0	8869
8870	1.0	8870
8871	1.0	8871
8872	1.0	8872
8873	1.0	8873
8874	1.0	8874
8875	1.0	8875
8876	1.0	8876
8877	1.0	8877
8878	1.0	8878
8879	1.0	8879
8880	1.0	8880
8881	1.0	8881
8882	1.0	8882
8883	1.0	8883
8884	1.0	8884
8885	1.0	8885
8886	1.0	8886
8887	1.0	8887
8888	1.0	8888
8889	1.0	8889
8890	1.0	8890
8891	1.0	8891
8892	1.0	8892
8893	1.0	8893
8894	1.0	8894
8895	1.0	8895
8896	1.0	8896
8897	1.0	8897
8898	1.0	8898
8899	1.0	8899
8900	1.0	8900
8901	1.0	8901
8902	1.0	8902
8903	1.0	8903
8904	1.0	8904
8905	1.0	8905
8906	1.0	8906
8907	1.0	8907
8908	1.0	8908
8909	1.0	8909
8910	1.0	8910
8911	1.0	8911
8912	1.0	8912
8913	1.0	8913
8914	1.0	8914
8915	1.0	8915
8916	1.0	8916
8917	1.0	8917
8918	1.0	8918
8919	1.0	8919
8920	1.0	8920
8921	1.0	8921
8922	1.0	8922
8923	1.0	8923
8924	1.0	8924
8925	1.0	8925
8926	1.0	8926
8927	1.0	8927
8928	1.0	8928
8929	1.0	8929
8930	1.0	8930
8931	1.0	8931
8932	1.0	8932
8933	1.0	8933
8934	1.0	8934
8935	1.0	8935
8936	1.0	8936
8937	1.0	8937
8938	1.0	8938
8939	1.0	8939
8940	1.0	8940
8941	1.0	8941
8942	1.0	8942
8943	1.0	8943
8944	1.0	8944
8945	1.0	8945
8946	1.0	8946
8947	1.0	8947
8948	1.0	8948
8949	1.0	8949
8950	1.0	8950
8951	1.0	8951
8952	1.0	8952
8953	1.0	8953
8954	1.0	8954
8955	1.0	8955
8956	1.0	8956
8957	1.0	8957
8958	1.0	8958
8959	1.0	8959
8960	1.0	8960
8961	1.0	8961
8962	1.0	8962
8963	1.0	8963
8964	1.0	8964
8965	1.0	8965
8966	1.0	8966
8967	1.0	8967
8968	1.0	8968
8969	1.0	8969
8970	1.0	8970
8971	1.0	8971
8972	1.0	8972
8973	1.0	8973
8974	1.0	8974
8975	1.0	8975
8976	1.0	8976
8977	1.0	8977
8978	1.0	8978
8979	1.0	8979
8980	1.0	8980
8981	1.0	8981
8982	1.0	8982
8983	1.0	8983
8984	1.0	8984
8985	1.0	8985
8986	1.0	8986
8987	1.0	8987
8988	1.0	8988
8989	1.0	8989
8990	1.0	8990
8991	1.0	8991
8992	1.0	8992
8993	1.0	8993
8994	1.0	8994
8995	1.0	8995
8996	1.0	8996
8997	1.0	8997
8998	1.0	8998
8999	1.0	8999
9000	1.0	9000
9001	1.0	9001
9002	1.0	9002
9003	1.0	9003
9004	1.0	9004
9005	1.0	9005
9006	1.0	9006
9007	1.0	9007
9008	1.0	9008
9009	1.0	9009
9010	1.0	9010
9011	1.0	9011
9012	1.0	9012
9013	1.0	9013
9014	1.0	9014
9015	1.0	9015
9016	1.0	9016
9017	1.0	9017
9018	1.0	9018
9019	1.0	9019
25735	1.0	25735
25736	1.0	25736
25737	1.0	25737
25738	1.0	25738
25739	1.0	25739
25741	1.0	25741
25742	1.0	25742
25743	1.0	25743
25744	1.0	25744
25745	1.0	25745
25746	1.0	25746
25747	1.0	25747
25748	1.0	25748
25749	1.0	25749
25750	1.0	25750
25751	1.0	25751
25752	1.0	25752
25753	1.0	25753
25755	1.0	25755
25757	1.0	25757
25759	1.0	25759
25760	1.0	25760
25762	1.0	25762
25763	1.0	25763
25764	1.0	25764
25765	1.0	25765
25766	1.0	25766
25767	1.0	25767
25768	1.0	25768
25769	1.0	25769
25770	1.0	25770
25771	1.0	25771
25773	1.0	25773
25774	1.0	25774
25775	1.0	25775
25777	1.0	25777
25778	1.0	25778
25782	1.0	25782
25783	1.0	25783
25785	1.0	25785
25786	1.0	25786
25787	1.0	25787
25788	1.0	25788
25789	1.0	25789
25792	1.0	25792
25793	1.0	25793
25794	1.0	25794
25795	1.0	25795
25796	1.0	25796
25797	1.0	25797
25798	1.0	25798
25800	1.0	25800
25801	1.0	25801
25802	1.0	25802
25803	1.0	25803
25804	1.0	25804
25805	1.0	25805
25806	1.0	25806
25807	1.0	25807
25808	1.0	25808
25809	1.0	25809
25810	1.0	25810
25811	1.0	25811
25812	1.0	25812
25814	1.0	25814
25816	1.0	25816
25818	1.0	25818
25819	1.0	25819
25820	1.0	25820
25822	1.0	25822
25824	1.0	25824
25825	1.0	25825
25826	1.0	25826
25827	1.0	25827
25828	1.0	25828
25829	1.0	25829
25830	1.0	25830
25831	1.0	25831
25832	1.0	25832
25833	1.0	25833
25834	1.0	25834
25835	1.0	25835
25837	1.0	25837
25839	1.0	25839
25840	1.0	25840
25841	1.0	25841
25842	1.0	25842
25843	1.0	25843
25846	1.0	25846
25850	1.0	25850
25851	1.0	25851
25852	1.0	25852
25854	1.0	25854
25855	1.0	25855
25856	1.0	25856
25858	1.0	25858
25859	1.0	25859
25860	1.0	25860
25861	1.0	25861
25864	1.0	25864
25865	1.0	25865
25866	1.0	25866
25868	1.0	25868
25869	1.0	25869
25870	1.0	25870
25871	1.0	25871
25872	1.0	25872
25874	1.0	25874
25875	1.0	25875
25878	1.0	25878
25879	1.0	25879
25881	1.0	25881
25882	1.0	25882
25884	1.0	25884
25885	1.0	25885
25886	1.0	25886
25887	1.0	25887
25888	1.0	25888
25890	1.0	25890
25891	1.0	25891
25892	1.0	25892
25893	1.0	25893
25894	1.0	25894
25897	1.0	25897
25898	1.0	25898
25899	1.0	25899
25900	1.0	25900
25901	1.0	25901
25902	1.0	25902
25903	1.0	25903
25904	1.0	25904
25905	1.0	25905
25906	1.0	25906
25907	1.0	25907
25908	1.0	25908
25910	1.0	25910
25911	1.0	25911
25912	1.0	25912
25913	1.0	25913
25914	1.0	25914
25915	1.0	25915
25916	1.0	25916
25918	1.0	25918
25919	1.0	25919
25920	1.0	25920
25921	1.0	25921
25922	1.0	25922
25923	1.0	25923
25924	1.0	25924
25926	1.0	25926
25927	1.0	25927
25928	1.0	25928
25929	1.0	25929
25930	1.0	25930
25931	1.0	25931
25932	1.0	25932
25934	1.0	25934
25935	1.0	25935
25936	1.0	25936
25937	1.0	25937
25938	1.0	25938
25940	1.0	25940
25941	1.0	25941
25942	1.0	25942
25943	1.0	25943
25944	1.0	25944
25945	1.0	25945
25946	1.0	25946
25947	1.0	25947
25948	1.0	25948
25950	1.0	25950
25951	1.0	25951
25952	1.0	25952
25954	1.0	25954
25956	1.0	25956
25957	1.0	25957
25959	1.0	25959
25960	1.0	25960
25961	1.0	25961
25962	1.0	25962
25963	1.0	25963
25964	1.0	25964
25965	1.0	25965
25966	1.0	25966
25970	1.0	25970
25971	1.0	25971
25972	1.0	25972
25974	1.0	25974
25975	1.0	25975
25976	1.0	25976
25977	1.0	25977
25979	1.0	25979
25980	1.0	25980
25984	1.0	25984
25986	1.0	25986
25987	1.0	25987
25989	1.0	25989
25990	1.0	25990
25991	1.0	25991
25993	1.0	25993
25994	1.0	25994
25995	1.0	25995
25996	1.0	25996
25998	1.0	25998
25999	1.0	25999
26000	1.0	26000
26001	1.0	26001
26002	1.0	26002
26003	1.0	26003
26005	1.0	26005
26006	1.0	26006
26007	1.0	26007
26008	1.0	26008
26009	1.0	26009
26010	1.0	26010
26012	1.0	26012
26013	1.0	26013
26016	1.0	26016
26018	1.0	26018
26019	1.0	26019
26021	1.0	26021
26022	1.0	26022
26025	1.0	26025
26026	1.0	26026
26027	1.0	26027
26028	1.0	26028
26030	1.0	26030
26033	1.0	26033
26034	1.0	26034
26035	1.0	26035
26038	1.0	26038
26042	1.0	26042
26043	1.0	26043
26044	1.0	26044
26046	1.0	26046
26047	1.0	26047
26048	1.0	26048
26049	1.0	26049
26050	1.0	26050
26051	1.0	26051
26052	1.0	26052
26055	1.0	26055
26056	1.0	26056
26058	1.0	26058
26059	1.0	26059
26062	1.0	26062
26063	1.0	26063
26064	1.0	26064
26066	1.0	26066
26067	1.0	26067
26068	1.0	26068
26070	1.0	26070
26072	1.0	26072
26073	1.0	26073
26074	1.0	26074
26076	1.0	26076
26078	1.0	26078
26079	1.0	26079
26080	1.0	26080
26082	1.0	26082
26083	1.0	26083
26084	1.0	26084
26085	1.0	26085
26086	1.0	26086
26088	1.0	26088
26090	1.0	26090
26093	1.0	26093
26094	1.0	26094
26095	1.0	26095
26096	1.0	26096
26098	1.0	26098
26099	1.0	26099
26100	1.0	26100
26101	1.0	26101
26104	1.0	26104
26106	1.0	26106
26107	1.0	26107
26108	1.0	26108
26109	1.0	26109
26110	1.0	26110
26111	1.0	26111
26112	1.0	26112
26113	1.0	26113
26116	1.0	26116
26117	1.0	26117
26119	1.0	26119
26122	1.0	26122
26123	1.0	26123
26124	1.0	26124
26125	1.0	26125
26127	1.0	26127
26128	1.0	26128
26130	1.0	26130
26131	1.0	26131
26133	1.0	26133
26134	1.0	26134
26136	1.0	26136
26137	1.0	26137
26138	1.0	26138
26139	1.0	26139
26140	1.0	26140
26141	1.0	26141
26142	1.0	26142
26144	1.0	26144
26146	1.0	26146
26147	1.0	26147
26148	1.0	26148
26150	1.0	26150
26151	1.0	26151
26152	1.0	26152
26153	1.0	26153
26155	1.0	26155
26156	1.0	26156
26157	1.0	26157
26158	1.0	26158
26159	1.0	26159
26160	1.0	26160
26162	1.0	26162
26163	1.0	26163
26164	1.0	26164
26167	1.0	26167
26169	1.0	26169
26170	1.0	26170
26171	1.0	26171
26172	1.0	26172
26174	1.0	26174
26175	1.0	26175
26176	1.0	26176
26177	1.0	26177
26178	1.0	26178
26180	1.0	26180
26181	1.0	26181
26183	1.0	26183
26184	1.0	26184
26185	1.0	26185
26187	1.0	26187
26188	1.0	26188
26189	1.0	26189
26191	1.0	26191
26194	1.0	26194
26195	1.0	26195
26197	1.0	26197
26198	1.0	26198
26199	1.0	26199
26203	1.0	26203
26204	1.0	26204
26205	1.0	26205
26206	1.0	26206
26207	1.0	26207
26208	1.0	26208
26209	1.0	26209
26210	1.0	26210
26211	1.0	26211
26213	1.0	26213
26214	1.0	26214
26215	1.0	26215
26216	1.0	26216
26219	1.0	26219
26220	1.0	26220
26221	1.0	26221
26222	1.0	26222
26223	1.0	26223
26225	1.0	26225
26226	1.0	26226
26227	1.0	26227
26228	1.0	26228
26229	1.0	26229
26230	1.0	26230
26231	1.0	26231
26232	1.0	26232
26235	1.0	26235
26236	1.0	26236
26237	1.0	26237
26240	1.0	26240
26241	1.0	26241
26242	1.0	26242
26243	1.0	26243
26245	1.0	26245
26246	1.0	26246
26247	1.0	26247
26248	1.0	26248
26249	1.0	26249
26251	1.0	26251
26252	1.0	26252
26253	1.0	26253
26254	1.0	26254
26255	1.0	26255
26256	1.0	26256
26257	1.0	26257
26258	1.0	26258
26259	1.0	26259
26263	1.0	26263
26265	1.0	26265
26266	1.0	26266
26267	1.0	26267
26268	1.0	26268
26269	1.0	26269
26270	1.0	26270
26271	1.0	26271
26274	1.0	26274
26277	1.0	26277
26280	1.0	26280
26282	1.0	26282
26283	1.0	26283
26285	1.0	26285
26287	1.0	26287
26288	1.0	26288
26289	1.0	26289
26290	1.0	26290
26291	1.0	26291
26294	1.0	26294
26295	1.0	26295
26297	1.0	26297
26299	1.0	26299
26301	1.0	26301
26302	1.0	26302
26303	1.0	26303
26304	1.0	26304
26306	1.0	26306
26307	1.0	26307
26308	1.0	26308
26309	1.0	26309
26312	1.0	26312
26313	1.0	26313
26314	1.0	26314
26315	1.0	26315
26316	1.0	26316
26317	1.0	26317
26318	1.0	26318
26320	1.0	26320
26321	1.0	26321
26322	1.0	26322
26323	1.0	26323
26324	1.0	26324
26325	1.0	26325
26326	1.0	26326
26327	1.0	26327
26333	1.0	26333
26334	1.0	26334
26336	1.0	26336
26337	1.0	26337
26338	1.0	26338
26339	1.0	26339
26340	1.0	26340
26341	1.0	26341
26342	1.0	26342
26343	1.0	26343
26344	1.0	26344
26345	1.0	26345
26346	1.0	26346
26347	1.0	26347
26349	1.0	26349
26350	1.0	26350
26353	1.0	26353
26354	1.0	26354
26356	1.0	26356
26357	1.0	26357
26359	1.0	26359
26360	1.0	26360
26362	1.0	26362
26364	1.0	26364
26365	1.0	26365
26366	1.0	26366
26368	1.0	26368
26369	1.0	26369
26370	1.0	26370
26371	1.0	26371
26372	1.0	26372
26375	1.0	26375
26377	1.0	26377
26378	1.0	26378
26379	1.0	26379
26380	1.0	26380
26383	1.0	26383
26386	1.0	26386
26387	1.0	26387
26388	1.0	26388
26389	1.0	26389
26391	1.0	26391
26392	1.0	26392
26393	1.0	26393
26394	1.0	26394
26395	1.0	26395
26397	1.0	26397
26398	1.0	26398
26399	1.0	26399
26400	1.0	26400
26401	1.0	26401
26402	1.0	26402
26403	1.0	26403
26404	1.0	26404
26409	1.0	26409
26410	1.0	26410
26411	1.0	26411
26413	1.0	26413
26414	1.0	26414
26416	1.0	26416
26417	1.0	26417
26418	1.0	26418
26422	1.0	26422
26424	1.0	26424
26425	1.0	26425
26429	1.0	26429
26430	1.0	26430
26431	1.0	26431
26432	1.0	26432
26433	1.0	26433
26435	1.0	26435
26436	1.0	26436
26438	1.0	26438
26444	1.0	26444
26446	1.0	26446
26448	1.0	26448
26450	1.0	26450
26452	1.0	26452
26453	1.0	26453
26459	1.0	26459
26462	1.0	26462
26463	1.0	26463
26464	1.0	26464
26465	1.0	26465
26467	1.0	26467
26468	1.0	26468
26470	1.0	26470
26471	1.0	26471
26472	1.0	26472
26475	1.0	26475
26476	1.0	26476
26479	1.0	26479
26480	1.0	26480
26481	1.0	26481
26483	1.0	26483
26484	1.0	26484
26485	1.0	26485
26486	1.0	26486
26487	1.0	26487
26488	1.0	26488
26489	1.0	26489
26490	1.0	26490
26491	1.0	26491
26492	1.0	26492
26493	1.0	26493
26494	1.0	26494
26495	1.0	26495
26496	1.0	26496
26497	1.0	26497
26498	1.0	26498
26501	1.0	26501
26502	1.0	26502
26504	1.0	26504
26505	1.0	26505
26507	1.0	26507
26509	1.0	26509
26510	1.0	26510
26512	1.0	26512
26513	1.0	26513
26514	1.0	26514
26515	1.0	26515
26519	1.0	26519
26520	1.0	26520
26521	1.0	26521
26523	1.0	26523
26524	1.0	26524
26526	1.0	26526
26527	1.0	26527
26528	1.0	26528
26529	1.0	26529
26530	1.0	26530
26532	1.0	26532
26536	1.0	26536
26538	1.0	26538
26539	1.0	26539
26540	1.0	26540
26542	1.0	26542
26544	1.0	26544
26546	1.0	26546
26547	1.0	26547
26550	1.0	26550
26551	1.0	26551
26553	1.0	26553
26554	1.0	26554
26555	1.0	26555
26558	1.0	26558
26559	1.0	26559
26560	1.0	26560
26561	1.0	26561
26562	1.0	26562
26564	1.0	26564
26565	1.0	26565
26566	1.0	26566
26567	1.0	26567
26569	1.0	26569
26571	1.0	26571
26574	1.0	26574
26577	1.0	26577
26578	1.0	26578
26580	1.0	26580
26581	1.0	26581
26582	1.0	26582
26585	1.0	26585
26587	1.0	26587
26589	1.0	26589
26590	1.0	26590
26593	1.0	26593
26596	1.0	26596
26597	1.0	26597
26599	1.0	26599
26600	1.0	26600
26602	1.0	26602
26603	1.0	26603
26606	1.0	26606
26608	1.0	26608
26610	1.0	26610
26611	1.0	26611
26612	1.0	26612
26613	1.0	26613
26614	1.0	26614
26615	1.0	26615
26616	1.0	26616
26617	1.0	26617
26622	1.0	26622
26628	1.0	26628
26629	1.0	26629
26630	1.0	26630
26631	1.0	26631
26634	1.0	26634
26638	1.0	26638
26643	1.0	26643
26644	1.0	26644
26645	1.0	26645
26647	1.0	26647
26649	1.0	26649
26655	1.0	26655
26662	1.0	26662
26663	1.0	26663
26664	1.0	26664
26670	1.0	26670
26672	1.0	26672
26674	1.0	26674
26675	1.0	26675
26676	1.0	26676
26677	1.0	26677
26680	1.0	26680
26681	1.0	26681
26682	1.0	26682
26684	1.0	26684
26685	1.0	26685
26686	1.0	26686
26688	1.0	26688
26689	1.0	26689
26690	1.0	26690
26691	1.0	26691
26693	1.0	26693
26694	1.0	26694
26695	1.0	26695
26696	1.0	26696
26698	1.0	26698
26699	1.0	26699
26700	1.0	26700
26701	1.0	26701
26702	1.0	26702
26703	1.0	26703
26704	1.0	26704
26707	1.0	26707
26708	1.0	26708
26710	1.0	26710
26712	1.0	26712
26713	1.0	26713
26714	1.0	26714
26717	1.0	26717
26718	1.0	26718
26719	1.0	26719
26720	1.0	26720
26723	1.0	26723
26724	1.0	26724
26726	1.0	26726
26728	1.0	26728
26729	1.0	26729
26730	1.0	26730
26731	1.0	26731
26732	1.0	26732
26734	1.0	26734
26736	1.0	26736
26737	1.0	26737
26738	1.0	26738
26741	1.0	26741
26743	1.0	26743
26744	1.0	26744
26745	1.0	26745
26746	1.0	26746
26749	1.0	26749
26750	1.0	26750
26751	1.0	26751
26752	1.0	26752
26754	1.0	26754
26755	1.0	26755
26756	1.0	26756
26757	1.0	26757
26758	1.0	26758
26759	1.0	26759
26760	1.0	26760
26761	1.0	26761
26762	1.0	26762
26763	1.0	26763
26764	1.0	26764
26765	1.0	26765
26766	1.0	26766
26767	1.0	26767
26769	1.0	26769
26770	1.0	26770
26774	1.0	26774
26775	1.0	26775
26776	1.0	26776
26777	1.0	26777
26778	1.0	26778
26782	1.0	26782
26784	1.0	26784
26788	1.0	26788
26791	1.0	26791
26792	1.0	26792
26793	1.0	26793
26796	1.0	26796
26797	1.0	26797
26801	1.0	26801
26802	1.0	26802
26803	1.0	26803
26804	1.0	26804
26806	1.0	26806
26809	1.0	26809
26810	1.0	26810
26811	1.0	26811
26812	1.0	26812
26813	1.0	26813
26814	1.0	26814
26815	1.0	26815
26818	1.0	26818
26819	1.0	26819
26822	1.0	26822
26825	1.0	26825
26826	1.0	26826
26827	1.0	26827
26828	1.0	26828
26831	1.0	26831
26834	1.0	26834
26835	1.0	26835
26838	1.0	26838
26840	1.0	26840
26841	1.0	26841
26842	1.0	26842
26843	1.0	26843
26849	1.0	26849
26850	1.0	26850
26851	1.0	26851
26853	1.0	26853
26854	1.0	26854
26856	1.0	26856
26858	1.0	26858
26860	1.0	26860
26861	1.0	26861
26863	1.0	26863
26865	1.0	26865
26868	1.0	26868
26869	1.0	26869
26870	1.0	26870
26871	1.0	26871
26873	1.0	26873
26874	1.0	26874
26875	1.0	26875
26880	1.0	26880
26886	1.0	26886
26887	1.0	26887
26889	1.0	26889
26898	1.0	26898
26900	1.0	26900
26901	1.0	26901
26903	1.0	26903
26908	1.0	26908
26911	1.0	26911
26913	1.0	26913
26914	1.0	26914
26915	1.0	26915
26925	1.0	26925
26928	1.0	26928
26933	1.0	26933
26934	1.0	26934
26937	1.0	26937
26938	1.0	26938
26939	1.0	26939
26940	1.0	26940
26941	1.0	26941
26944	1.0	26944
26945	1.0	26945
26946	1.0	26946
26947	1.0	26947
26948	1.0	26948
26949	1.0	26949
26950	1.0	26950
26954	1.0	26954
26958	1.0	26958
26962	1.0	26962
26964	1.0	26964
26965	1.0	26965
26966	1.0	26966
26968	1.0	26968
26969	1.0	26969
26970	1.0	26970
26973	1.0	26973
26974	1.0	26974
26975	1.0	26975
26976	1.0	26976
26978	1.0	26978
26980	1.0	26980
26981	1.0	26981
26982	1.0	26982
26985	1.0	26985
26989	1.0	26989
26990	1.0	26990
26991	1.0	26991
26992	1.0	26992
26994	1.0	26994
26996	1.0	26996
26998	1.0	26998
26999	1.0	26999
27001	1.0	27001
27002	1.0	27002
27003	1.0	27003
27004	1.0	27004
27005	1.0	27005
27006	1.0	27006
27008	1.0	27008
27009	1.0	27009
27015	1.0	27015
27016	1.0	27016
27018	1.0	27018
27020	1.0	27020
27022	1.0	27022
27027	1.0	27027
27031	1.0	27031
27032	1.0	27032
27033	1.0	27033
27036	1.0	27036
27040	1.0	27040
27044	1.0	27044
27046	1.0	27046
27049	1.0	27049
27050	1.0	27050
27064	1.0	27064
27067	1.0	27067
27070	1.0	27070
27073	1.0	27073
27074	1.0	27074
27075	1.0	27075
27077	1.0	27077
27078	1.0	27078
27081	1.0	27081
27087	1.0	27087
27092	1.0	27092
27093	1.0	27093
27094	1.0	27094
27095	1.0	27095
27096	1.0	27096
27103	1.0	27103
27105	1.0	27105
27108	1.0	27108
27109	1.0	27109
27112	1.0	27112
27114	1.0	27114
27124	1.0	27124
27131	1.0	27131
27132	1.0	27132
27134	1.0	27134
27135	1.0	27135
27136	1.0	27136
27140	1.0	27140
27147	1.0	27147
27152	1.0	27152
27155	1.0	27155
27156	1.0	27156
27158	1.0	27158
27162	1.0	27162
27163	1.0	27163
27164	1.0	27164
27166	1.0	27166
27170	1.0	27170
27171	1.0	27171
27172	1.0	27172
27176	1.0	27176
27178	1.0	27178
27180	1.0	27180
27186	1.0	27186
27189	1.0	27189
27192	1.0	27192
27193	1.0	27193
27197	1.0	27197
27198	1.0	27198
27204	1.0	27204
27205	1.0	27205
27212	1.0	27212
27213	1.0	27213
27215	1.0	27215
27216	1.0	27216
27217	1.0	27217
27220	1.0	27220
27221	1.0	27221
27223	1.0	27223
27232	1.0	27232
27234	1.0	27234
27235	1.0	27235
27236	1.0	27236
27238	1.0	27238
27239	1.0	27239
27246	1.0	27246
27249	1.0	27249
27251	1.0	27251
27253	1.0	27253
27255	1.0	27255
27261	1.0	27261
27263	1.0	27263
27266	1.0	27266
27268	1.0	27268
27271	1.0	27271
27273	1.0	27273
27274	1.0	27274
27276	1.0	27276
27277	1.0	27277
27291	1.0	27291
27292	1.0	27292
27293	1.0	27293
27297	1.0	27297
27298	1.0	27298
27302	1.0	27302
27304	1.0	27304
27305	1.0	27305
27306	1.0	27306
27307	1.0	27307
27309	1.0	27309
27310	1.0	27310
27311	1.0	27311
27313	1.0	27313
27315	1.0	27315
27316	1.0	27316
27317	1.0	27317
27320	1.0	27320
27321	1.0	27321
27322	1.0	27322
27326	1.0	27326
27327	1.0	27327
27328	1.0	27328
27329	1.0	27329
27332	1.0	27332
27334	1.0	27334
27338	1.0	27338
27340	1.0	27340
27343	1.0	27343
27344	1.0	27344
27345	1.0	27345
27347	1.0	27347
27348	1.0	27348
27350	1.0	27350
27351	1.0	27351
27356	1.0	27356
27357	1.0	27357
27359	1.0	27359
27360	1.0	27360
27362	1.0	27362
27365	1.0	27365
27366	1.0	27366
27368	1.0	27368
27369	1.0	27369
27370	1.0	27370
27372	1.0	27372
27373	1.0	27373
27376	1.0	27376
27378	1.0	27378
27382	1.0	27382
27391	1.0	27391
27392	1.0	27392
27395	1.0	27395
27396	1.0	27396
27397	1.0	27397
27402	1.0	27402
27408	1.0	27408
27410	1.0	27410
27411	1.0	27411
27416	1.0	27416
27420	1.0	27420
27423	1.0	27423
27426	1.0	27426
27431	1.0	27431
27432	1.0	27432
27434	1.0	27434
27436	1.0	27436
27441	1.0	27441
27444	1.0	27444
27445	1.0	27445
27447	1.0	27447
27449	1.0	27449
27450	1.0	27450
27451	1.0	27451
27454	1.0	27454
27455	1.0	27455
27456	1.0	27456
27457	1.0	27457
27458	1.0	27458
27459	1.0	27459
27461	1.0	27461
27467	1.0	27467
27468	1.0	27468
27469	1.0	27469
27472	1.0	27472
27473	1.0	27473
27474	1.0	27474
27475	1.0	27475
27477	1.0	27477
27478	1.0	27478
27479	1.0	27479
27480	1.0	27480
27482	1.0	27482
27484	1.0	27484
27485	1.0	27485
27488	1.0	27488
27491	1.0	27491
27496	1.0	27496
27497	1.0	27497
27506	1.0	27506
27509	1.0	27509
27511	1.0	27511
27513	1.0	27513
27515	1.0	27515
27518	1.0	27518
27523	1.0	27523
27524	1.0	27524
27525	1.0	27525
27526	1.0	27526
27528	1.0	27528
27530	1.0	27530
27537	1.0	27537
27539	1.0	27539
27544	1.0	27544
27548	1.0	27548
27549	1.0	27549
27550	1.0	27550
27555	1.0	27555
27563	1.0	27563
27564	1.0	27564
27571	1.0	27571
27573	1.0	27573
27576	1.0	27576
27584	1.0	27584
27587	1.0	27587
27592	1.0	27592
27595	1.0	27595
27598	1.0	27598
27602	1.0	27602
27603	1.0	27603
27604	1.0	27604
27606	1.0	27606
27608	1.0	27608
27611	1.0	27611
27616	1.0	27616
27618	1.0	27618
27619	1.0	27619
27620	1.0	27620
27624	1.0	27624
27626	1.0	27626
27627	1.0	27627
27631	1.0	27631
27636	1.0	27636
27639	1.0	27639
27640	1.0	27640
27641	1.0	27641
27642	1.0	27642
27643	1.0	27643
27644	1.0	27644
27646	1.0	27646
27647	1.0	27647
27648	1.0	27648
27656	1.0	27656
27657	1.0	27657
27658	1.0	27658
27660	1.0	27660
27664	1.0	27664
27667	1.0	27667
27668	1.0	27668
27671	1.0	27671
27674	1.0	27674
27675	1.0	27675
27679	1.0	27679
27683	1.0	27683
27684	1.0	27684
27685	1.0	27685
27689	1.0	27689
27692	1.0	27692
27695	1.0	27695
27699	1.0	27699
27700	1.0	27700
27702	1.0	27702
27703	1.0	27703
27704	1.0	27704
27705	1.0	27705
27706	1.0	27706
27708	1.0	27708
27711	1.0	27711
27713	1.0	27713
27716	1.0	27716
27717	1.0	27717
27718	1.0	27718
27719	1.0	27719
27721	1.0	27721
27722	1.0	27722
27724	1.0	27724
27727	1.0	27727
27728	1.0	27728
27729	1.0	27729
27731	1.0	27731
27734	1.0	27734
27735	1.0	27735
27736	1.0	27736
27738	1.0	27738
27740	1.0	27740
27741	1.0	27741
27742	1.0	27742
27743	1.0	27743
27744	1.0	27744
27746	1.0	27746
27751	1.0	27751
27752	1.0	27752
27754	1.0	27754
27756	1.0	27756
27758	1.0	27758
27759	1.0	27759
27760	1.0	27760
27762	1.0	27762
27764	1.0	27764
27765	1.0	27765
27768	1.0	27768
27769	1.0	27769
27771	1.0	27771
27772	1.0	27772
27773	1.0	27773
27776	1.0	27776
27777	1.0	27777
27778	1.0	27778
27779	1.0	27779
27780	1.0	27780
27781	1.0	27781
27783	1.0	27783
27784	1.0	27784
27786	1.0	27786
27787	1.0	27787
27788	1.0	27788
27790	1.0	27790
27792	1.0	27792
27793	1.0	27793
27797	1.0	27797
27798	1.0	27798
27799	1.0	27799
27800	1.0	27800
27801	1.0	27801
27802	1.0	27802
27803	1.0	27803
27805	1.0	27805
27808	1.0	27808
27811	1.0	27811
27812	1.0	27812
27815	1.0	27815
27816	1.0	27816
27818	1.0	27818
27820	1.0	27820
27821	1.0	27821
27822	1.0	27822
27823	1.0	27823
27824	1.0	27824
27826	1.0	27826
27827	1.0	27827
27828	1.0	27828
27829	1.0	27829
27830	1.0	27830
27831	1.0	27831
27833	1.0	27833
27834	1.0	27834
27835	1.0	27835
27837	1.0	27837
27838	1.0	27838
27839	1.0	27839
27840	1.0	27840
27841	1.0	27841
27843	1.0	27843
27846	1.0	27846
27847	1.0	27847
27849	1.0	27849
27850	1.0	27850
27851	1.0	27851
27856	1.0	27856
27857	1.0	27857
27858	1.0	27858
27862	1.0	27862
27864	1.0	27864
27865	1.0	27865
27866	1.0	27866
27867	1.0	27867
27869	1.0	27869
27871	1.0	27871
27873	1.0	27873
27874	1.0	27874
27875	1.0	27875
27876	1.0	27876
27878	1.0	27878
27879	1.0	27879
27881	1.0	27881
27882	1.0	27882
27883	1.0	27883
27884	1.0	27884
27887	1.0	27887
27888	1.0	27888
27889	1.0	27889
27891	1.0	27891
27899	1.0	27899
27903	1.0	27903
27904	1.0	27904
27905	1.0	27905
27909	1.0	27909
27911	1.0	27911
27912	1.0	27912
27914	1.0	27914
27919	1.0	27919
27922	1.0	27922
30659	1.0	30659
30695	1.0	30695
30698	1.0	30698
30701	1.0	30701
30707	1.0	30707
30712	1.0	30712
30721	1.0	30721
30723	1.0	30723
30742	1.0	30742
30745	1.0	30745
30747	1.0	30747
30749	1.0	30749
30764	1.0	30764
30767	1.0	30767
30776	1.0	30776
30781	1.0	30781
30783	1.0	30783
30791	1.0	30791
30793	1.0	30793
30798	1.0	30798
30800	1.0	30800
30803	1.0	30803
30808	1.0	30808
30810	1.0	30810
30812	1.0	30812
30816	1.0	30816
30818	1.0	30818
30820	1.0	30820
30822	1.0	30822
30825	1.0	30825
30846	1.0	30846
30848	1.0	30848
30850	1.0	30850
30854	1.0	30854
30856	1.0	30856
30861	1.0	30861
30863	1.0	30863
30867	1.0	30867
30883	1.0	30883
30890	1.0	30890
30892	1.0	30892
30894	1.0	30894
30896	1.0	30896
30898	1.0	30898
30905	1.0	30905
30942	1.0	30942
30949	1.0	30949
30952	1.0	30952
30954	1.0	30954
30958	1.0	30958
30970	1.0	30970
30977	1.0	30977
30981	1.0	30981
30991	1.0	30991
30994	1.0	30994
30996	1.0	30996
31000	1.0	31000
31004	1.0	31004
31011	1.0	31011
31026	1.0	31026
31030	1.0	31030
31032	1.0	31032
31035	1.0	31035
31038	1.0	31038
31040	1.0	31040
31042	1.0	31042
31045	1.0	31045
31047	1.0	31047
31049	1.0	31049
31053	1.0	31053
31060	1.0	31060
31079	1.0	31079
31083	1.0	31083
31086	1.0	31086
31090	1.0	31090
31101	1.0	31101
31104	1.0	31104
31107	1.0	31107
31109	1.0	31109
31112	1.0	31112
31114	1.0	31114
31116	1.0	31116
31123	1.0	31123
31133	1.0	31133
31140	1.0	31140
31148	1.0	31148
31150	1.0	31150
31152	1.0	31152
31154	1.0	31154
31156	1.0	31156
31158	1.0	31158
31160	1.0	31160
31162	1.0	31162
31165	1.0	31165
31184	1.0	31184
31188	1.0	31188
31193	1.0	31193
31195	1.0	31195
31201	1.0	31201
31203	1.0	31203
31205	1.0	31205
31221	1.0	31221
31223	1.0	31223
31225	1.0	31225
31247	1.0	31247
31251	1.0	31251
31255	1.0	31255
31258	1.0	31258
31260	1.0	31260
31263	1.0	31263
31267	1.0	31267
31270	1.0	31270
31284	1.0	31284
31290	1.0	31290
31297	1.0	31297
31309	1.0	31309
31330	1.0	31330
31337	1.0	31337
31340	1.0	31340
31342	1.0	31342
31347	1.0	31347
31349	1.0	31349
31351	1.0	31351
31353	1.0	31353
31359	1.0	31359
31362	1.0	31362
31364	1.0	31364
31367	1.0	31367
31374	1.0	31374
31389	1.0	31389
31408	1.0	31408
31410	1.0	31410
31413	1.0	31413
31420	1.0	31420
31422	1.0	31422
31424	1.0	31424
31427	1.0	31427
31429	1.0	31429
31431	1.0	31431
31433	1.0	31433
31435	1.0	31435
31437	1.0	31437
31445	1.0	31445
31447	1.0	31447
31467	1.0	31467
31469	1.0	31469
31474	1.0	31474
31485	1.0	31485
31487	1.0	31487
31490	1.0	31490
31494	1.0	31494
31498	1.0	31498
31502	1.0	31502
31522	1.0	31522
31524	1.0	31524
31528	1.0	31528
31535	1.0	31535
31539	1.0	31539
31545	1.0	31545
31547	1.0	31547
31549	1.0	31549
31553	1.0	31553
31555	1.0	31555
31577	1.0	31577
31584	1.0	31584
31588	1.0	31588
31590	1.0	31590
31594	1.0	31594
31598	1.0	31598
31600	1.0	31600
31606	1.0	31606
31610	1.0	31610
31613	1.0	31613
31617	1.0	31617
31619	1.0	31619
31628	1.0	31628
31636	1.0	31636
31638	1.0	31638
31645	1.0	31645
31647	1.0	31647
31649	1.0	31649
31655	1.0	31655
31658	1.0	31658
31660	1.0	31660
31664	1.0	31664
31672	1.0	31672
31680	1.0	31680
31682	1.0	31682
31685	1.0	31685
31687	1.0	31687
31689	1.0	31689
31692	1.0	31692
31694	1.0	31694
31696	1.0	31696
31698	1.0	31698
31700	1.0	31700
31702	1.0	31702
31705	1.0	31705
31724	1.0	31724
31737	1.0	31737
31742	1.0	31742
31747	1.0	31747
31750	1.0	31750
31770	1.0	31770
31785	1.0	31785
31793	1.0	31793
31797	1.0	31797
31804	1.0	31804
31807	1.0	31807
31813	1.0	31813
31826	1.0	31826
31847	1.0	31847
31851	1.0	31851
31854	1.0	31854
31856	1.0	31856
31867	1.0	31867
31869	1.0	31869
31878	1.0	31878
31881	1.0	31881
31889	1.0	31889
31892	1.0	31892
31894	1.0	31894
31900	1.0	31900
31903	1.0	31903
31907	1.0	31907
31909	1.0	31909
31915	1.0	31915
31921	1.0	31921
31923	1.0	31923
31925	1.0	31925
31930	1.0	31930
31932	1.0	31932
31934	1.0	31934
31948	1.0	31948
31950	1.0	31950
31952	1.0	31952
31954	1.0	31954
31956	1.0	31956
31960	1.0	31960
31963	1.0	31963
31973	1.0	31973
31975	1.0	31975
31983	1.0	31983
31991	1.0	31991
31998	1.0	31998
32002	1.0	32002
32009	1.0	32009
32011	1.0	32011
32013	1.0	32013
32015	1.0	32015
32017	1.0	32017
32019	1.0	32019
32022	1.0	32022
32025	1.0	32025
32029	1.0	32029
32031	1.0	32031
32049	1.0	32049
32056	1.0	32056
32058	1.0	32058
32060	1.0	32060
32062	1.0	32062
32074	1.0	32074
32076	1.0	32076
32078	1.0	32078
32082	1.0	32082
32084	1.0	32084
32088	1.0	32088
32090	1.0	32090
32109	1.0	32109
32116	1.0	32116
32120	1.0	32120
32122	1.0	32122
32124	1.0	32124
32126	1.0	32126
32128	1.0	32128
32139	1.0	32139
32141	1.0	32141
32149	1.0	32149
32151	1.0	32151
32153	1.0	32153
32156	1.0	32156
32158	1.0	32158
32160	1.0	32160
32162	1.0	32162
32166	1.0	32166
32168	1.0	32168
32170	1.0	32170
32172	1.0	32172
32174	1.0	32174
32179	1.0	32179
32181	1.0	32181
32196	1.0	32196
32199	1.0	32199
32203	1.0	32203
32211	1.0	32211
32213	1.0	32213
32216	1.0	32216
32225	1.0	32225
32230	1.0	32230
32234	1.0	32234
32239	1.0	32239
32243	1.0	32243
32250	1.0	32250
32261	1.0	32261
32263	1.0	32263
32277	1.0	32277
32280	1.0	32280
32285	1.0	32285
32289	1.0	32289
32291	1.0	32291
32294	1.0	32294
32296	1.0	32296
32298	1.0	32298
32300	1.0	32300
32302	1.0	32302
32314	1.0	32314
32316	1.0	32316
32318	1.0	32318
32325	1.0	32325
32329	1.0	32329
32333	1.0	32333
32335	1.0	32335
32342	1.0	32342
32345	1.0	32345
32347	1.0	32347
32349	1.0	32349
32352	1.0	32352
32354	1.0	32354
32357	1.0	32357
32361	1.0	32361
32369	1.0	32369
32371	1.0	32371
32375	1.0	32375
32381	1.0	32381
32383	1.0	32383
32385	1.0	32385
32387	1.0	32387
32389	1.0	32389
32392	1.0	32392
32395	1.0	32395
32415	1.0	32415
32419	1.0	32419
32421	1.0	32421
32433	1.0	32433
32440	1.0	32440
32442	1.0	32442
32444	1.0	32444
32452	1.0	32452
32456	1.0	32456
32460	1.0	32460
32464	1.0	32464
32469	1.0	32469
32471	1.0	32471
32478	1.0	32478
32483	1.0	32483
32485	1.0	32485
32493	1.0	32493
32497	1.0	32497
32501	1.0	32501
32509	1.0	32509
32511	1.0	32511
32515	1.0	32515
32518	1.0	32518
32520	1.0	32520
32525	1.0	32525
32535	1.0	32535
32551	1.0	32551
32554	1.0	32554
32560	1.0	32560
32562	1.0	32562
32567	1.0	32567
32582	1.0	32582
32584	1.0	32584
32587	1.0	32587
32589	1.0	32589
32591	1.0	32591
32593	1.0	32593
32596	1.0	32596
32598	1.0	32598
32600	1.0	32600
32602	1.0	32602
32605	1.0	32605
32617	1.0	32617
32620	1.0	32620
32625	1.0	32625
32627	1.0	32627
32632	1.0	32632
32646	1.0	32646
32649	1.0	32649
32653	1.0	32653
32655	1.0	32655
32657	1.0	32657
32659	1.0	32659
32666	1.0	32666
32668	1.0	32668
32674	1.0	32674
32677	1.0	32677
32686	1.0	32686
32689	1.0	32689
32705	1.0	32705
32707	1.0	32707
32716	1.0	32716
32719	1.0	32719
32721	1.0	32721
32724	1.0	32724
32728	1.0	32728
32735	1.0	32735
32737	1.0	32737
32741	1.0	32741
32743	1.0	32743
32770	1.0	32770
32773	1.0	32773
32777	1.0	32777
32779	1.0	32779
32781	1.0	32781
32783	1.0	32783
32788	1.0	32788
32792	1.0	32792
32797	1.0	32797
32799	1.0	32799
32811	1.0	32811
32825	1.0	32825
32830	1.0	32830
32834	1.0	32834
32836	1.0	32836
32840	1.0	32840
32844	1.0	32844
32851	1.0	32851
32853	1.0	32853
32860	1.0	32860
32862	1.0	32862
32864	1.0	32864
32866	1.0	32866
32875	1.0	32875
32882	1.0	32882
32890	1.0	32890
32892	1.0	32892
32898	1.0	32898
32902	1.0	32902
32906	1.0	32906
32914	1.0	32914
32917	1.0	32917
32923	1.0	32923
32925	1.0	32925
32928	1.0	32928
32935	1.0	32935
32941	1.0	32941
32943	1.0	32943
32952	1.0	32952
32954	1.0	32954
32957	1.0	32957
32959	1.0	32959
32966	1.0	32966
32968	1.0	32968
32972	1.0	32972
32974	1.0	32974
32979	1.0	32979
32988	1.0	32988
32994	1.0	32994
32999	1.0	32999
33001	1.0	33001
33004	1.0	33004
33008	1.0	33008
33019	1.0	33019
33021	1.0	33021
33027	1.0	33027
33036	1.0	33036
33049	1.0	33049
33051	1.0	33051
33072	1.0	33072
33081	1.0	33081
33085	1.0	33085
33090	1.0	33090
33092	1.0	33092
33098	1.0	33098
33102	1.0	33102
33110	1.0	33110
33113	1.0	33113
33117	1.0	33117
33119	1.0	33119
33124	1.0	33124
33126	1.0	33126
33129	1.0	33129
33132	1.0	33132
33134	1.0	33134
33136	1.0	33136
33138	1.0	33138
33140	1.0	33140
33142	1.0	33142
33145	1.0	33145
33148	1.0	33148
33150	1.0	33150
33152	1.0	33152
33154	1.0	33154
33158	1.0	33158
33160	1.0	33160
33162	1.0	33162
33164	1.0	33164
33166	1.0	33166
33168	1.0	33168
33171	1.0	33171
33188	1.0	33188
33191	1.0	33191
33193	1.0	33193
33201	1.0	33201
33226	1.0	33226
33229	1.0	33229
33235	1.0	33235
33237	1.0	33237
33245	1.0	33245
33247	1.0	33247
33251	1.0	33251
33253	1.0	33253
33255	1.0	33255
33261	1.0	33261
33264	1.0	33264
33267	1.0	33267
33270	1.0	33270
33288	1.0	33288
33292	1.0	33292
33294	1.0	33294
33296	1.0	33296
33310	1.0	33310
33312	1.0	33312
33316	1.0	33316
33318	1.0	33318
33321	1.0	33321
33328	1.0	33328
33330	1.0	33330
33340	1.0	33340
33342	1.0	33342
33358	1.0	33358
33363	1.0	33363
33376	1.0	33376
33380	1.0	33380
33389	1.0	33389
33393	1.0	33393
33397	1.0	33397
33401	1.0	33401
33410	1.0	33410
33415	1.0	33415
33421	1.0	33421
33424	1.0	33424
33426	1.0	33426
33435	1.0	33435
33437	1.0	33437
33443	1.0	33443
33445	1.0	33445
33451	1.0	33451
33454	1.0	33454
33463	1.0	33463
33480	1.0	33480
33487	1.0	33487
33493	1.0	33493
33495	1.0	33495
33499	1.0	33499
33507	1.0	33507
33524	1.0	33524
33533	1.0	33533
33539	1.0	33539
33555	1.0	33555
33558	1.0	33558
33564	1.0	33564
33567	1.0	33567
33573	1.0	33573
33581	1.0	33581
33585	1.0	33585
33587	1.0	33587
33592	1.0	33592
33603	1.0	33603
33608	1.0	33608
33610	1.0	33610
33615	1.0	33615
33621	1.0	33621
33624	1.0	33624
33629	1.0	33629
33639	1.0	33639
33641	1.0	33641
33644	1.0	33644
33646	1.0	33646
33649	1.0	33649
33655	1.0	33655
33660	1.0	33660
33669	1.0	33669
33672	1.0	33672
33675	1.0	33675
33677	1.0	33677
33679	1.0	33679
33681	1.0	33681
33683	1.0	33683
33685	1.0	33685
33688	1.0	33688
33709	1.0	33709
33722	1.0	33722
33725	1.0	33725
33737	1.0	33737
33743	1.0	33743
33750	1.0	33750
33755	1.0	33755
33760	1.0	33760
33762	1.0	33762
33767	1.0	33767
33779	1.0	33779
33781	1.0	33781
33790	1.0	33790
33794	1.0	33794
33799	1.0	33799
33801	1.0	33801
33808	1.0	33808
33815	1.0	33815
33817	1.0	33817
33819	1.0	33819
33821	1.0	33821
33823	1.0	33823
33826	1.0	33826
33830	1.0	33830
33832	1.0	33832
33834	1.0	33834
33836	1.0	33836
33838	1.0	33838
33844	1.0	33844
33847	1.0	33847
33852	1.0	33852
33861	1.0	33861
33863	1.0	33863
33880	1.0	33880
33893	1.0	33893
33896	1.0	33896
33898	1.0	33898
33901	1.0	33901
33903	1.0	33903
33905	1.0	33905
33912	1.0	33912
33914	1.0	33914
33917	1.0	33917
33919	1.0	33919
33921	1.0	33921
33928	1.0	33928
33930	1.0	33930
33933	1.0	33933
33940	1.0	33940
33945	1.0	33945
33956	1.0	33956
33958	1.0	33958
33966	1.0	33966
33970	1.0	33970
33972	1.0	33972
33974	1.0	33974
33988	1.0	33988
33994	1.0	33994
33998	1.0	33998
34002	1.0	34002
34004	1.0	34004
34008	1.0	34008
34016	1.0	34016
34018	1.0	34018
34026	1.0	34026
34032	1.0	34032
34039	1.0	34039
34045	1.0	34045
34048	1.0	34048
34051	1.0	34051
34057	1.0	34057
34063	1.0	34063
34065	1.0	34065
34072	1.0	34072
34076	1.0	34076
34099	1.0	34099
34111	1.0	34111
34129	1.0	34129
34135	1.0	34135
34138	1.0	34138
34143	1.0	34143
34148	1.0	34148
34150	1.0	34150
34153	1.0	34153
34155	1.0	34155
34158	1.0	34158
34162	1.0	34162
34164	1.0	34164
34170	1.0	34170
34177	1.0	34177
34185	1.0	34185
34189	1.0	34189
34193	1.0	34193
34198	1.0	34198
34206	1.0	34206
34214	1.0	34214
34216	1.0	34216
34224	1.0	34224
34226	1.0	34226
34229	1.0	34229
34231	1.0	34231
34234	1.0	34234
34238	1.0	34238
34240	1.0	34240
34246	1.0	34246
34271	1.0	34271
34292	1.0	34292
34299	1.0	34299
34306	1.0	34306
34312	1.0	34312
34314	1.0	34314
34319	1.0	34319
34321	1.0	34321
34323	1.0	34323
34326	1.0	34326
34330	1.0	34330
34332	1.0	34332
34334	1.0	34334
34336	1.0	34336
34338	1.0	34338
34353	1.0	34353
34359	1.0	34359
34364	1.0	34364
34369	1.0	34369
34371	1.0	34371
34373	1.0	34373
34375	1.0	34375
34378	1.0	34378
34386	1.0	34386
34397	1.0	34397
34405	1.0	34405
34411	1.0	34411
34416	1.0	34416
34426	1.0	34426
34435	1.0	34435
34437	1.0	34437
34450	1.0	34450
34464	1.0	34464
34466	1.0	34466
34469	1.0	34469
34473	1.0	34473
34482	1.0	34482
34488	1.0	34488
34499	1.0	34499
34505	1.0	34505
34511	1.0	34511
34517	1.0	34517
34520	1.0	34520
34523	1.0	34523
34526	1.0	34526
34528	1.0	34528
34530	1.0	34530
34532	1.0	34532
34534	1.0	34534
34536	1.0	34536
34538	1.0	34538
34540	1.0	34540
34542	1.0	34542
34548	1.0	34548
34552	1.0	34552
34579	1.0	34579
34583	1.0	34583
34608	1.0	34608
34624	1.0	34624
34643	1.0	34643
34645	1.0	34645
34648	1.0	34648
34659	1.0	34659
34666	1.0	34666
34696	1.0	34696
34729	1.0	34729
34767	1.0	34767
34800	1.0	34800
34811	1.0	34811
35008	1.0	35008
35015	1.0	35015
35050	1.0	35050
35082	1.0	35082
35331	1.0	35331
35347	1.0	35347
35386	1.0	35386
35618	1.0	35618
35629	1.0	35629
35636	1.0	35636
35640	1.0	35640
35681	1.0	35681
35721	1.0	35721
35738	1.0	35738
35807	1.0	35807
35826	1.0	35826
35828	1.0	35828
35836	1.0	35836
35843	1.0	35843
35853	1.0	35853
35906	1.0	35906
35957	1.0	35957
36046	1.0	36046
36056	1.0	36056
36083	1.0	36083
36086	1.0	36086
36152	1.0	36152
36247	1.0	36247
36264	1.0	36264
36276	1.0	36276
36286	1.0	36286
36289	1.0	36289
36312	1.0	36312
36326	1.0	36326
36363	1.0	36363
36373	1.0	36373
36392	1.0	36392
36397	1.0	36397
36401	1.0	36401
36405	1.0	36405
36426	1.0	36426
36436	1.0	36436
36462	1.0	36462
36477	1.0	36477
36509	1.0	36509
36511	1.0	36511
36513	1.0	36513
36517	1.0	36517
36519	1.0	36519
36523	1.0	36523
36525	1.0	36525
36527	1.0	36527
36529	1.0	36529
36531	1.0	36531
36533	1.0	36533
36535	1.0	36535
36537	1.0	36537
36539	1.0	36539
36541	1.0	36541
36545	1.0	36545
36553	1.0	36553
36576	1.0	36576
36630	1.0	36630
36683	1.0	36683
36708	1.0	36708
36711	1.0	36711
36752	1.0	36752
36799	1.0	36799
36804	1.0	36804
36816	1.0	36816
36850	1.0	36850
36883	1.0	36883
36902	1.0	36902
36931	1.0	36931
37058	1.0	37058
37113	1.0	37113
37211	1.0	37211
37240	1.0	37240
37257	1.0	37257
37269	1.0	37269
37277	1.0	37277
37287	1.0	37287
37335	1.0	37335
37375	1.0	37375
37380	1.0	37380
37382	1.0	37382
37384	1.0	37384
37386	1.0	37386
37444	1.0	37444
37462	1.0	37462
37475	1.0	37475
37477	1.0	37477
37495	1.0	37495
37545	1.0	37545
37626	1.0	37626
37653	1.0	37653
37683	1.0	37683
37689	1.0	37689
37720	1.0	37720
37727	1.0	37727
37729	1.0	37729
37731	1.0	37731
37733	1.0	37733
37736	1.0	37736
37739	1.0	37739
37741	1.0	37741
37744	1.0	37744
37785	1.0	37785
37824	1.0	37824
37830	1.0	37830
37837	1.0	37837
37844	1.0	37844
37846	1.0	37846
37853	1.0	37853
37855	1.0	37855
37857	1.0	37857
37949	1.0	37949
37955	1.0	37955
37957	1.0	37957
37960	1.0	37960
37967	1.0	37967
37976	1.0	37976
37982	1.0	37982
38001	1.0	38001
38004	1.0	38004
38036	1.0	38036
38038	1.0	38038
38046	1.0	38046
38061	1.0	38061
38086	1.0	38086
38095	1.0	38095
38097	1.0	38097
38159	1.0	38159
38164	1.0	38164
38188	1.0	38188
38198	1.0	38198
38294	1.0	38294
38304	1.0	38304
38320	1.0	38320
38376	1.0	38376
38384	1.0	38384
38388	1.0	38388
38435	1.0	38435
38473	1.0	38473
38499	1.0	38499
38538	1.0	38538
38583	1.0	38583
38600	1.0	38600
38656	1.0	38656
38688	1.0	38688
38701	1.0	38701
38713	1.0	38713
38798	1.0	38798
38824	1.0	38824
38839	1.0	38839
38843	1.0	38843
38849	1.0	38849
38867	1.0	38867
38881	1.0	38881
38884	1.0	38884
38886	1.0	38886
38992	1.0	38992
38994	1.0	38994
39048	1.0	39048
39052	1.0	39052
39075	1.0	39075
39183	1.0	39183
39191	1.0	39191
39231	1.0	39231
39234	1.0	39234
39244	1.0	39244
39292	1.0	39292
39305	1.0	39305
39307	1.0	39307
39364	1.0	39364
39369	1.0	39369
39381	1.0	39381
39390	1.0	39390
39394	1.0	39394
39398	1.0	39398
39400	1.0	39400
39402	1.0	39402
39408	1.0	39408
39410	1.0	39410
39412	1.0	39412
39414	1.0	39414
39416	1.0	39416
39419	1.0	39419
39421	1.0	39421
39425	1.0	39425
39427	1.0	39427
39429	1.0	39429
39435	1.0	39435
39439	1.0	39439
39441	1.0	39441
39444	1.0	39444
39446	1.0	39446
39449	1.0	39449
39474	1.0	39474
39481	1.0	39481
39516	1.0	39516
39524	1.0	39524
39529	1.0	39529
39615	1.0	39615
39659	1.0	39659
39703	1.0	39703
39715	1.0	39715
39731	1.0	39731
39740	1.0	39740
39768	1.0	39768
39777	1.0	39777
39779	1.0	39779
39786	1.0	39786
39796	1.0	39796
39801	1.0	39801
39818	1.0	39818
39824	1.0	39824
39857	1.0	39857
39869	1.0	39869
39876	1.0	39876
39886	1.0	39886
39896	1.0	39896
39931	1.0	39931
39934	1.0	39934
39941	1.0	39941
40010	1.0	40010
40015	1.0	40015
40033	1.0	40033
40111	1.0	40111
40148	1.0	40148
40226	1.0	40226
40275	1.0	40275
40278	1.0	40278
40291	1.0	40291
40337	1.0	40337
40339	1.0	40339
40342	1.0	40342
40404	1.0	40404
40412	1.0	40412
40414	1.0	40414
40422	1.0	40422
40425	1.0	40425
40436	1.0	40436
40457	1.0	40457
40465	1.0	40465
40467	1.0	40467
40478	1.0	40478
40491	1.0	40491
40494	1.0	40494
40559	1.0	40559
40574	1.0	40574
40578	1.0	40578
40581	1.0	40581
40583	1.0	40583
40586	1.0	40586
40589	1.0	40589
40591	1.0	40591
40597	1.0	40597
40614	1.0	40614
40617	1.0	40617
40629	1.0	40629
40679	1.0	40679
40681	1.0	40681
40697	1.0	40697
40699	1.0	40699
40723	1.0	40723
40732	1.0	40732
40738	1.0	40738
40752	1.0	40752
40755	1.0	40755
40815	1.0	40815
40817	1.0	40817
40819	1.0	40819
40826	1.0	40826
40828	1.0	40828
40831	1.0	40831
40833	1.0	40833
40851	1.0	40851
40870	1.0	40870
40887	1.0	40887
40898	1.0	40898
40946	1.0	40946
40952	1.0	40952
40955	1.0	40955
40959	1.0	40959
40962	1.0	40962
40964	1.0	40964
40966	1.0	40966
40969	1.0	40969
40973	1.0	40973
40988	1.0	40988
41014	1.0	41014
41025	1.0	41025
41058	1.0	41058
41094	1.0	41094
41104	1.0	41104
41126	1.0	41126
41130	1.0	41130
41136	1.0	41136
41212	1.0	41212
41226	1.0	41226
41285	1.0	41285
41336	1.0	41336
41353	1.0	41353
41402	1.0	41402
41411	1.0	41411
41425	1.0	41425
41434	1.0	41434
41499	1.0	41499
41518	1.0	41518
41523	1.0	41523
41527	1.0	41527
41564	1.0	41564
41566	1.0	41566
41569	1.0	41569
41571	1.0	41571
41573	1.0	41573
41575	1.0	41575
41585	1.0	41585
41596	1.0	41596
41602	1.0	41602
41617	1.0	41617
41627	1.0	41627
41644	1.0	41644
41650	1.0	41650
41688	1.0	41688
41691	1.0	41691
41699	1.0	41699
41704	1.0	41704
41706	1.0	41706
41712	1.0	41712
41714	1.0	41714
41716	1.0	41716
41721	1.0	41721
41724	1.0	41724
41736	1.0	41736
41753	1.0	41753
41762	1.0	41762
41767	1.0	41767
41769	1.0	41769
41792	1.0	41792
41810	1.0	41810
41812	1.0	41812
41815	1.0	41815
41820	1.0	41820
41822	1.0	41822
41824	1.0	41824
41828	1.0	41828
41831	1.0	41831
41863	1.0	41863
41880	1.0	41880
41889	1.0	41889
41912	1.0	41912
41914	1.0	41914
41941	1.0	41941
41974	1.0	41974
41980	1.0	41980
41997	1.0	41997
42002	1.0	42002
42004	1.0	42004
42007	1.0	42007
42009	1.0	42009
42011	1.0	42011
42013	1.0	42013
42015	1.0	42015
42018	1.0	42018
42021	1.0	42021
42053	1.0	42053
42094	1.0	42094
42150	1.0	42150
42152	1.0	42152
42163	1.0	42163
42172	1.0	42172
42176	1.0	42176
42189	1.0	42189
42191	1.0	42191
42197	1.0	42197
42208	1.0	42208
42213	1.0	42213
42217	1.0	42217
42285	1.0	42285
42312	1.0	42312
42335	1.0	42335
42341	1.0	42341
42351	1.0	42351
42385	1.0	42385
42393	1.0	42393
42407	1.0	42407
42413	1.0	42413
42418	1.0	42418
42422	1.0	42422
42491	1.0	42491
42518	1.0	42518
42543	1.0	42543
42546	1.0	42546
42548	1.0	42548
42550	1.0	42550
42553	1.0	42553
42556	1.0	42556
42559	1.0	42559
42562	1.0	42562
42584	1.0	42584
42591	1.0	42591
42602	1.0	42602
42629	1.0	42629
42632	1.0	42632
42634	1.0	42634
42636	1.0	42636
42638	1.0	42638
42659	1.0	42659
42661	1.0	42661
42677	1.0	42677
42679	1.0	42679
42681	1.0	42681
42698	1.0	42698
42705	1.0	42705
42710	1.0	42710
42718	1.0	42718
42721	1.0	42721
42723	1.0	42723
42725	1.0	42725
42728	1.0	42728
42730	1.0	42730
42732	1.0	42732
42734	1.0	42734
42736	1.0	42736
42738	1.0	42738
42740	1.0	42740
42761	1.0	42761
42763	1.0	42763
42783	1.0	42783
42794	1.0	42794
42856	1.0	42856
42886	1.0	42886
42900	1.0	42900
42935	1.0	42935
42938	1.0	42938
42943	1.0	42943
42946	1.0	42946
42952	1.0	42952
42956	1.0	42956
42958	1.0	42958
42973	1.0	42973
42984	1.0	42984
42987	1.0	42987
43007	1.0	43007
43009	1.0	43009
43011	1.0	43011
43014	1.0	43014
43022	1.0	43022
43039	1.0	43039
43081	1.0	43081
43177	1.0	43177
43244	1.0	43244
43248	1.0	43248
43260	1.0	43260
43267	1.0	43267
43269	1.0	43269
43289	1.0	43289
43292	1.0	43292
43333	1.0	43333
43351	1.0	43351
43376	1.0	43376
43383	1.0	43383
43389	1.0	43389
43391	1.0	43391
43396	1.0	43396
43415	1.0	43415
43419	1.0	43419
43444	1.0	43444
43460	1.0	43460
43482	1.0	43482
43497	1.0	43497
43518	1.0	43518
43528	1.0	43528
43538	1.0	43538
43549	1.0	43549
43552	1.0	43552
43556	1.0	43556
43558	1.0	43558
43560	1.0	43560
43567	1.0	43567
43571	1.0	43571
43589	1.0	43589
43608	1.0	43608
43624	1.0	43624
43626	1.0	43626
43628	1.0	43628
43631	1.0	43631
43633	1.0	43633
43635	1.0	43635
43652	1.0	43652
43675	1.0	43675
43677	1.0	43677
43679	1.0	43679
43682	1.0	43682
43684	1.0	43684
43692	1.0	43692
43699	1.0	43699
43708	1.0	43708
43710	1.0	43710
43727	1.0	43727
43744	1.0	43744
43762	1.0	43762
43801	1.0	43801
43803	1.0	43803
43813	1.0	43813
43822	1.0	43822
43828	1.0	43828
43832	1.0	43832
43836	1.0	43836
43838	1.0	43838
43853	1.0	43853
43869	1.0	43869
43871	1.0	43871
43883	1.0	43883
43892	1.0	43892
43897	1.0	43897
43899	1.0	43899
43904	1.0	43904
43906	1.0	43906
43908	1.0	43908
43910	1.0	43910
43912	1.0	43912
43914	1.0	43914
43917	1.0	43917
43919	1.0	43919
43921	1.0	43921
43923	1.0	43923
43926	1.0	43926
43928	1.0	43928
43930	1.0	43930
43932	1.0	43932
43934	1.0	43934
43936	1.0	43936
43953	1.0	43953
43967	1.0	43967
43971	1.0	43971
43983	1.0	43983
43987	1.0	43987
43997	1.0	43997
44004	1.0	44004
44020	1.0	44020
44022	1.0	44022
44041	1.0	44041
44058	1.0	44058
44073	1.0	44073
44100	1.0	44100
44115	1.0	44115
44124	1.0	44124
44153	1.0	44153
44155	1.0	44155
44161	1.0	44161
44168	1.0	44168
44187	1.0	44187
44189	1.0	44189
44191	1.0	44191
44193	1.0	44193
44195	1.0	44195
44197	1.0	44197
44199	1.0	44199
44204	1.0	44204
44225	1.0	44225
44234	1.0	44234
44238	1.0	44238
44241	1.0	44241
44243	1.0	44243
44245	1.0	44245
44253	1.0	44253
44255	1.0	44255
44295	1.0	44295
44301	1.0	44301
44317	1.0	44317
44392	1.0	44392
44397	1.0	44397
44399	1.0	44399
44421	1.0	44421
44427	1.0	44427
44494	1.0	44494
44511	1.0	44511
44555	1.0	44555
44568	1.0	44568
44571	1.0	44571
44582	1.0	44582
44585	1.0	44585
44587	1.0	44587
44590	1.0	44590
44595	1.0	44595
44597	1.0	44597
44601	1.0	44601
44611	1.0	44611
44613	1.0	44613
44628	1.0	44628
44633	1.0	44633
44653	1.0	44653
44655	1.0	44655
44657	1.0	44657
44663	1.0	44663
44665	1.0	44665
44671	1.0	44671
44674	1.0	44674
44685	1.0	44685
44694	1.0	44694
44703	1.0	44703
44709	1.0	44709
44717	1.0	44717
44719	1.0	44719
44724	1.0	44724
44729	1.0	44729
44731	1.0	44731
44752	1.0	44752
44759	1.0	44759
44761	1.0	44761
44763	1.0	44763
44773	1.0	44773
44777	1.0	44777
44779	1.0	44779
44782	1.0	44782
44788	1.0	44788
44800	1.0	44800
44815	1.0	44815
44825	1.0	44825
44828	1.0	44828
44840	1.0	44840
44844	1.0	44844
44849	1.0	44849
44851	1.0	44851
44856	1.0	44856
44861	1.0	44861
44864	1.0	44864
44871	1.0	44871
44881	1.0	44881
44889	1.0	44889
44892	1.0	44892
44900	1.0	44900
44903	1.0	44903
44911	1.0	44911
44929	1.0	44929
44931	1.0	44931
44937	1.0	44937
44943	1.0	44943
44947	1.0	44947
44949	1.0	44949
44966	1.0	44966
44972	1.0	44972
44974	1.0	44974
44978	1.0	44978
45000	1.0	45000
45003	1.0	45003
45028	1.0	45028
45030	1.0	45030
45036	1.0	45036
45038	1.0	45038
45047	1.0	45047
45062	1.0	45062
45068	1.0	45068
45072	1.0	45072
45074	1.0	45074
45079	1.0	45079
45081	1.0	45081
45100	1.0	45100
45106	1.0	45106
45134	1.0	45134
45137	1.0	45137
45170	1.0	45170
45172	1.0	45172
45175	1.0	45175
45179	1.0	45179
45183	1.0	45183
45186	1.0	45186
45188	1.0	45188
45192	1.0	45192
45194	1.0	45194
45200	1.0	45200
45208	1.0	45208
45210	1.0	45210
45221	1.0	45221
45224	1.0	45224
45259	1.0	45259
45303	1.0	45303
45329	1.0	45329
45335	1.0	45335
45346	1.0	45346
45361	1.0	45361
45382	1.0	45382
45412	1.0	45412
45431	1.0	45431
45440	1.0	45440
45442	1.0	45442
45447	1.0	45447
45499	1.0	45499
45501	1.0	45501
45503	1.0	45503
45506	1.0	45506
45508	1.0	45508
45512	1.0	45512
45517	1.0	45517
45521	1.0	45521
45525	1.0	45525
45527	1.0	45527
45531	1.0	45531
45533	1.0	45533
45537	1.0	45537
45550	1.0	45550
45576	1.0	45576
45578	1.0	45578
45581	1.0	45581
45611	1.0	45611
45635	1.0	45635
45639	1.0	45639
45642	1.0	45642
45648	1.0	45648
45652	1.0	45652
45656	1.0	45656
45658	1.0	45658
45662	1.0	45662
45664	1.0	45664
45666	1.0	45666
45668	1.0	45668
45672	1.0	45672
45679	1.0	45679
45689	1.0	45689
45691	1.0	45691
45707	1.0	45707
45720	1.0	45720
45722	1.0	45722
45726	1.0	45726
45728	1.0	45728
45730	1.0	45730
45732	1.0	45732
45756	1.0	45756
45758	1.0	45758
45761	1.0	45761
45837	1.0	45837
45845	1.0	45845
45852	1.0	45852
45880	1.0	45880
45891	1.0	45891
45899	1.0	45899
45928	1.0	45928
45940	1.0	45940
45942	1.0	45942
45950	1.0	45950
45952	1.0	45952
45969	1.0	45969
45981	1.0	45981
45987	1.0	45987
45991	1.0	45991
45994	1.0	45994
46008	1.0	46008
46034	1.0	46034
46062	1.0	46062
46065	1.0	46065
46083	1.0	46083
46098	1.0	46098
46105	1.0	46105
46108	1.0	46108
46115	1.0	46115
46154	1.0	46154
46156	1.0	46156
46194	1.0	46194
46199	1.0	46199
46201	1.0	46201
46207	1.0	46207
46231	1.0	46231
46258	1.0	46258
46311	1.0	46311
46318	1.0	46318
46322	1.0	46322
46325	1.0	46325
46331	1.0	46331
46335	1.0	46335
46337	1.0	46337
46347	1.0	46347
46363	1.0	46363
46367	1.0	46367
46372	1.0	46372
46409	1.0	46409
46430	1.0	46430
46441	1.0	46441
46457	1.0	46457
46478	1.0	46478
46525	1.0	46525
46530	1.0	46530
46544	1.0	46544
46559	1.0	46559
46561	1.0	46561
46572	1.0	46572
46574	1.0	46574
46578	1.0	46578
46581	1.0	46581
46588	1.0	46588
46595	1.0	46595
46604	1.0	46604
46613	1.0	46613
46627	1.0	46627
46634	1.0	46634
46640	1.0	46640
46651	1.0	46651
46653	1.0	46653
46664	1.0	46664
46713	1.0	46713
46716	1.0	46716
46723	1.0	46723
46748	1.0	46748
46753	1.0	46753
46762	1.0	46762
46765	1.0	46765
46770	1.0	46770
46772	1.0	46772
46788	1.0	46788
46790	1.0	46790
46803	1.0	46803
46808	1.0	46808
46821	1.0	46821
46839	1.0	46839
46848	1.0	46848
46850	1.0	46850
46855	1.0	46855
46862	1.0	46862
46865	1.0	46865
46869	1.0	46869
46880	1.0	46880
46901	1.0	46901
46910	1.0	46910
46912	1.0	46912
46915	1.0	46915
46919	1.0	46919
46925	1.0	46925
46929	1.0	46929
46948	1.0	46948
46952	1.0	46952
46954	1.0	46954
46957	1.0	46957
46959	1.0	46959
46961	1.0	46961
46965	1.0	46965
46967	1.0	46967
46970	1.0	46970
46972	1.0	46972
46974	1.0	46974
46976	1.0	46976
46979	1.0	46979
47005	1.0	47005
47007	1.0	47007
47028	1.0	47028
47044	1.0	47044
47047	1.0	47047
47049	1.0	47049
47054	1.0	47054
47063	1.0	47063
47076	1.0	47076
47084	1.0	47084
47092	1.0	47092
47099	1.0	47099
47117	1.0	47117
47122	1.0	47122
47124	1.0	47124
47129	1.0	47129
47131	1.0	47131
47135	1.0	47135
47146	1.0	47146
47148	1.0	47148
47150	1.0	47150
47152	1.0	47152
47165	1.0	47165
47180	1.0	47180
47196	1.0	47196
47200	1.0	47200
47202	1.0	47202
47221	1.0	47221
47237	1.0	47237
47239	1.0	47239
47248	1.0	47248
47250	1.0	47250
47254	1.0	47254
47261	1.0	47261
47264	1.0	47264
47274	1.0	47274
47277	1.0	47277
47285	1.0	47285
47287	1.0	47287
47306	1.0	47306
47330	1.0	47330
47342	1.0	47342
47356	1.0	47356
47382	1.0	47382
47384	1.0	47384
47394	1.0	47394
47397	1.0	47397
47404	1.0	47404
47417	1.0	47417
47423	1.0	47423
47446	1.0	47446
47452	1.0	47452
47455	1.0	47455
47458	1.0	47458
47460	1.0	47460
47465	1.0	47465
47477	1.0	47477
47482	1.0	47482
47484	1.0	47484
47491	1.0	47491
47493	1.0	47493
47501	1.0	47501
47503	1.0	47503
47516	1.0	47516
47518	1.0	47518
47525	1.0	47525
47538	1.0	47538
47540	1.0	47540
47559	1.0	47559
47561	1.0	47561
47566	1.0	47566
47571	1.0	47571
47601	1.0	47601
47606	1.0	47606
47610	1.0	47610
47615	1.0	47615
47619	1.0	47619
47626	1.0	47626
47629	1.0	47629
47634	1.0	47634
47640	1.0	47640
47642	1.0	47642
47644	1.0	47644
47646	1.0	47646
47665	1.0	47665
47670	1.0	47670
47681	1.0	47681
47701	1.0	47701
47707	1.0	47707
47714	1.0	47714
47719	1.0	47719
47721	1.0	47721
47723	1.0	47723
47725	1.0	47725
47728	1.0	47728
47736	1.0	47736
47740	1.0	47740
47774	1.0	47774
47778	1.0	47778
47793	1.0	47793
47805	1.0	47805
47808	1.0	47808
47810	1.0	47810
47815	1.0	47815
47830	1.0	47830
47836	1.0	47836
47860	1.0	47860
47868	1.0	47868
47871	1.0	47871
47880	1.0	47880
47886	1.0	47886
47894	1.0	47894
47902	1.0	47902
47904	1.0	47904
47907	1.0	47907
47918	1.0	47918
47927	1.0	47927
47931	1.0	47931
47935	1.0	47935
47937	1.0	47937
47940	1.0	47940
47950	1.0	47950
47952	1.0	47952
47956	1.0	47956
47962	1.0	47962
47970	1.0	47970
47972	1.0	47972
47976	1.0	47976
47978	1.0	47978
47980	1.0	47980
47997	1.0	47997
47999	1.0	47999
48001	1.0	48001
48030	1.0	48030
48032	1.0	48032
48035	1.0	48035
48043	1.0	48043
48045	1.0	48045
48049	1.0	48049
48057	1.0	48057
48059	1.0	48059
48061	1.0	48061
48067	1.0	48067
48082	1.0	48082
48084	1.0	48084
48093	1.0	48093
48098	1.0	48098
48123	1.0	48123
48127	1.0	48127
48142	1.0	48142
48150	1.0	48150
48159	1.0	48159
48161	1.0	48161
48165	1.0	48165
48167	1.0	48167
48177	1.0	48177
48193	1.0	48193
48198	1.0	48198
48214	1.0	48214
48229	1.0	48229
48231	1.0	48231
48235	1.0	48235
48239	1.0	48239
48242	1.0	48242
48262	1.0	48262
48264	1.0	48264
48268	1.0	48268
48299	1.0	48299
48301	1.0	48301
48304	1.0	48304
48308	1.0	48308
48315	1.0	48315
48319	1.0	48319
48322	1.0	48322
48326	1.0	48326
48342	1.0	48342
48346	1.0	48346
48374	1.0	48374
48381	1.0	48381
48385	1.0	48385
48389	1.0	48389
48394	1.0	48394
48407	1.0	48407
48412	1.0	48412
48414	1.0	48414
48416	1.0	48416
48427	1.0	48427
48458	1.0	48458
48501	1.0	48501
48516	1.0	48516
48518	1.0	48518
48520	1.0	48520
48522	1.0	48522
48528	1.0	48528
48530	1.0	48530
48536	1.0	48536
48543	1.0	48543
48555	1.0	48555
48560	1.0	48560
48567	1.0	48567
48575	1.0	48575
48584	1.0	48584
48591	1.0	48591
48593	1.0	48593
48596	1.0	48596
48598	1.0	48598
48600	1.0	48600
48626	1.0	48626
48638	1.0	48638
48642	1.0	48642
48647	1.0	48647
48649	1.0	48649
48660	1.0	48660
48673	1.0	48673
48678	1.0	48678
48682	1.0	48682
48696	1.0	48696
48698	1.0	48698
48700	1.0	48700
48704	1.0	48704
48711	1.0	48711
48713	1.0	48713
48715	1.0	48715
48738	1.0	48738
48741	1.0	48741
48744	1.0	48744
48770	1.0	48770
48774	1.0	48774
48780	1.0	48780
48783	1.0	48783
48791	1.0	48791
48817	1.0	48817
48820	1.0	48820
48825	1.0	48825
48833	1.0	48833
48851	1.0	48851
48856	1.0	48856
48863	1.0	48863
48872	1.0	48872
48877	1.0	48877
48879	1.0	48879
48883	1.0	48883
48895	1.0	48895
48899	1.0	48899
48901	1.0	48901
48909	1.0	48909
48943	1.0	48943
48957	1.0	48957
48970	1.0	48970
48972	1.0	48972
48982	1.0	48982
48997	1.0	48997
49007	1.0	49007
49013	1.0	49013
49016	1.0	49016
49035	1.0	49035
49037	1.0	49037
49050	1.0	49050
49060	1.0	49060
49063	1.0	49063
49079	1.0	49079
49082	1.0	49082
49085	1.0	49085
49098	1.0	49098
49110	1.0	49110
49115	1.0	49115
49121	1.0	49121
49123	1.0	49123
49130	1.0	49130
49132	1.0	49132
49183	1.0	49183
49200	1.0	49200
49205	1.0	49205
49220	1.0	49220
49225	1.0	49225
49234	1.0	49234
49263	1.0	49263
49265	1.0	49265
49272	1.0	49272
49274	1.0	49274
49276	1.0	49276
49278	1.0	49278
49280	1.0	49280
49282	1.0	49282
49284	1.0	49284
49286	1.0	49286
49291	1.0	49291
49299	1.0	49299
49312	1.0	49312
49314	1.0	49314
49330	1.0	49330
49338	1.0	49338
49347	1.0	49347
49355	1.0	49355
49359	1.0	49359
49371	1.0	49371
49379	1.0	49379
49389	1.0	49389
49394	1.0	49394
49396	1.0	49396
49402	1.0	49402
49412	1.0	49412
49422	1.0	49422
49435	1.0	49435
49464	1.0	49464
49494	1.0	49494
49513	1.0	49513
49518	1.0	49518
49524	1.0	49524
49526	1.0	49526
49528	1.0	49528
49530	1.0	49530
49571	1.0	49571
49591	1.0	49591
49593	1.0	49593
49615	1.0	49615
49642	1.0	49642
49644	1.0	49644
49647	1.0	49647
49649	1.0	49649
49651	1.0	49651
49663	1.0	49663
49666	1.0	49666
49668	1.0	49668
49688	1.0	49688
49691	1.0	49691
49735	1.0	49735
49737	1.0	49737
49739	1.0	49739
49746	1.0	49746
49752	1.0	49752
49754	1.0	49754
49757	1.0	49757
49759	1.0	49759
49766	1.0	49766
49769	1.0	49769
49772	1.0	49772
49793	1.0	49793
49815	1.0	49815
49817	1.0	49817
49822	1.0	49822
49824	1.0	49824
49856	1.0	49856
49872	1.0	49872
49899	1.0	49899
49902	1.0	49902
49910	1.0	49910
49917	1.0	49917
49926	1.0	49926
49929	1.0	49929
49932	1.0	49932
49951	1.0	49951
49953	1.0	49953
49955	1.0	49955
49957	1.0	49957
49961	1.0	49961
49973	1.0	49973
49979	1.0	49979
49985	1.0	49985
49994	1.0	49994
50003	1.0	50003
50005	1.0	50005
50011	1.0	50011
50059	1.0	50059
50064	1.0	50064
50066	1.0	50066
50068	1.0	50068
50076	1.0	50076
50147	1.0	50147
50149	1.0	50149
50151	1.0	50151
50153	1.0	50153
50158	1.0	50158
50160	1.0	50160
50162	1.0	50162
50165	1.0	50165
50183	1.0	50183
50189	1.0	50189
50208	1.0	50208
50229	1.0	50229
50245	1.0	50245
50253	1.0	50253
50259	1.0	50259
50271	1.0	50271
50274	1.0	50274
50279	1.0	50279
50347	1.0	50347
50349	1.0	50349
50354	1.0	50354
50356	1.0	50356
50358	1.0	50358
50379	1.0	50379
50382	1.0	50382
50440	1.0	50440
50442	1.0	50442
50445	1.0	50445
50447	1.0	50447
50477	1.0	50477
50482	1.0	50482
50488	1.0	50488
50514	1.0	50514
50517	1.0	50517
50533	1.0	50533
50541	1.0	50541
50550	1.0	50550
50572	1.0	50572
50574	1.0	50574
50583	1.0	50583
50585	1.0	50585
50589	1.0	50589
50594	1.0	50594
50601	1.0	50601
50610	1.0	50610
50613	1.0	50613
50615	1.0	50615
50619	1.0	50619
50628	1.0	50628
50630	1.0	50630
50641	1.0	50641
50651	1.0	50651
50658	1.0	50658
50685	1.0	50685
50703	1.0	50703
50705	1.0	50705
50740	1.0	50740
50742	1.0	50742
50754	1.0	50754
50774	1.0	50774
50792	1.0	50792
50794	1.0	50794
50796	1.0	50796
50798	1.0	50798
50800	1.0	50800
50802	1.0	50802
50804	1.0	50804
50806	1.0	50806
50821	1.0	50821
50828	1.0	50828
50842	1.0	50842
50851	1.0	50851
50858	1.0	50858
50872	1.0	50872
50886	1.0	50886
50892	1.0	50892
50898	1.0	50898
50909	1.0	50909
50912	1.0	50912
50923	1.0	50923
50940	1.0	50940
50942	1.0	50942
50944	1.0	50944
50949	1.0	50949
50954	1.0	50954
50970	1.0	50970
50977	1.0	50977
50999	1.0	50999
51004	1.0	51004
51007	1.0	51007
51014	1.0	51014
51019	1.0	51019
51024	1.0	51024
51037	1.0	51037
51044	1.0	51044
51053	1.0	51053
51060	1.0	51060
51063	1.0	51063
51077	1.0	51077
51080	1.0	51080
51082	1.0	51082
51084	1.0	51084
51086	1.0	51086
51088	1.0	51088
51091	1.0	51091
51094	1.0	51094
51103	1.0	51103
51106	1.0	51106
51111	1.0	51111
51127	1.0	51127
51167	1.0	51167
51174	1.0	51174
51182	1.0	51182
51185	1.0	51185
51187	1.0	51187
51194	1.0	51194
51203	1.0	51203
51207	1.0	51207
51209	1.0	51209
51246	1.0	51246
51249	1.0	51249
51251	1.0	51251
51255	1.0	51255
51265	1.0	51265
51277	1.0	51277
51287	1.0	51287
51300	1.0	51300
51302	1.0	51302
51304	1.0	51304
51312	1.0	51312
51314	1.0	51314
51317	1.0	51317
51321	1.0	51321
51341	1.0	51341
51354	1.0	51354
51357	1.0	51357
51372	1.0	51372
51380	1.0	51380
51402	1.0	51402
51412	1.0	51412
51418	1.0	51418
51433	1.0	51433
51455	1.0	51455
51457	1.0	51457
51471	1.0	51471
51486	1.0	51486
51498	1.0	51498
51503	1.0	51503
51520	1.0	51520
51528	1.0	51528
51535	1.0	51535
51540	1.0	51540
51545	1.0	51545
51559	1.0	51559
51562	1.0	51562
51569	1.0	51569
51573	1.0	51573
51575	1.0	51575
51579	1.0	51579
51596	1.0	51596
51605	1.0	51605
51617	1.0	51617
51619	1.0	51619
51632	1.0	51632
51638	1.0	51638
51660	1.0	51660
51662	1.0	51662
51666	1.0	51666
51678	1.0	51678
51686	1.0	51686
51691	1.0	51691
51694	1.0	51694
51698	1.0	51698
51705	1.0	51705
51709	1.0	51709
51773	1.0	51773
51800	1.0	51800
51809	1.0	51809
51817	1.0	51817
51820	1.0	51820
51834	1.0	51834
51847	1.0	51847
51857	1.0	51857
51884	1.0	51884
51886	1.0	51886
51891	1.0	51891
51894	1.0	51894
51903	1.0	51903
51905	1.0	51905
51911	1.0	51911
51917	1.0	51917
51921	1.0	51921
51925	1.0	51925
51927	1.0	51927
51931	1.0	51931
51933	1.0	51933
51935	1.0	51935
51937	1.0	51937
51939	1.0	51939
51991	1.0	51991
52005	1.0	52005
52009	1.0	52009
52016	1.0	52016
52033	1.0	52033
52037	1.0	52037
52042	1.0	52042
52078	1.0	52078
52088	1.0	52088
52101	1.0	52101
52104	1.0	52104
52106	1.0	52106
52108	1.0	52108
52118	1.0	52118
52153	1.0	52153
52170	1.0	52170
52173	1.0	52173
52180	1.0	52180
52182	1.0	52182
52189	1.0	52189
52199	1.0	52199
52202	1.0	52202
52224	1.0	52224
52227	1.0	52227
52237	1.0	52237
52241	1.0	52241
52245	1.0	52245
52265	1.0	52265
52273	1.0	52273
52279	1.0	52279
52281	1.0	52281
52283	1.0	52283
52285	1.0	52285
52287	1.0	52287
52299	1.0	52299
52319	1.0	52319
52321	1.0	52321
52326	1.0	52326
52328	1.0	52328
52352	1.0	52352
52356	1.0	52356
52365	1.0	52365
52375	1.0	52375
52378	1.0	52378
52413	1.0	52413
52418	1.0	52418
52424	1.0	52424
52427	1.0	52427
52435	1.0	52435
52443	1.0	52443
52448	1.0	52448
52456	1.0	52456
52458	1.0	52458
52460	1.0	52460
52462	1.0	52462
52489	1.0	52489
52495	1.0	52495
52528	1.0	52528
52545	1.0	52545
52548	1.0	52548
52551	1.0	52551
52561	1.0	52561
52570	1.0	52570
52572	1.0	52572
52579	1.0	52579
52581	1.0	52581
52583	1.0	52583
52589	1.0	52589
52591	1.0	52591
52604	1.0	52604
52606	1.0	52606
52617	1.0	52617
52634	1.0	52634
52641	1.0	52641
52644	1.0	52644
52660	1.0	52660
52666	1.0	52666
52668	1.0	52668
52672	1.0	52672
52690	1.0	52690
52694	1.0	52694
52704	1.0	52704
52709	1.0	52709
52712	1.0	52712
52715	1.0	52715
52717	1.0	52717
52722	1.0	52722
52724	1.0	52724
52730	1.0	52730
52742	1.0	52742
52767	1.0	52767
52773	1.0	52773
52781	1.0	52781
52784	1.0	52784
52796	1.0	52796
52804	1.0	52804
52806	1.0	52806
52813	1.0	52813
52831	1.0	52831
52838	1.0	52838
52845	1.0	52845
52858	1.0	52858
52865	1.0	52865
52867	1.0	52867
52872	1.0	52872
52885	1.0	52885
52891	1.0	52891
52913	1.0	52913
52922	1.0	52922
52927	1.0	52927
52929	1.0	52929
52938	1.0	52938
52942	1.0	52942
52950	1.0	52950
52952	1.0	52952
52956	1.0	52956
52967	1.0	52967
52973	1.0	52973
52975	1.0	52975
52980	1.0	52980
52995	1.0	52995
53000	1.0	53000
53002	1.0	53002
53004	1.0	53004
53022	1.0	53022
53024	1.0	53024
53038	1.0	53038
53046	1.0	53046
53052	1.0	53052
53066	1.0	53066
53084	1.0	53084
53121	1.0	53121
53123	1.0	53123
53125	1.0	53125
53127	1.0	53127
53129	1.0	53129
53131	1.0	53131
53133	1.0	53133
53138	1.0	53138
53140	1.0	53140
53143	1.0	53143
53152	1.0	53152
53154	1.0	53154
53161	1.0	53161
53183	1.0	53183
53187	1.0	53187
53189	1.0	53189
53207	1.0	53207
53226	1.0	53226
53280	1.0	53280
53282	1.0	53282
53318	1.0	53318
53322	1.0	53322
53326	1.0	53326
53342	1.0	53342
53349	1.0	53349
53352	1.0	53352
53355	1.0	53355
53370	1.0	53370
53373	1.0	53373
53375	1.0	53375
53379	1.0	53379
53382	1.0	53382
53406	1.0	53406
53416	1.0	53416
53435	1.0	53435
53443	1.0	53443
53447	1.0	53447
53450	1.0	53450
53453	1.0	53453
53460	1.0	53460
53464	1.0	53464
53466	1.0	53466
53468	1.0	53468
53476	1.0	53476
53498	1.0	53498
53519	1.0	53519
53548	1.0	53548
53550	1.0	53550
53554	1.0	53554
53561	1.0	53561
53569	1.0	53569
53574	1.0	53574
53578	1.0	53578
53582	1.0	53582
53584	1.0	53584
53592	1.0	53592
53600	1.0	53600
53651	1.0	53651
53737	1.0	53737
53741	1.0	53741
53752	1.0	53752
53766	1.0	53766
53769	1.0	53769
53771	1.0	53771
53774	1.0	53774
53788	1.0	53788
53808	1.0	53808
53827	1.0	53827
53833	1.0	53833
53835	1.0	53835
53837	1.0	53837
53839	1.0	53839
53841	1.0	53841
53843	1.0	53843
53845	1.0	53845
53847	1.0	53847
53849	1.0	53849
53851	1.0	53851
53853	1.0	53853
53855	1.0	53855
53857	1.0	53857
53859	1.0	53859
53873	1.0	53873
53880	1.0	53880
53883	1.0	53883
53885	1.0	53885
53887	1.0	53887
53894	1.0	53894
53906	1.0	53906
53912	1.0	53912
53916	1.0	53916
53919	1.0	53919
53921	1.0	53921
53953	1.0	53953
53956	1.0	53956
53963	1.0	53963
53967	1.0	53967
53972	1.0	53972
53974	1.0	53974
53988	1.0	53988
53993	1.0	53993
53996	1.0	53996
53999	1.0	53999
54001	1.0	54001
54004	1.0	54004
54010	1.0	54010
54020	1.0	54020
54049	1.0	54049
54056	1.0	54056
54067	1.0	54067
54075	1.0	54075
54094	1.0	54094
54116	1.0	54116
54121	1.0	54121
54144	1.0	54144
54171	1.0	54171
54176	1.0	54176
54185	1.0	54185
54190	1.0	54190
54193	1.0	54193
54196	1.0	54196
54198	1.0	54198
54220	1.0	54220
54229	1.0	54229
54239	1.0	54239
54241	1.0	54241
54243	1.0	54243
54248	1.0	54248
54251	1.0	54251
54254	1.0	54254
54256	1.0	54256
54259	1.0	54259
54262	1.0	54262
54268	1.0	54268
54270	1.0	54270
54272	1.0	54272
54274	1.0	54274
54276	1.0	54276
54278	1.0	54278
54281	1.0	54281
54284	1.0	54284
54286	1.0	54286
54290	1.0	54290
54318	1.0	54318
54326	1.0	54326
54328	1.0	54328
54331	1.0	54331
54341	1.0	54341
54349	1.0	54349
54354	1.0	54354
54372	1.0	54372
54378	1.0	54378
54406	1.0	54406
54419	1.0	54419
54426	1.0	54426
54445	1.0	54445
54455	1.0	54455
54480	1.0	54480
54491	1.0	54491
54493	1.0	54493
54501	1.0	54501
54503	1.0	54503
54505	1.0	54505
54510	1.0	54510
54513	1.0	54513
54519	1.0	54519
54536	1.0	54536
54542	1.0	54542
54554	1.0	54554
54561	1.0	54561
54580	1.0	54580
54605	1.0	54605
54607	1.0	54607
54612	1.0	54612
54614	1.0	54614
54617	1.0	54617
54621	1.0	54621
54648	1.0	54648
54652	1.0	54652
54686	1.0	54686
54689	1.0	54689
54691	1.0	54691
54725	1.0	54725
54732	1.0	54732
54734	1.0	54734
54736	1.0	54736
54738	1.0	54738
54745	1.0	54745
54758	1.0	54758
54768	1.0	54768
54771	1.0	54771
54775	1.0	54775
54778	1.0	54778
54780	1.0	54780
54783	1.0	54783
54785	1.0	54785
54787	1.0	54787
54796	1.0	54796
54826	1.0	54826
54833	1.0	54833
54872	1.0	54872
54875	1.0	54875
54878	1.0	54878
54881	1.0	54881
54885	1.0	54885
54908	1.0	54908
54910	1.0	54910
54922	1.0	54922
54934	1.0	54934
54958	1.0	54958
54962	1.0	54962
54964	1.0	54964
54967	1.0	54967
54972	1.0	54972
54978	1.0	54978
54986	1.0	54986
54988	1.0	54988
54995	1.0	54995
54997	1.0	54997
54999	1.0	54999
55020	1.0	55020
55031	1.0	55031
55036	1.0	55036
55040	1.0	55040
55050	1.0	55050
55052	1.0	55052
55061	1.0	55061
55063	1.0	55063
55067	1.0	55067
55069	1.0	55069
55071	1.0	55071
55073	1.0	55073
55078	1.0	55078
55080	1.0	55080
55094	1.0	55094
55098	1.0	55098
55100	1.0	55100
55106	1.0	55106
55110	1.0	55110
55112	1.0	55112
55116	1.0	55116
55118	1.0	55118
55132	1.0	55132
55147	1.0	55147
55154	1.0	55154
55156	1.0	55156
55159	1.0	55159
55167	1.0	55167
55176	1.0	55176
55178	1.0	55178
55190	1.0	55190
55199	1.0	55199
55205	1.0	55205
55207	1.0	55207
55209	1.0	55209
55223	1.0	55223
55226	1.0	55226
55232	1.0	55232
55241	1.0	55241
55245	1.0	55245
55247	1.0	55247
55250	1.0	55250
55253	1.0	55253
55255	1.0	55255
55257	1.0	55257
55259	1.0	55259
55261	1.0	55261
55267	1.0	55267
55269	1.0	55269
55272	1.0	55272
55274	1.0	55274
55276	1.0	55276
55278	1.0	55278
55280	1.0	55280
55282	1.0	55282
55284	1.0	55284
55286	1.0	55286
55288	1.0	55288
55290	1.0	55290
55292	1.0	55292
55294	1.0	55294
55298	1.0	55298
55324	1.0	55324
55329	1.0	55329
55343	1.0	55343
55360	1.0	55360
55363	1.0	55363
55369	1.0	55369
55373	1.0	55373
55389	1.0	55389
55391	1.0	55391
55402	1.0	55402
55406	1.0	55406
55408	1.0	55408
55417	1.0	55417
55419	1.0	55419
55434	1.0	55434
55440	1.0	55440
55442	1.0	55442
55444	1.0	55444
55451	1.0	55451
55460	1.0	55460
55462	1.0	55462
55467	1.0	55467
55469	1.0	55469
55476	1.0	55476
55485	1.0	55485
55487	1.0	55487
55489	1.0	55489
55492	1.0	55492
55498	1.0	55498
55507	1.0	55507
55512	1.0	55512
55517	1.0	55517
55549	1.0	55549
55553	1.0	55553
55555	1.0	55555
55566	1.0	55566
55577	1.0	55577
55603	1.0	55603
55620	1.0	55620
55626	1.0	55626
55628	1.0	55628
55652	1.0	55652
55659	1.0	55659
55668	1.0	55668
55671	1.0	55671
55681	1.0	55681
55684	1.0	55684
55687	1.0	55687
55691	1.0	55691
55705	1.0	55705
55713	1.0	55713
55721	1.0	55721
55726	1.0	55726
55729	1.0	55729
55732	1.0	55732
55737	1.0	55737
55751	1.0	55751
55757	1.0	55757
55765	1.0	55765
55768	1.0	55768
55782	1.0	55782
55805	1.0	55805
55814	1.0	55814
55820	1.0	55820
55826	1.0	55826
55830	1.0	55830
55844	1.0	55844
55851	1.0	55851
55854	1.0	55854
55856	1.0	55856
55872	1.0	55872
55875	1.0	55875
55888	1.0	55888
55895	1.0	55895
55901	1.0	55901
55908	1.0	55908
55926	1.0	55926
55946	1.0	55946
55955	1.0	55955
55995	1.0	55995
55999	1.0	55999
56001	1.0	56001
56003	1.0	56003
56006	1.0	56006
56009	1.0	56009
56012	1.0	56012
56015	1.0	56015
56022	1.0	56022
56028	1.0	56028
56030	1.0	56030
56051	1.0	56051
56060	1.0	56060
56067	1.0	56067
56069	1.0	56069
56079	1.0	56079
56093	1.0	56093
56095	1.0	56095
56098	1.0	56098
56102	1.0	56102
56141	1.0	56141
56145	1.0	56145
56152	1.0	56152
56156	1.0	56156
56158	1.0	56158
56165	1.0	56165
56167	1.0	56167
56169	1.0	56169
56171	1.0	56171
56174	1.0	56174
56176	1.0	56176
56251	1.0	56251
56253	1.0	56253
56274	1.0	56274
56286	1.0	56286
56294	1.0	56294
56313	1.0	56313
56331	1.0	56331
56333	1.0	56333
56336	1.0	56336
56339	1.0	56339
56350	1.0	56350
56367	1.0	56367
56370	1.0	56370
56372	1.0	56372
56379	1.0	56379
56389	1.0	56389
56432	1.0	56432
56449	1.0	56449
56456	1.0	56456
56474	1.0	56474
56477	1.0	56477
56479	1.0	56479
56485	1.0	56485
56490	1.0	56490
56508	1.0	56508
56511	1.0	56511
56513	1.0	56513
56515	1.0	56515
56548	1.0	56548
56551	1.0	56551
56561	1.0	56561
56563	1.0	56563
56570	1.0	56570
56574	1.0	56574
56580	1.0	56580
56587	1.0	56587
56599	1.0	56599
56602	1.0	56602
56607	1.0	56607
56612	1.0	56612
56614	1.0	56614
56616	1.0	56616
56620	1.0	56620
56624	1.0	56624
56626	1.0	56626
56631	1.0	56631
56633	1.0	56633
56651	1.0	56651
56671	1.0	56671
56691	1.0	56691
56693	1.0	56693
56700	1.0	56700
56702	1.0	56702
56715	1.0	56715
56719	1.0	56719
56724	1.0	56724
56744	1.0	56744
56748	1.0	56748
56757	1.0	56757
56775	1.0	56775
56779	1.0	56779
56782	1.0	56782
56786	1.0	56786
56788	1.0	56788
56797	1.0	56797
56801	1.0	56801
56805	1.0	56805
56835	1.0	56835
56837	1.0	56837
56846	1.0	56846
56848	1.0	56848
56869	1.0	56869
56874	1.0	56874
56885	1.0	56885
56888	1.0	56888
56908	1.0	56908
56915	1.0	56915
56921	1.0	56921
56931	1.0	56931
56941	1.0	56941
56945	1.0	56945
56949	1.0	56949
56956	1.0	56956
56959	1.0	56959
56995	1.0	56995
57017	1.0	57017
57023	1.0	57023
57027	1.0	57027
57038	1.0	57038
57041	1.0	57041
57044	1.0	57044
57069	1.0	57069
57147	1.0	57147
57171	1.0	57171
57179	1.0	57179
57183	1.0	57183
57209	1.0	57209
57223	1.0	57223
57236	1.0	57236
57243	1.0	57243
57269	1.0	57269
57274	1.0	57274
57276	1.0	57276
57282	1.0	57282
57291	1.0	57291
57326	1.0	57326
57353	1.0	57353
57357	1.0	57357
57359	1.0	57359
57368	1.0	57368
57370	1.0	57370
57378	1.0	57378
57393	1.0	57393
57401	1.0	57401
57418	1.0	57418
57421	1.0	57421
57426	1.0	57426
57430	1.0	57430
57432	1.0	57432
57439	1.0	57439
57453	1.0	57453
57464	1.0	57464
57468	1.0	57468
57473	1.0	57473
57476	1.0	57476
57478	1.0	57478
57480	1.0	57480
57482	1.0	57482
57484	1.0	57484
57499	1.0	57499
57502	1.0	57502
57504	1.0	57504
57509	1.0	57509
57513	1.0	57513
57520	1.0	57520
57522	1.0	57522
57526	1.0	57526
57528	1.0	57528
57530	1.0	57530
57532	1.0	57532
57534	1.0	57534
57536	1.0	57536
57538	1.0	57538
57543	1.0	57543
57550	1.0	57550
57637	1.0	57637
57640	1.0	57640
57648	1.0	57648
57655	1.0	57655
57669	1.0	57669
57690	1.0	57690
57692	1.0	57692
57695	1.0	57695
57706	1.0	57706
57709	1.0	57709
57754	1.0	57754
57772	1.0	57772
57774	1.0	57774
57776	1.0	57776
57778	1.0	57778
57792	1.0	57792
57805	1.0	57805
57811	1.0	57811
57843	1.0	57843
57845	1.0	57845
57848	1.0	57848
57854	1.0	57854
57865	1.0	57865
57868	1.0	57868
57873	1.0	57873
57910	1.0	57910
57938	1.0	57938
57940	1.0	57940
57942	1.0	57942
57946	1.0	57946
57949	1.0	57949
57951	1.0	57951
57960	1.0	57960
57964	1.0	57964
57970	1.0	57970
57972	1.0	57972
57980	1.0	57980
57991	1.0	57991
57996	1.0	57996
58003	1.0	58003
58007	1.0	58007
58025	1.0	58025
58029	1.0	58029
58033	1.0	58033
58047	1.0	58047
58059	1.0	58059
58061	1.0	58061
58078	1.0	58078
58081	1.0	58081
58084	1.0	58084
58094	1.0	58094
58103	1.0	58103
58105	1.0	58105
58107	1.0	58107
58111	1.0	58111
58120	1.0	58120
58123	1.0	58123
58130	1.0	58130
58136	1.0	58136
58146	1.0	58146
58154	1.0	58154
58156	1.0	58156
58162	1.0	58162
58174	1.0	58174
58180	1.0	58180
58185	1.0	58185
58191	1.0	58191
58207	1.0	58207
58223	1.0	58223
58228	1.0	58228
58246	1.0	58246
58250	1.0	58250
58269	1.0	58269
58274	1.0	58274
58282	1.0	58282
58287	1.0	58287
58291	1.0	58291
58293	1.0	58293
58295	1.0	58295
58297	1.0	58297
58299	1.0	58299
58301	1.0	58301
58303	1.0	58303
58306	1.0	58306
58309	1.0	58309
58315	1.0	58315
58324	1.0	58324
58332	1.0	58332
58334	1.0	58334
58347	1.0	58347
58351	1.0	58351
58365	1.0	58365
58367	1.0	58367
58373	1.0	58373
58376	1.0	58376
58379	1.0	58379
58381	1.0	58381
58404	1.0	58404
58409	1.0	58409
58411	1.0	58411
58418	1.0	58418
58422	1.0	58422
58425	1.0	58425
58432	1.0	58432
58434	1.0	58434
58437	1.0	58437
58439	1.0	58439
58452	1.0	58452
58485	1.0	58485
58490	1.0	58490
58492	1.0	58492
58494	1.0	58494
58509	1.0	58509
58520	1.0	58520
58530	1.0	58530
58534	1.0	58534
58554	1.0	58554
58559	1.0	58559
58564	1.0	58564
58576	1.0	58576
58578	1.0	58578
58595	1.0	58595
58598	1.0	58598
58610	1.0	58610
58617	1.0	58617
58622	1.0	58622
58627	1.0	58627
58632	1.0	58632
58641	1.0	58641
58649	1.0	58649
58652	1.0	58652
58655	1.0	58655
58661	1.0	58661
58706	1.0	58706
58709	1.0	58709
58718	1.0	58718
58722	1.0	58722
58740	1.0	58740
58743	1.0	58743
58760	1.0	58760
58770	1.0	58770
58774	1.0	58774
58783	1.0	58783
58803	1.0	58803
58806	1.0	58806
58808	1.0	58808
58810	1.0	58810
58812	1.0	58812
58816	1.0	58816
58826	1.0	58826
58839	1.0	58839
58842	1.0	58842
58847	1.0	58847
58850	1.0	58850
58870	1.0	58870
58874	1.0	58874
58876	1.0	58876
58879	1.0	58879
58881	1.0	58881
58889	1.0	58889
58895	1.0	58895
58898	1.0	58898
58904	1.0	58904
58920	1.0	58920
58922	1.0	58922
58933	1.0	58933
58937	1.0	58937
58939	1.0	58939
58941	1.0	58941
58945	1.0	58945
58964	1.0	58964
58972	1.0	58972
58975	1.0	58975
58992	1.0	58992
58994	1.0	58994
58998	1.0	58998
59000	1.0	59000
59014	1.0	59014
59016	1.0	59016
59018	1.0	59018
59022	1.0	59022
59026	1.0	59026
59031	1.0	59031
59037	1.0	59037
59040	1.0	59040
59044	1.0	59044
59053	1.0	59053
59065	1.0	59065
59074	1.0	59074
59103	1.0	59103
59105	1.0	59105
59107	1.0	59107
59112	1.0	59112
59114	1.0	59114
59116	1.0	59116
59118	1.0	59118
59126	1.0	59126
59129	1.0	59129
59131	1.0	59131
59136	1.0	59136
59138	1.0	59138
59141	1.0	59141
59143	1.0	59143
59154	1.0	59154
59157	1.0	59157
59159	1.0	59159
59173	1.0	59173
59178	1.0	59178
59180	1.0	59180
59182	1.0	59182
59184	1.0	59184
59188	1.0	59188
59216	1.0	59216
59220	1.0	59220
59256	1.0	59256
59258	1.0	59258
59260	1.0	59260
59273	1.0	59273
59290	1.0	59290
59295	1.0	59295
59302	1.0	59302
59306	1.0	59306
59313	1.0	59313
59315	1.0	59315
59327	1.0	59327
59333	1.0	59333
59336	1.0	59336
59339	1.0	59339
59362	1.0	59362
59366	1.0	59366
59369	1.0	59369
59376	1.0	59376
59382	1.0	59382
59387	1.0	59387
59392	1.0	59392
59397	1.0	59397
59399	1.0	59399
59404	1.0	59404
59418	1.0	59418
59421	1.0	59421
59426	1.0	59426
59429	1.0	59429
59435	1.0	59435
59440	1.0	59440
59447	1.0	59447
59463	1.0	59463
59465	1.0	59465
59478	1.0	59478
59485	1.0	59485
59501	1.0	59501
59519	1.0	59519
59527	1.0	59527
59547	1.0	59547
59549	1.0	59549
59561	1.0	59561
59590	1.0	59590
59594	1.0	59594
59602	1.0	59602
59604	1.0	59604
59607	1.0	59607
59615	1.0	59615
59621	1.0	59621
59625	1.0	59625
59641	1.0	59641
59649	1.0	59649
59651	1.0	59651
59655	1.0	59655
59665	1.0	59665
59667	1.0	59667
59669	1.0	59669
59680	1.0	59680
59684	1.0	59684
59705	1.0	59705
59709	1.0	59709
59715	1.0	59715
59721	1.0	59721
59725	1.0	59725
59727	1.0	59727
59729	1.0	59729
59731	1.0	59731
59738	1.0	59738
59753	1.0	59753
59775	1.0	59775
59784	1.0	59784
59795	1.0	59795
59801	1.0	59801
59805	1.0	59805
59810	1.0	59810
59814	1.0	59814
59816	1.0	59816
59832	1.0	59832
59834	1.0	59834
59836	1.0	59836
59838	1.0	59838
59840	1.0	59840
59842	1.0	59842
59844	1.0	59844
59846	1.0	59846
59850	1.0	59850
59852	1.0	59852
59854	1.0	59854
59858	1.0	59858
59861	1.0	59861
59865	1.0	59865
59867	1.0	59867
59869	1.0	59869
59888	1.0	59888
59893	1.0	59893
59895	1.0	59895
59900	1.0	59900
59905	1.0	59905
59908	1.0	59908
59910	1.0	59910
59912	1.0	59912
59915	1.0	59915
59922	1.0	59922
59935	1.0	59935
59938	1.0	59938
59942	1.0	59942
59945	1.0	59945
59947	1.0	59947
59954	1.0	59954
59960	1.0	59960
59974	1.0	59974
59976	1.0	59976
59985	1.0	59985
59988	1.0	59988
59995	1.0	59995
60007	1.0	60007
60014	1.0	60014
60020	1.0	60020
60030	1.0	60030
60032	1.0	60032
60037	1.0	60037
60040	1.0	60040
60044	1.0	60044
60046	1.0	60046
60059	1.0	60059
60069	1.0	60069
60072	1.0	60072
60074	1.0	60074
60086	1.0	60086
60096	1.0	60096
60103	1.0	60103
60106	1.0	60106
60110	1.0	60110
60124	1.0	60124
60126	1.0	60126
60128	1.0	60128
60133	1.0	60133
60135	1.0	60135
60137	1.0	60137
60141	1.0	60141
60145	1.0	60145
60147	1.0	60147
60150	1.0	60150
60161	1.0	60161
60179	1.0	60179
60183	1.0	60183
60189	1.0	60189
60193	1.0	60193
60198	1.0	60198
60201	1.0	60201
60213	1.0	60213
60223	1.0	60223
60225	1.0	60225
60227	1.0	60227
60229	1.0	60229
60231	1.0	60231
60237	1.0	60237
60240	1.0	60240
60243	1.0	60243
60256	1.0	60256
60259	1.0	60259
60284	1.0	60284
60286	1.0	60286
60289	1.0	60289
60291	1.0	60291
60293	1.0	60293
60295	1.0	60295
60299	1.0	60299
60303	1.0	60303
60309	1.0	60309
60311	1.0	60311
60314	1.0	60314
60316	1.0	60316
60322	1.0	60322
60333	1.0	60333
60336	1.0	60336
60338	1.0	60338
60341	1.0	60341
60343	1.0	60343
60353	1.0	60353
60356	1.0	60356
60363	1.0	60363
60365	1.0	60365
60376	1.0	60376
60382	1.0	60382
60384	1.0	60384
60389	1.0	60389
60391	1.0	60391
60393	1.0	60393
60397	1.0	60397
60405	1.0	60405
60408	1.0	60408
60411	1.0	60411
60418	1.0	60418
60421	1.0	60421
60436	1.0	60436
60450	1.0	60450
60461	1.0	60461
60463	1.0	60463
60469	1.0	60469
60471	1.0	60471
60475	1.0	60475
60479	1.0	60479
60482	1.0	60482
60484	1.0	60484
60487	1.0	60487
60494	1.0	60494
60503	1.0	60503
60508	1.0	60508
60514	1.0	60514
60516	1.0	60516
60522	1.0	60522
60524	1.0	60524
60526	1.0	60526
60530	1.0	60530
60538	1.0	60538
60544	1.0	60544
60546	1.0	60546
60551	1.0	60551
60566	1.0	60566
60568	1.0	60568
60579	1.0	60579
60585	1.0	60585
60590	1.0	60590
60599	1.0	60599
60609	1.0	60609
60616	1.0	60616
60618	1.0	60618
60625	1.0	60625
60641	1.0	60641
60647	1.0	60647
60649	1.0	60649
60654	1.0	60654
60666	1.0	60666
60674	1.0	60674
60684	1.0	60684
60686	1.0	60686
60688	1.0	60688
60702	1.0	60702
60707	1.0	60707
60728	1.0	60728
60735	1.0	60735
60737	1.0	60737
60743	1.0	60743
60745	1.0	60745
60753	1.0	60753
60756	1.0	60756
60758	1.0	60758
60760	1.0	60760
60763	1.0	60763
60766	1.0	60766
60768	1.0	60768
60803	1.0	60803
60806	1.0	60806
60816	1.0	60816
60818	1.0	60818
60825	1.0	60825
60827	1.0	60827
60832	1.0	60832
60838	1.0	60838
60857	1.0	60857
60880	1.0	60880
60885	1.0	60885
60887	1.0	60887
60894	1.0	60894
60896	1.0	60896
60904	1.0	60904
60914	1.0	60914
60930	1.0	60930
60937	1.0	60937
60939	1.0	60939
60941	1.0	60941
60943	1.0	60943
60946	1.0	60946
60948	1.0	60948
60950	1.0	60950
60979	1.0	60979
60981	1.0	60981
60983	1.0	60983
60990	1.0	60990
60992	1.0	60992
61004	1.0	61004
61009	1.0	61009
61011	1.0	61011
61013	1.0	61013
61018	1.0	61018
61024	1.0	61024
61026	1.0	61026
61031	1.0	61031
61035	1.0	61035
61037	1.0	61037
61041	1.0	61041
61048	1.0	61048
61071	1.0	61071
61073	1.0	61073
61075	1.0	61075
61083	1.0	61083
61091	1.0	61091
61100	1.0	61100
61108	1.0	61108
61110	1.0	61110
61116	1.0	61116
61123	1.0	61123
61132	1.0	61132
61136	1.0	61136
61160	1.0	61160
61167	1.0	61167
61206	1.0	61206
61210	1.0	61210
61215	1.0	61215
61236	1.0	61236
61240	1.0	61240
61246	1.0	61246
61248	1.0	61248
61250	1.0	61250
61253	1.0	61253
61255	1.0	61255
61257	1.0	61257
61262	1.0	61262
61264	1.0	61264
61267	1.0	61267
61269	1.0	61269
61279	1.0	61279
61285	1.0	61285
61289	1.0	61289
61301	1.0	61301
61312	1.0	61312
61314	1.0	61314
61317	1.0	61317
61319	1.0	61319
61323	1.0	61323
61348	1.0	61348
61350	1.0	61350
61352	1.0	61352
61354	1.0	61354
61357	1.0	61357
61361	1.0	61361
61373	1.0	61373
61394	1.0	61394
61396	1.0	61396
61398	1.0	61398
61401	1.0	61401
61406	1.0	61406
61414	1.0	61414
61434	1.0	61434
61449	1.0	61449
61451	1.0	61451
61465	1.0	61465
61467	1.0	61467
61470	1.0	61470
61473	1.0	61473
61475	1.0	61475
61493	1.0	61493
61553	1.0	61553
61560	1.0	61560
61567	1.0	61567
61586	1.0	61586
61628	1.0	61628
61634	1.0	61634
61638	1.0	61638
61646	1.0	61646
61678	1.0	61678
61692	1.0	61692
61695	1.0	61695
61697	1.0	61697
61705	1.0	61705
61707	1.0	61707
61724	1.0	61724
61729	1.0	61729
61742	1.0	61742
61768	1.0	61768
61816	1.0	61816
61818	1.0	61818
61862	1.0	61862
61868	1.0	61868
61913	1.0	61913
61931	1.0	61931
61934	1.0	61934
61937	1.0	61937
61941	1.0	61941
61948	1.0	61948
61950	1.0	61950
61961	1.0	61961
61967	1.0	61967
61970	1.0	61970
61986	1.0	61986
61991	1.0	61991
61994	1.0	61994
62000	1.0	62000
62008	1.0	62008
62010	1.0	62010
62014	1.0	62014
62049	1.0	62049
62054	1.0	62054
62063	1.0	62063
62081	1.0	62081
62113	1.0	62113
62115	1.0	62115
62137	1.0	62137
62153	1.0	62153
62155	1.0	62155
62157	1.0	62157
62198	1.0	62198
62203	1.0	62203
62206	1.0	62206
62208	1.0	62208
62213	1.0	62213
62235	1.0	62235
62237	1.0	62237
62245	1.0	62245
62250	1.0	62250
62254	1.0	62254
62265	1.0	62265
62277	1.0	62277
62293	1.0	62293
62299	1.0	62299
62304	1.0	62304
62331	1.0	62331
62334	1.0	62334
62336	1.0	62336
62344	1.0	62344
62374	1.0	62374
62376	1.0	62376
62378	1.0	62378
62383	1.0	62383
62385	1.0	62385
62390	1.0	62390
62394	1.0	62394
62420	1.0	62420
62434	1.0	62434
62437	1.0	62437
62439	1.0	62439
62467	1.0	62467
62474	1.0	62474
62511	1.0	62511
62514	1.0	62514
62526	1.0	62526
62553	1.0	62553
62577	1.0	62577
62586	1.0	62586
62594	1.0	62594
62644	1.0	62644
62660	1.0	62660
62662	1.0	62662
62669	1.0	62669
62671	1.0	62671
62718	1.0	62718
62721	1.0	62721
62726	1.0	62726
62729	1.0	62729
62733	1.0	62733
62761	1.0	62761
62764	1.0	62764
62781	1.0	62781
62788	1.0	62788
62792	1.0	62792
62796	1.0	62796
62799	1.0	62799
62801	1.0	62801
62803	1.0	62803
62834	1.0	62834
62836	1.0	62836
62847	1.0	62847
62849	1.0	62849
62851	1.0	62851
62912	1.0	62912
62916	1.0	62916
62920	1.0	62920
62925	1.0	62925
62953	1.0	62953
62956	1.0	62956
62970	1.0	62970
62972	1.0	62972
62974	1.0	62974
62999	1.0	62999
63001	1.0	63001
63007	1.0	63007
63033	1.0	63033
63062	1.0	63062
63069	1.0	63069
63072	1.0	63072
63082	1.0	63082
63113	1.0	63113
63119	1.0	63119
63121	1.0	63121
63131	1.0	63131
63134	1.0	63134
63141	1.0	63141
63179	1.0	63179
63181	1.0	63181
63187	1.0	63187
63189	1.0	63189
63194	1.0	63194
63222	1.0	63222
63226	1.0	63226
63229	1.0	63229
63237	1.0	63237
63239	1.0	63239
63271	1.0	63271
63273	1.0	63273
63276	1.0	63276
63278	1.0	63278
63280	1.0	63280
63283	1.0	63283
63310	1.0	63310
63312	1.0	63312
63327	1.0	63327
63329	1.0	63329
63332	1.0	63332
63339	1.0	63339
63391	1.0	63391
63393	1.0	63393
63433	1.0	63433
63436	1.0	63436
63446	1.0	63446
63458	1.0	63458
63468	1.0	63468
63479	1.0	63479
63481	1.0	63481
63483	1.0	63483
63515	1.0	63515
63540	1.0	63540
63544	1.0	63544
63590	1.0	63590
63617	1.0	63617
63629	1.0	63629
63645	1.0	63645
63647	1.0	63647
63662	1.0	63662
63676	1.0	63676
63688	1.0	63688
63692	1.0	63692
63698	1.0	63698
63758	1.0	63758
63760	1.0	63760
63768	1.0	63768
63772	1.0	63772
63781	1.0	63781
63788	1.0	63788
63791	1.0	63791
63793	1.0	63793
63806	1.0	63806
63808	1.0	63808
63810	1.0	63810
63826	1.0	63826
63828	1.0	63828
63836	1.0	63836
63840	1.0	63840
63853	1.0	63853
63859	1.0	63859
63862	1.0	63862
63876	1.0	63876
63989	1.0	63989
63992	1.0	63992
64010	1.0	64010
64030	1.0	64030
64032	1.0	64032
64034	1.0	64034
64037	1.0	64037
64099	1.0	64099
64114	1.0	64114
64116	1.0	64116
64153	1.0	64153
64167	1.0	64167
64197	1.0	64197
64229	1.0	64229
64231	1.0	64231
64234	1.0	64234
64236	1.0	64236
64241	1.0	64241
64243	1.0	64243
64245	1.0	64245
64249	1.0	64249
64273	1.0	64273
64275	1.0	64275
64278	1.0	64278
64280	1.0	64280
64283	1.0	64283
64285	1.0	64285
64288	1.0	64288
64321	1.0	64321
64325	1.0	64325
64327	1.0	64327
64338	1.0	64338
64365	1.0	64365
64368	1.0	64368
64385	1.0	64385
64408	1.0	64408
64410	1.0	64410
64418	1.0	64418
64424	1.0	64424
64427	1.0	64427
64497	1.0	64497
64499	1.0	64499
64501	1.0	64501
64508	1.0	64508
64511	1.0	64511
64517	1.0	64517
64519	1.0	64519
64522	1.0	64522
64524	1.0	64524
64548	1.0	64548
64550	1.0	64550
64552	1.0	64552
64575	1.0	64575
64577	1.0	64577
64611	1.0	64611
64614	1.0	64614
64620	1.0	64620
64622	1.0	64622
64645	1.0	64645
64650	1.0	64650
64652	1.0	64652
64658	1.0	64658
64660	1.0	64660
64695	1.0	64695
64701	1.0	64701
64704	1.0	64704
64716	1.0	64716
64747	1.0	64747
64750	1.0	64750
64754	1.0	64754
64784	1.0	64784
64793	1.0	64793
64839	1.0	64839
64845	1.0	64845
64895	1.0	64895
64897	1.0	64897
64900	1.0	64900
64903	1.0	64903
64906	1.0	64906
64918	1.0	64918
64921	1.0	64921
64923	1.0	64923
64926	1.0	64926
64930	1.0	64930
64942	1.0	64942
64944	1.0	64944
64953	1.0	64953
64957	1.0	64957
64959	1.0	64959
64969	1.0	64969
64976	1.0	64976
64979	1.0	64979
64983	1.0	64983
64986	1.0	64986
64990	1.0	64990
64993	1.0	64993
64997	1.0	64997
64999	1.0	64999
65001	1.0	65001
65006	1.0	65006
65011	1.0	65011
65025	1.0	65025
65027	1.0	65027
65033	1.0	65033
65037	1.0	65037
65045	1.0	65045
65051	1.0	65051
65063	1.0	65063
65078	1.0	65078
65088	1.0	65088
65091	1.0	65091
65111	1.0	65111
65126	1.0	65126
65130	1.0	65130
65133	1.0	65133
65135	1.0	65135
65142	1.0	65142
65155	1.0	65155
65181	1.0	65181
65188	1.0	65188
65193	1.0	65193
65204	1.0	65204
65216	1.0	65216
65225	1.0	65225
65227	1.0	65227
65230	1.0	65230
65235	1.0	65235
65238	1.0	65238
65243	1.0	65243
65256	1.0	65256
65259	1.0	65259
65261	1.0	65261
65263	1.0	65263
65267	1.0	65267
65277	1.0	65277
65288	1.0	65288
65290	1.0	65290
65293	1.0	65293
65300	1.0	65300
65304	1.0	65304
65310	1.0	65310
65315	1.0	65315
65350	1.0	65350
65352	1.0	65352
65357	1.0	65357
65359	1.0	65359
65370	1.0	65370
65381	1.0	65381
65387	1.0	65387
65400	1.0	65400
65418	1.0	65418
65435	1.0	65435
65465	1.0	65465
65468	1.0	65468
65514	1.0	65514
65518	1.0	65518
65521	1.0	65521
65538	1.0	65538
65552	1.0	65552
65556	1.0	65556
65558	1.0	65558
65562	1.0	65562
65564	1.0	65564
65567	1.0	65567
65577	1.0	65577
65585	1.0	65585
65588	1.0	65588
65596	1.0	65596
65601	1.0	65601
65603	1.0	65603
65612	1.0	65612
65614	1.0	65614
65621	1.0	65621
65629	1.0	65629
65631	1.0	65631
65633	1.0	65633
65638	1.0	65638
65640	1.0	65640
65642	1.0	65642
65651	1.0	65651
65660	1.0	65660
65665	1.0	65665
65667	1.0	65667
65669	1.0	65669
65672	1.0	65672
65682	1.0	65682
65685	1.0	65685
65696	1.0	65696
65698	1.0	65698
65702	1.0	65702
65709	1.0	65709
65721	1.0	65721
65729	1.0	65729
65731	1.0	65731
65738	1.0	65738
65740	1.0	65740
65762	1.0	65762
65764	1.0	65764
65770	1.0	65770
65772	1.0	65772
65780	1.0	65780
65796	1.0	65796
65802	1.0	65802
65810	1.0	65810
65813	1.0	65813
65817	1.0	65817
65840	1.0	65840
65845	1.0	65845
65866	1.0	65866
65868	1.0	65868
65878	1.0	65878
65882	1.0	65882
65894	1.0	65894
65899	1.0	65899
65907	1.0	65907
65909	1.0	65909
65927	1.0	65927
65930	1.0	65930
65932	1.0	65932
65935	1.0	65935
65939	1.0	65939
65974	1.0	65974
65982	1.0	65982
65984	1.0	65984
65986	1.0	65986
65994	1.0	65994
66006	1.0	66006
66008	1.0	66008
66015	1.0	66015
66019	1.0	66019
66025	1.0	66025
66036	1.0	66036
66051	1.0	66051
66053	1.0	66053
66057	1.0	66057
66059	1.0	66059
66066	1.0	66066
66068	1.0	66068
66090	1.0	66090
66092	1.0	66092
66097	1.0	66097
66105	1.0	66105
66118	1.0	66118
66130	1.0	66130
66140	1.0	66140
66152	1.0	66152
66156	1.0	66156
66171	1.0	66171
66198	1.0	66198
66200	1.0	66200
66203	1.0	66203
66234	1.0	66234
66240	1.0	66240
66246	1.0	66246
66250	1.0	66250
66252	1.0	66252
66268	1.0	66268
66279	1.0	66279
66282	1.0	66282
66284	1.0	66284
66289	1.0	66289
66295	1.0	66295
66297	1.0	66297
66302	1.0	66302
66304	1.0	66304
66306	1.0	66306
66310	1.0	66310
66317	1.0	66317
66320	1.0	66320
66323	1.0	66323
66330	1.0	66330
66335	1.0	66335
66337	1.0	66337
66339	1.0	66339
66344	1.0	66344
66352	1.0	66352
66354	1.0	66354
66365	1.0	66365
66369	1.0	66369
66371	1.0	66371
66385	1.0	66385
66389	1.0	66389
66427	1.0	66427
66437	1.0	66437
66440	1.0	66440
66472	1.0	66472
66491	1.0	66491
66503	1.0	66503
66506	1.0	66506
66509	1.0	66509
66511	1.0	66511
66513	1.0	66513
66517	1.0	66517
66537	1.0	66537
66539	1.0	66539
66544	1.0	66544
66547	1.0	66547
66549	1.0	66549
66551	1.0	66551
66553	1.0	66553
66579	1.0	66579
66581	1.0	66581
66584	1.0	66584
66586	1.0	66586
66590	1.0	66590
66592	1.0	66592
66596	1.0	66596
66614	1.0	66614
66618	1.0	66618
66620	1.0	66620
66622	1.0	66622
66639	1.0	66639
66652	1.0	66652
66655	1.0	66655
66659	1.0	66659
66662	1.0	66662
66665	1.0	66665
66667	1.0	66667
66686	1.0	66686
66691	1.0	66691
66701	1.0	66701
66718	1.0	66718
66720	1.0	66720
66744	1.0	66744
66758	1.0	66758
66762	1.0	66762
66783	1.0	66783
66785	1.0	66785
66789	1.0	66789
66798	1.0	66798
66801	1.0	66801
66808	1.0	66808
66811	1.0	66811
66813	1.0	66813
66815	1.0	66815
66854	1.0	66854
66857	1.0	66857
66859	1.0	66859
66861	1.0	66861
66866	1.0	66866
66868	1.0	66868
66870	1.0	66870
66897	1.0	66897
66900	1.0	66900
66902	1.0	66902
66904	1.0	66904
66915	1.0	66915
66927	1.0	66927
66932	1.0	66932
66934	1.0	66934
66941	1.0	66941
66943	1.0	66943
66947	1.0	66947
66977	1.0	66977
66979	1.0	66979
66981	1.0	66981
66983	1.0	66983
67009	1.0	67009
67068	1.0	67068
67070	1.0	67070
67073	1.0	67073
67087	1.0	67087
67096	1.0	67096
67098	1.0	67098
67135	1.0	67135
67138	1.0	67138
67140	1.0	67140
67168	1.0	67168
67186	1.0	67186
67190	1.0	67190
67193	1.0	67193
67197	1.0	67197
67223	1.0	67223
67233	1.0	67233
67247	1.0	67247
67252	1.0	67252
67255	1.0	67255
67257	1.0	67257
67267	1.0	67267
67295	1.0	67295
67298	1.0	67298
67300	1.0	67300
67314	1.0	67314
67316	1.0	67316
67331	1.0	67331
67354	1.0	67354
67356	1.0	67356
67359	1.0	67359
67361	1.0	67361
67363	1.0	67363
67365	1.0	67365
67370	1.0	67370
67405	1.0	67405
67408	1.0	67408
67420	1.0	67420
67422	1.0	67422
67424	1.0	67424
67429	1.0	67429
67457	1.0	67457
67459	1.0	67459
67464	1.0	67464
67501	1.0	67501
67504	1.0	67504
67508	1.0	67508
67534	1.0	67534
67536	1.0	67536
67603	1.0	67603
67607	1.0	67607
67618	1.0	67618
67620	1.0	67620
67624	1.0	67624
67665	1.0	67665
67667	1.0	67667
67675	1.0	67675
67695	1.0	67695
67702	1.0	67702
67704	1.0	67704
67706	1.0	67706
67734	1.0	67734
67744	1.0	67744
67748	1.0	67748
67784	1.0	67784
67788	1.0	67788
67792	1.0	67792
67799	1.0	67799
67801	1.0	67801
67803	1.0	67803
67809	1.0	67809
67812	1.0	67812
67839	1.0	67839
67845	1.0	67845
67847	1.0	67847
67850	1.0	67850
67852	1.0	67852
67865	1.0	67865
67867	1.0	67867
67869	1.0	67869
67871	1.0	67871
67873	1.0	67873
67876	1.0	67876
67878	1.0	67878
67881	1.0	67881
67888	1.0	67888
67890	1.0	67890
67892	1.0	67892
67894	1.0	67894
67896	1.0	67896
67898	1.0	67898
67900	1.0	67900
67907	1.0	67907
67923	1.0	67923
67925	1.0	67925
67927	1.0	67927
67929	1.0	67929
67931	1.0	67931
67949	1.0	67949
67957	1.0	67957
67980	1.0	67980
67983	1.0	67983
67997	1.0	67997
67999	1.0	67999
68012	1.0	68012
68028	1.0	68028
68039	1.0	68039
68044	1.0	68044
68067	1.0	68067
68069	1.0	68069
68073	1.0	68073
68099	1.0	68099
68115	1.0	68115
68128	1.0	68128
68135	1.0	68135
68137	1.0	68137
68153	1.0	68153
68157	1.0	68157
68159	1.0	68159
68161	1.0	68161
68163	1.0	68163
68168	1.0	68168
68173	1.0	68173
68175	1.0	68175
68177	1.0	68177
68180	1.0	68180
68194	1.0	68194
68201	1.0	68201
68205	1.0	68205
68214	1.0	68214
68216	1.0	68216
68222	1.0	68222
68226	1.0	68226
68233	1.0	68233
68237	1.0	68237
68242	1.0	68242
68244	1.0	68244
68246	1.0	68246
68254	1.0	68254
68259	1.0	68259
68263	1.0	68263
68265	1.0	68265
68269	1.0	68269
68271	1.0	68271
68273	1.0	68273
68288	1.0	68288
68314	1.0	68314
68319	1.0	68319
68324	1.0	68324
68329	1.0	68329
68337	1.0	68337
68339	1.0	68339
68347	1.0	68347
68349	1.0	68349
68358	1.0	68358
68392	1.0	68392
68411	1.0	68411
68442	1.0	68442
68444	1.0	68444
68462	1.0	68462
68472	1.0	68472
68474	1.0	68474
68480	1.0	68480
68482	1.0	68482
68484	1.0	68484
68486	1.0	68486
68489	1.0	68489
68495	1.0	68495
68498	1.0	68498
68511	1.0	68511
68513	1.0	68513
68515	1.0	68515
68517	1.0	68517
68519	1.0	68519
68522	1.0	68522
68524	1.0	68524
68533	1.0	68533
68536	1.0	68536
68539	1.0	68539
68541	1.0	68541
68544	1.0	68544
68548	1.0	68548
68552	1.0	68552
68554	1.0	68554
68572	1.0	68572
68574	1.0	68574
68576	1.0	68576
68590	1.0	68590
68593	1.0	68593
68597	1.0	68597
68600	1.0	68600
68612	1.0	68612
68614	1.0	68614
68645	1.0	68645
68647	1.0	68647
68650	1.0	68650
68653	1.0	68653
68659	1.0	68659
68662	1.0	68662
68664	1.0	68664
68667	1.0	68667
68674	1.0	68674
68676	1.0	68676
68685	1.0	68685
68690	1.0	68690
68749	1.0	68749
68791	1.0	68791
68793	1.0	68793
68831	1.0	68831
68833	1.0	68833
68835	1.0	68835
68838	1.0	68838
68843	1.0	68843
68848	1.0	68848
68853	1.0	68853
68855	1.0	68855
68858	1.0	68858
68865	1.0	68865
68868	1.0	68868
68872	1.0	68872
68874	1.0	68874
68884	1.0	68884
68886	1.0	68886
68890	1.0	68890
68892	1.0	68892
68897	1.0	68897
68899	1.0	68899
68901	1.0	68901
68915	1.0	68915
68919	1.0	68919
68921	1.0	68921
68923	1.0	68923
68932	1.0	68932
68941	1.0	68941
68943	1.0	68943
68945	1.0	68945
68952	1.0	68952
68954	1.0	68954
68956	1.0	68956
68959	1.0	68959
68963	1.0	68963
68965	1.0	68965
68967	1.0	68967
68974	1.0	68974
68976	1.0	68976
69005	1.0	69005
69007	1.0	69007
69027	1.0	69027
69039	1.0	69039
69042	1.0	69042
69061	1.0	69061
69069	1.0	69069
69072	1.0	69072
69075	1.0	69075
69088	1.0	69088
69093	1.0	69093
69103	1.0	69103
69118	1.0	69118
69122	1.0	69122
69131	1.0	69131
69134	1.0	69134
69136	1.0	69136
69140	1.0	69140
69155	1.0	69155
69159	1.0	69159
69169	1.0	69169
69187	1.0	69187
69195	1.0	69195
69199	1.0	69199
69201	1.0	69201
69203	1.0	69203
69211	1.0	69211
69213	1.0	69213
69217	1.0	69217
69219	1.0	69219
69222	1.0	69222
69224	1.0	69224
69227	1.0	69227
69231	1.0	69231
69233	1.0	69233
69241	1.0	69241
69243	1.0	69243
69251	1.0	69251
69253	1.0	69253
69255	1.0	69255
69269	1.0	69269
69275	1.0	69275
69278	1.0	69278
69280	1.0	69280
69284	1.0	69284
69299	1.0	69299
69302	1.0	69302
69304	1.0	69304
69306	1.0	69306
69310	1.0	69310
69324	1.0	69324
69332	1.0	69332
69336	1.0	69336
69339	1.0	69339
69341	1.0	69341
69354	1.0	69354
69356	1.0	69356
69358	1.0	69358
69361	1.0	69361
69370	1.0	69370
69372	1.0	69372
69374	1.0	69374
69379	1.0	69379
69381	1.0	69381
69387	1.0	69387
69394	1.0	69394
69406	1.0	69406
69419	1.0	69419
69421	1.0	69421
69429	1.0	69429
69432	1.0	69432
69436	1.0	69436
69438	1.0	69438
69442	1.0	69442
69444	1.0	69444
69446	1.0	69446
69448	1.0	69448
69451	1.0	69451
69453	1.0	69453
69458	1.0	69458
69460	1.0	69460
69464	1.0	69464
69466	1.0	69466
69469	1.0	69469
69475	1.0	69475
69481	1.0	69481
69483	1.0	69483
69485	1.0	69485
69487	1.0	69487
69489	1.0	69489
69493	1.0	69493
69495	1.0	69495
69498	1.0	69498
69500	1.0	69500
69503	1.0	69503
69506	1.0	69506
69509	1.0	69509
69516	1.0	69516
69518	1.0	69518
69521	1.0	69521
69524	1.0	69524
69526	1.0	69526
69529	1.0	69529
69542	1.0	69542
69552	1.0	69552
69559	1.0	69559
69565	1.0	69565
69569	1.0	69569
69574	1.0	69574
69604	1.0	69604
69606	1.0	69606
69609	1.0	69609
69611	1.0	69611
69626	1.0	69626
69640	1.0	69640
69644	1.0	69644
69652	1.0	69652
69654	1.0	69654
69666	1.0	69666
69670	1.0	69670
69674	1.0	69674
69677	1.0	69677
69685	1.0	69685
69687	1.0	69687
69689	1.0	69689
69699	1.0	69699
69701	1.0	69701
69704	1.0	69704
69706	1.0	69706
69708	1.0	69708
69712	1.0	69712
69714	1.0	69714
69720	1.0	69720
69722	1.0	69722
69729	1.0	69729
69732	1.0	69732
69744	1.0	69744
69746	1.0	69746
69748	1.0	69748
69753	1.0	69753
69755	1.0	69755
69757	1.0	69757
69761	1.0	69761
69766	1.0	69766
69768	1.0	69768
69771	1.0	69771
69773	1.0	69773
69784	1.0	69784
69786	1.0	69786
69788	1.0	69788
69792	1.0	69792
69800	1.0	69800
69803	1.0	69803
69805	1.0	69805
69809	1.0	69809
69811	1.0	69811
69818	1.0	69818
69821	1.0	69821
69830	1.0	69830
69842	1.0	69842
69844	1.0	69844
69849	1.0	69849
69856	1.0	69856
69858	1.0	69858
69860	1.0	69860
69864	1.0	69864
69873	1.0	69873
69878	1.0	69878
69880	1.0	69880
69904	1.0	69904
69906	1.0	69906
69908	1.0	69908
69911	1.0	69911
69917	1.0	69917
69919	1.0	69919
69926	1.0	69926
69928	1.0	69928
69931	1.0	69931
69934	1.0	69934
69945	1.0	69945
69947	1.0	69947
69949	1.0	69949
69951	1.0	69951
69953	1.0	69953
69957	1.0	69957
69964	1.0	69964
69971	1.0	69971
69974	1.0	69974
69979	1.0	69979
69981	1.0	69981
69986	1.0	69986
69988	1.0	69988
69992	1.0	69992
69995	1.0	69995
70008	1.0	70008
70015	1.0	70015
70032	1.0	70032
70046	1.0	70046
70048	1.0	70048
70050	1.0	70050
70062	1.0	70062
70064	1.0	70064
70088	1.0	70088
70093	1.0	70093
70102	1.0	70102
70118	1.0	70118
70121	1.0	70121
70126	1.0	70126
70128	1.0	70128
70130	1.0	70130
70133	1.0	70133
70146	1.0	70146
70148	1.0	70148
70152	1.0	70152
70155	1.0	70155
70157	1.0	70157
70159	1.0	70159
70173	1.0	70173
70175	1.0	70175
70181	1.0	70181
70183	1.0	70183
70186	1.0	70186
70188	1.0	70188
70197	1.0	70197
70201	1.0	70201
70204	1.0	70204
70206	1.0	70206
70208	1.0	70208
70223	1.0	70223
70227	1.0	70227
70229	1.0	70229
70235	1.0	70235
70237	1.0	70237
70282	1.0	70282
70286	1.0	70286
70293	1.0	70293
70295	1.0	70295
70301	1.0	70301
70305	1.0	70305
70315	1.0	70315
70318	1.0	70318
70331	1.0	70331
70334	1.0	70334
70336	1.0	70336
70342	1.0	70342
70344	1.0	70344
70355	1.0	70355
70361	1.0	70361
70366	1.0	70366
70370	1.0	70370
70374	1.0	70374
70377	1.0	70377
70410	1.0	70410
70418	1.0	70418
70421	1.0	70421
70423	1.0	70423
70425	1.0	70425
70432	1.0	70432
70451	1.0	70451
70465	1.0	70465
70488	1.0	70488
70490	1.0	70490
70492	1.0	70492
70495	1.0	70495
70497	1.0	70497
70500	1.0	70500
70507	1.0	70507
70511	1.0	70511
70513	1.0	70513
70517	1.0	70517
70521	1.0	70521
70529	1.0	70529
70531	1.0	70531
70533	1.0	70533
70535	1.0	70535
70537	1.0	70537
70541	1.0	70541
70543	1.0	70543
70545	1.0	70545
70549	1.0	70549
70559	1.0	70559
70562	1.0	70562
70565	1.0	70565
70567	1.0	70567
70571	1.0	70571
70587	1.0	70587
70591	1.0	70591
70593	1.0	70593
70595	1.0	70595
70597	1.0	70597
70599	1.0	70599
70607	1.0	70607
70609	1.0	70609
70611	1.0	70611
70629	1.0	70629
70637	1.0	70637
70641	1.0	70641
70643	1.0	70643
70649	1.0	70649
70656	1.0	70656
70659	1.0	70659
70661	1.0	70661
70663	1.0	70663
70670	1.0	70670
70678	1.0	70678
70682	1.0	70682
70684	1.0	70684
70687	1.0	70687
70689	1.0	70689
70695	1.0	70695
70697	1.0	70697
70703	1.0	70703
70706	1.0	70706
70708	1.0	70708
70712	1.0	70712
70722	1.0	70722
70724	1.0	70724
70726	1.0	70726
70728	1.0	70728
70730	1.0	70730
70740	1.0	70740
70742	1.0	70742
70751	1.0	70751
70762	1.0	70762
70769	1.0	70769
70789	1.0	70789
70792	1.0	70792
70795	1.0	70795
70797	1.0	70797
70800	1.0	70800
70802	1.0	70802
70804	1.0	70804
70806	1.0	70806
70817	1.0	70817
70819	1.0	70819
70821	1.0	70821
70824	1.0	70824
70826	1.0	70826
70828	1.0	70828
70831	1.0	70831
70833	1.0	70833
70839	1.0	70839
70843	1.0	70843
70846	1.0	70846
70849	1.0	70849
70862	1.0	70862
70864	1.0	70864
70867	1.0	70867
70869	1.0	70869
70871	1.0	70871
70877	1.0	70877
70880	1.0	70880
70887	1.0	70887
70889	1.0	70889
70891	1.0	70891
70898	1.0	70898
70912	1.0	70912
70914	1.0	70914
70920	1.0	70920
70924	1.0	70924
70927	1.0	70927
70932	1.0	70932
70946	1.0	70946
70948	1.0	70948
70958	1.0	70958
70961	1.0	70961
70964	1.0	70964
70968	1.0	70968
70970	1.0	70970
70976	1.0	70976
70978	1.0	70978
70984	1.0	70984
70988	1.0	70988
70990	1.0	70990
70992	1.0	70992
70994	1.0	70994
71007	1.0	71007
71011	1.0	71011
71014	1.0	71014
71017	1.0	71017
71027	1.0	71027
71029	1.0	71029
71033	1.0	71033
71047	1.0	71047
71057	1.0	71057
71065	1.0	71065
71067	1.0	71067
71069	1.0	71069
71094	1.0	71094
71096	1.0	71096
71102	1.0	71102
71104	1.0	71104
71106	1.0	71106
71108	1.0	71108
71110	1.0	71110
71112	1.0	71112
71114	1.0	71114
71116	1.0	71116
71129	1.0	71129
71131	1.0	71131
71133	1.0	71133
71135	1.0	71135
71139	1.0	71139
71141	1.0	71141
71143	1.0	71143
71147	1.0	71147
71152	1.0	71152
71154	1.0	71154
71156	1.0	71156
71158	1.0	71158
71160	1.0	71160
71164	1.0	71164
71168	1.0	71168
71170	1.0	71170
71178	1.0	71178
71180	1.0	71180
71182	1.0	71182
71184	1.0	71184
71187	1.0	71187
71189	1.0	71189
71199	1.0	71199
71201	1.0	71201
71203	1.0	71203
71205	1.0	71205
71211	1.0	71211
71216	1.0	71216
71237	1.0	71237
71239	1.0	71239
71241	1.0	71241
71243	1.0	71243
71246	1.0	71246
71248	1.0	71248
71252	1.0	71252
71254	1.0	71254
71264	1.0	71264
71266	1.0	71266
71268	1.0	71268
71276	1.0	71276
71278	1.0	71278
71280	1.0	71280
71282	1.0	71282
71285	1.0	71285
71300	1.0	71300
71302	1.0	71302
71304	1.0	71304
71318	1.0	71318
71322	1.0	71322
71325	1.0	71325
71327	1.0	71327
71341	1.0	71341
71343	1.0	71343
71348	1.0	71348
71350	1.0	71350
71357	1.0	71357
71361	1.0	71361
71363	1.0	71363
71372	1.0	71372
71374	1.0	71374
71376	1.0	71376
71379	1.0	71379
71382	1.0	71382
71384	1.0	71384
71386	1.0	71386
71390	1.0	71390
71402	1.0	71402
71404	1.0	71404
71409	1.0	71409
71413	1.0	71413
71416	1.0	71416
71418	1.0	71418
71426	1.0	71426
71429	1.0	71429
71433	1.0	71433
71438	1.0	71438
71442	1.0	71442
71444	1.0	71444
71446	1.0	71446
71448	1.0	71448
71450	1.0	71450
71453	1.0	71453
71458	1.0	71458
71460	1.0	71460
71462	1.0	71462
71464	1.0	71464
71466	1.0	71466
71468	1.0	71468
71472	1.0	71472
71474	1.0	71474
71482	1.0	71482
71484	1.0	71484
71486	1.0	71486
71488	1.0	71488
71490	1.0	71490
71494	1.0	71494
71497	1.0	71497
71500	1.0	71500
71503	1.0	71503
71518	1.0	71518
71520	1.0	71520
71522	1.0	71522
71525	1.0	71525
71530	1.0	71530
71533	1.0	71533
71535	1.0	71535
71537	1.0	71537
71542	1.0	71542
71545	1.0	71545
71550	1.0	71550
71556	1.0	71556
71558	1.0	71558
71560	1.0	71560
71571	1.0	71571
71573	1.0	71573
71575	1.0	71575
71579	1.0	71579
71582	1.0	71582
71591	1.0	71591
71606	1.0	71606
71619	1.0	71619
71634	1.0	71634
71638	1.0	71638
71640	1.0	71640
71650	1.0	71650
71653	1.0	71653
71664	1.0	71664
71668	1.0	71668
71670	1.0	71670
71675	1.0	71675
71677	1.0	71677
71685	1.0	71685
71688	1.0	71688
71691	1.0	71691
71693	1.0	71693
71695	1.0	71695
71697	1.0	71697
71700	1.0	71700
71702	1.0	71702
71705	1.0	71705
71707	1.0	71707
71709	1.0	71709
71717	1.0	71717
71719	1.0	71719
71726	1.0	71726
71728	1.0	71728
71730	1.0	71730
71732	1.0	71732
71736	1.0	71736
71738	1.0	71738
71740	1.0	71740
71743	1.0	71743
71745	1.0	71745
71748	1.0	71748
71750	1.0	71750
71755	1.0	71755
71758	1.0	71758
71760	1.0	71760
71762	1.0	71762
71765	1.0	71765
71779	1.0	71779
71792	1.0	71792
71795	1.0	71795
71804	1.0	71804
71806	1.0	71806
71808	1.0	71808
71810	1.0	71810
71817	1.0	71817
71821	1.0	71821
71823	1.0	71823
71838	1.0	71838
71840	1.0	71840
71851	1.0	71851
71865	1.0	71865
71867	1.0	71867
71873	1.0	71873
71876	1.0	71876
71878	1.0	71878
71888	1.0	71888
71899	1.0	71899
71902	1.0	71902
71910	1.0	71910
71926	1.0	71926
71928	1.0	71928
71931	1.0	71931
71933	1.0	71933
71936	1.0	71936
71938	1.0	71938
71940	1.0	71940
71942	1.0	71942
71966	1.0	71966
71970	1.0	71970
71973	1.0	71973
71976	1.0	71976
71978	1.0	71978
71980	1.0	71980
71986	1.0	71986
71989	1.0	71989
71991	1.0	71991
71993	1.0	71993
71995	1.0	71995
71999	1.0	71999
72001	1.0	72001
72011	1.0	72011
72013	1.0	72013
72016	1.0	72016
72018	1.0	72018
72022	1.0	72022
72027	1.0	72027
72030	1.0	72030
72032	1.0	72032
72035	1.0	72035
72037	1.0	72037
72039	1.0	72039
72041	1.0	72041
72043	1.0	72043
72045	1.0	72045
72090	1.0	72090
72092	1.0	72092
72094	1.0	72094
72096	1.0	72096
72100	1.0	72100
72102	1.0	72102
72104	1.0	72104
72109	1.0	72109
72113	1.0	72113
72117	1.0	72117
72124	1.0	72124
72129	1.0	72129
72131	1.0	72131
72142	1.0	72142
72153	1.0	72153
72156	1.0	72156
72159	1.0	72159
72161	1.0	72161
72163	1.0	72163
72165	1.0	72165
72167	1.0	72167
72169	1.0	72169
72171	1.0	72171
72176	1.0	72176
72178	1.0	72178
72204	1.0	72204
72209	1.0	72209
72212	1.0	72212
72216	1.0	72216
72224	1.0	72224
72226	1.0	72226
72228	1.0	72228
72235	1.0	72235
72249	1.0	72249
72258	1.0	72258
72261	1.0	72261
72263	1.0	72263
72265	1.0	72265
72267	1.0	72267
72273	1.0	72273
72276	1.0	72276
72281	1.0	72281
72283	1.0	72283
72287	1.0	72287
72290	1.0	72290
72292	1.0	72292
72294	1.0	72294
72298	1.0	72298
72300	1.0	72300
72302	1.0	72302
72304	1.0	72304
72308	1.0	72308
72310	1.0	72310
72315	1.0	72315
72321	1.0	72321
72327	1.0	72327
72330	1.0	72330
72332	1.0	72332
72334	1.0	72334
72336	1.0	72336
72340	1.0	72340
72342	1.0	72342
72344	1.0	72344
72356	1.0	72356
72360	1.0	72360
72363	1.0	72363
72367	1.0	72367
72369	1.0	72369
72378	1.0	72378
72380	1.0	72380
72386	1.0	72386
72388	1.0	72388
72393	1.0	72393
72395	1.0	72395
72400	1.0	72400
72405	1.0	72405
72407	1.0	72407
72424	1.0	72424
72479	1.0	72479
72483	1.0	72483
72485	1.0	72485
72489	1.0	72489
72491	1.0	72491
72505	1.0	72505
72507	1.0	72507
72512	1.0	72512
72516	1.0	72516
72524	1.0	72524
72537	1.0	72537
72552	1.0	72552
72554	1.0	72554
72557	1.0	72557
72559	1.0	72559
72571	1.0	72571
72574	1.0	72574
72583	1.0	72583
72585	1.0	72585
72587	1.0	72587
72589	1.0	72589
72591	1.0	72591
72593	1.0	72593
72601	1.0	72601
72603	1.0	72603
72605	1.0	72605
72607	1.0	72607
72609	1.0	72609
72612	1.0	72612
72618	1.0	72618
72621	1.0	72621
72624	1.0	72624
72626	1.0	72626
72628	1.0	72628
72630	1.0	72630
72632	1.0	72632
72634	1.0	72634
72637	1.0	72637
72641	1.0	72641
72643	1.0	72643
72645	1.0	72645
72647	1.0	72647
72649	1.0	72649
72651	1.0	72651
72653	1.0	72653
72657	1.0	72657
72668	1.0	72668
72670	1.0	72670
72672	1.0	72672
72674	1.0	72674
72678	1.0	72678
72681	1.0	72681
72683	1.0	72683
72692	1.0	72692
72694	1.0	72694
72696	1.0	72696
72698	1.0	72698
72701	1.0	72701
72703	1.0	72703
72712	1.0	72712
72714	1.0	72714
72718	1.0	72718
72720	1.0	72720
72722	1.0	72722
72724	1.0	72724
72726	1.0	72726
72731	1.0	72731
72733	1.0	72733
72735	1.0	72735
72737	1.0	72737
72741	1.0	72741
72751	1.0	72751
72762	1.0	72762
72764	1.0	72764
72777	1.0	72777
72781	1.0	72781
72784	1.0	72784
72787	1.0	72787
72815	1.0	72815
72822	1.0	72822
72833	1.0	72833
72840	1.0	72840
72844	1.0	72844
72846	1.0	72846
72848	1.0	72848
72850	1.0	72850
72852	1.0	72852
72854	1.0	72854
72856	1.0	72856
72866	1.0	72866
72870	1.0	72870
72872	1.0	72872
72874	1.0	72874
72876	1.0	72876
72878	1.0	72878
72880	1.0	72880
72883	1.0	72883
72885	1.0	72885
72897	1.0	72897
72899	1.0	72899
72904	1.0	72904
72906	1.0	72906
72908	1.0	72908
72910	1.0	72910
72913	1.0	72913
72915	1.0	72915
72919	1.0	72919
72921	1.0	72921
72923	1.0	72923
72925	1.0	72925
72927	1.0	72927
72929	1.0	72929
72931	1.0	72931
72934	1.0	72934
72936	1.0	72936
72947	1.0	72947
72949	1.0	72949
72953	1.0	72953
72956	1.0	72956
72958	1.0	72958
72960	1.0	72960
72980	1.0	72980
72982	1.0	72982
72995	1.0	72995
72998	1.0	72998
73000	1.0	73000
73002	1.0	73002
73008	1.0	73008
73010	1.0	73010
73015	1.0	73015
73017	1.0	73017
73023	1.0	73023
73025	1.0	73025
73027	1.0	73027
73031	1.0	73031
73042	1.0	73042
73049	1.0	73049
73051	1.0	73051
73056	1.0	73056
73060	1.0	73060
73064	1.0	73064
73086	1.0	73086
73089	1.0	73089
73099	1.0	73099
73101	1.0	73101
73106	1.0	73106
73109	1.0	73109
73111	1.0	73111
73114	1.0	73114
73117	1.0	73117
73121	1.0	73121
73123	1.0	73123
73125	1.0	73125
73133	1.0	73133
73135	1.0	73135
73137	1.0	73137
73139	1.0	73139
73143	1.0	73143
73145	1.0	73145
73148	1.0	73148
73150	1.0	73150
73152	1.0	73152
73154	1.0	73154
73158	1.0	73158
73160	1.0	73160
73162	1.0	73162
73165	1.0	73165
73168	1.0	73168
73170	1.0	73170
73183	1.0	73183
73185	1.0	73185
73188	1.0	73188
73194	1.0	73194
73196	1.0	73196
73198	1.0	73198
73200	1.0	73200
73202	1.0	73202
73204	1.0	73204
73208	1.0	73208
73211	1.0	73211
73224	1.0	73224
73226	1.0	73226
73228	1.0	73228
73230	1.0	73230
73232	1.0	73232
73234	1.0	73234
73236	1.0	73236
73240	1.0	73240
73245	1.0	73245
73256	1.0	73256
73261	1.0	73261
73266	1.0	73266
73268	1.0	73268
73270	1.0	73270
73276	1.0	73276
73284	1.0	73284
73286	1.0	73286
73290	1.0	73290
73304	1.0	73304
73306	1.0	73306
73314	1.0	73314
73317	1.0	73317
73319	1.0	73319
73321	1.0	73321
73323	1.0	73323
73328	1.0	73328
73330	1.0	73330
73334	1.0	73334
73339	1.0	73339
73344	1.0	73344
73355	1.0	73355
73359	1.0	73359
73365	1.0	73365
73370	1.0	73370
73384	1.0	73384
73386	1.0	73386
73390	1.0	73390
73392	1.0	73392
73399	1.0	73399
73401	1.0	73401
73411	1.0	73411
73413	1.0	73413
73416	1.0	73416
73431	1.0	73431
73442	1.0	73442
73444	1.0	73444
73447	1.0	73447
73449	1.0	73449
73453	1.0	73453
73457	1.0	73457
73460	1.0	73460
73462	1.0	73462
73464	1.0	73464
73466	1.0	73466
73469	1.0	73469
73472	1.0	73472
73475	1.0	73475
73478	1.0	73478
73480	1.0	73480
73488	1.0	73488
73492	1.0	73492
73494	1.0	73494
73499	1.0	73499
73501	1.0	73501
73504	1.0	73504
73511	1.0	73511
73513	1.0	73513
73515	1.0	73515
73523	1.0	73523
73526	1.0	73526
73529	1.0	73529
73531	1.0	73531
73533	1.0	73533
73569	1.0	73569
73572	1.0	73572
73581	1.0	73581
73587	1.0	73587
73590	1.0	73590
73608	1.0	73608
73614	1.0	73614
73617	1.0	73617
73630	1.0	73630
73639	1.0	73639
73641	1.0	73641
73664	1.0	73664
73668	1.0	73668
73676	1.0	73676
73678	1.0	73678
73681	1.0	73681
73708	1.0	73708
73710	1.0	73710
73713	1.0	73713
73718	1.0	73718
73730	1.0	73730
73741	1.0	73741
73744	1.0	73744
73754	1.0	73754
73759	1.0	73759
73772	1.0	73772
73774	1.0	73774
73776	1.0	73776
73778	1.0	73778
73780	1.0	73780
73782	1.0	73782
73790	1.0	73790
73804	1.0	73804
73808	1.0	73808
73813	1.0	73813
73818	1.0	73818
73820	1.0	73820
73822	1.0	73822
73824	1.0	73824
73826	1.0	73826
73829	1.0	73829
73831	1.0	73831
73834	1.0	73834
73851	1.0	73851
73854	1.0	73854
73858	1.0	73858
73860	1.0	73860
73862	1.0	73862
73868	1.0	73868
73870	1.0	73870
73872	1.0	73872
73874	1.0	73874
73876	1.0	73876
73879	1.0	73879
73881	1.0	73881
73883	1.0	73883
73885	1.0	73885
73900	1.0	73900
73912	1.0	73912
73914	1.0	73914
73919	1.0	73919
73922	1.0	73922
73929	1.0	73929
73954	1.0	73954
73967	1.0	73967
73978	1.0	73978
73981	1.0	73981
73983	1.0	73983
73987	1.0	73987
73989	1.0	73989
73991	1.0	73991
74014	1.0	74014
74017	1.0	74017
74056	1.0	74056
74061	1.0	74061
74064	1.0	74064
74075	1.0	74075
74086	1.0	74086
74089	1.0	74089
74095	1.0	74095
74097	1.0	74097
74099	1.0	74099
74103	1.0	74103
74107	1.0	74107
74109	1.0	74109
74111	1.0	74111
74113	1.0	74113
74115	1.0	74115
74127	1.0	74127
74129	1.0	74129
74131	1.0	74131
74135	1.0	74135
74137	1.0	74137
74139	1.0	74139
74141	1.0	74141
74144	1.0	74144
74148	1.0	74148
74150	1.0	74150
74152	1.0	74152
74154	1.0	74154
74156	1.0	74156
74159	1.0	74159
74161	1.0	74161
74164	1.0	74164
74204	1.0	74204
74226	1.0	74226
74228	1.0	74228
74230	1.0	74230
74255	1.0	74255
74257	1.0	74257
74261	1.0	74261
74263	1.0	74263
74266	1.0	74266
74271	1.0	74271
74275	1.0	74275
74282	1.0	74282
74284	1.0	74284
74287	1.0	74287
74297	1.0	74297
74300	1.0	74300
74302	1.0	74302
74306	1.0	74306
74310	1.0	74310
74317	1.0	74317
74319	1.0	74319
74324	1.0	74324
74327	1.0	74327
74332	1.0	74332
74337	1.0	74337
74339	1.0	74339
74342	1.0	74342
74355	1.0	74355
74370	1.0	74370
74382	1.0	74382
74404	1.0	74404
74406	1.0	74406
74416	1.0	74416
74426	1.0	74426
74428	1.0	74428
74431	1.0	74431
74434	1.0	74434
74436	1.0	74436
74438	1.0	74438
74446	1.0	74446
74448	1.0	74448
74450	1.0	74450
74452	1.0	74452
74456	1.0	74456
74458	1.0	74458
74471	1.0	74471
74473	1.0	74473
74475	1.0	74475
74478	1.0	74478
74480	1.0	74480
74484	1.0	74484
74486	1.0	74486
74488	1.0	74488
74491	1.0	74491
74493	1.0	74493
74504	1.0	74504
74506	1.0	74506
74508	1.0	74508
74510	1.0	74510
74512	1.0	74512
74530	1.0	74530
74532	1.0	74532
74538	1.0	74538
74541	1.0	74541
74545	1.0	74545
74547	1.0	74547
74553	1.0	74553
74573	1.0	74573
74575	1.0	74575
74580	1.0	74580
74582	1.0	74582
74588	1.0	74588
74590	1.0	74590
74595	1.0	74595
74613	1.0	74613
74619	1.0	74619
74621	1.0	74621
74624	1.0	74624
74630	1.0	74630
74641	1.0	74641
74647	1.0	74647
74649	1.0	74649
74653	1.0	74653
74657	1.0	74657
74668	1.0	74668
74671	1.0	74671
74673	1.0	74673
74675	1.0	74675
74677	1.0	74677
74679	1.0	74679
74681	1.0	74681
74683	1.0	74683
74685	1.0	74685
74688	1.0	74688
74696	1.0	74696
74698	1.0	74698
74701	1.0	74701
74706	1.0	74706
74727	1.0	74727
74731	1.0	74731
74733	1.0	74733
74738	1.0	74738
74740	1.0	74740
74748	1.0	74748
74750	1.0	74750
74752	1.0	74752
74754	1.0	74754
74760	1.0	74760
74777	1.0	74777
74780	1.0	74780
74782	1.0	74782
74787	1.0	74787
74789	1.0	74789
74791	1.0	74791
74795	1.0	74795
74799	1.0	74799
74818	1.0	74818
74820	1.0	74820
74827	1.0	74827
74851	1.0	74851
74857	1.0	74857
74859	1.0	74859
74864	1.0	74864
74868	1.0	74868
74870	1.0	74870
74886	1.0	74886
74916	1.0	74916
74937	1.0	74937
74944	1.0	74944
74946	1.0	74946
74948	1.0	74948
74965	1.0	74965
74967	1.0	74967
75335	1.0	75335
75341	1.0	75341
75345	1.0	75345
75349	1.0	75349
75351	1.0	75351
75362	1.0	75362
75367	1.0	75367
75370	1.0	75370
75374	1.0	75374
75386	1.0	75386
75389	1.0	75389
75392	1.0	75392
75395	1.0	75395
75397	1.0	75397
75402	1.0	75402
75404	1.0	75404
75406	1.0	75406
75408	1.0	75408
75414	1.0	75414
75416	1.0	75416
75421	1.0	75421
75423	1.0	75423
75425	1.0	75425
75428	1.0	75428
75434	1.0	75434
75436	1.0	75436
75438	1.0	75438
75440	1.0	75440
75443	1.0	75443
75446	1.0	75446
75803	1.0	75803
75805	1.0	75805
75808	1.0	75808
75813	1.0	75813
75816	1.0	75816
75818	1.0	75818
75820	1.0	75820
75823	1.0	75823
75825	1.0	75825
75831	1.0	75831
75927	1.0	75927
75929	1.0	75929
75938	1.0	75938
75940	1.0	75940
75947	1.0	75947
75950	1.0	75950
75962	1.0	75962
75977	1.0	75977
75979	1.0	75979
75981	1.0	75981
75983	1.0	75983
75985	1.0	75985
75990	1.0	75990
75992	1.0	75992
75994	1.0	75994
76022	1.0	76022
76030	1.0	76030
76032	1.0	76032
76034	1.0	76034
76049	1.0	76049
76051	1.0	76051
76054	1.0	76054
76056	1.0	76056
76060	1.0	76060
76063	1.0	76063
76066	1.0	76066
76077	1.0	76077
76079	1.0	76079
76082	1.0	76082
76085	1.0	76085
76087	1.0	76087
76089	1.0	76089
76091	1.0	76091
76093	1.0	76093
76108	1.0	76108
76111	1.0	76111
76117	1.0	76117
76119	1.0	76119
76121	1.0	76121
76127	1.0	76127
76130	1.0	76130
76132	1.0	76132
76134	1.0	76134
76137	1.0	76137
76143	1.0	76143
76145	1.0	76145
76147	1.0	76147
76149	1.0	76149
76151	1.0	76151
76153	1.0	76153
76156	1.0	76156
76158	1.0	76158
76169	1.0	76169
76171	1.0	76171
76173	1.0	76173
76175	1.0	76175
76182	1.0	76182
76185	1.0	76185
76187	1.0	76187
76189	1.0	76189
76208	1.0	76208
76210	1.0	76210
76217	1.0	76217
76238	1.0	76238
76241	1.0	76241
76244	1.0	76244
76251	1.0	76251
76255	1.0	76255
76258	1.0	76258
76269	1.0	76269
76272	1.0	76272
76277	1.0	76277
76279	1.0	76279
76288	1.0	76288
76291	1.0	76291
76293	1.0	76293
76298	1.0	76298
76301	1.0	76301
76303	1.0	76303
76312	1.0	76312
76317	1.0	76317
76533	1.0	76533
76680	1.0	76680
76692	1.0	76692
76695	1.0	76695
76699	1.0	76699
76701	1.0	76701
76709	1.0	76709
76711	1.0	76711
76714	1.0	76714
76716	1.0	76716
76718	1.0	76718
76720	1.0	76720
76722	1.0	76722
76729	1.0	76729
76731	1.0	76731
76736	1.0	76736
76738	1.0	76738
76743	1.0	76743
76747	1.0	76747
76751	1.0	76751
76753	1.0	76753
76755	1.0	76755
76758	1.0	76758
76763	1.0	76763
76770	1.0	76770
76772	1.0	76772
76776	1.0	76776
76778	1.0	76778
76808	1.0	76808
76811	1.0	76811
76814	1.0	76814
76816	1.0	76816
76818	1.0	76818
76823	1.0	76823
76827	1.0	76827
76829	1.0	76829
76832	1.0	76832
76836	1.0	76836
76860	1.0	76860
76862	1.0	76862
76864	1.0	76864
76866	1.0	76866
76873	1.0	76873
77141	1.0	77141
77143	1.0	77143
77146	1.0	77146
77149	1.0	77149
77154	1.0	77154
77156	1.0	77156
77162	1.0	77162
77177	1.0	77177
77179	1.0	77179
77181	1.0	77181
77184	1.0	77184
77189	1.0	77189
77191	1.0	77191
77201	1.0	77201
77204	1.0	77204
77206	1.0	77206
77208	1.0	77208
77210	1.0	77210
77212	1.0	77212
77217	1.0	77217
77223	1.0	77223
77229	1.0	77229
77231	1.0	77231
77233	1.0	77233
77238	1.0	77238
77240	1.0	77240
77259	1.0	77259
77264	1.0	77264
77266	1.0	77266
77281	1.0	77281
77291	1.0	77291
77293	1.0	77293
77296	1.0	77296
77298	1.0	77298
77300	1.0	77300
77303	1.0	77303
77307	1.0	77307
77312	1.0	77312
77316	1.0	77316
77318	1.0	77318
77326	1.0	77326
77328	1.0	77328
77330	1.0	77330
77332	1.0	77332
77336	1.0	77336
77339	1.0	77339
77342	1.0	77342
77344	1.0	77344
77349	1.0	77349
77351	1.0	77351
77353	1.0	77353
77355	1.0	77355
77357	1.0	77357
77359	1.0	77359
77362	1.0	77362
77364	1.0	77364
77370	1.0	77370
77412	1.0	77412
77414	1.0	77414
77416	1.0	77416
77421	1.0	77421
77427	1.0	77427
77433	1.0	77433
77435	1.0	77435
77444	1.0	77444
77449	1.0	77449
77451	1.0	77451
77455	1.0	77455
77463	1.0	77463
77468	1.0	77468
77470	1.0	77470
77479	1.0	77479
77481	1.0	77481
77491	1.0	77491
77493	1.0	77493
77496	1.0	77496
77509	1.0	77509
77517	1.0	77517
77538	1.0	77538
77540	1.0	77540
77550	1.0	77550
77561	1.0	77561
77596	1.0	77596
77613	1.0	77613
77615	1.0	77615
77629	1.0	77629
77658	1.0	77658
77665	1.0	77665
77667	1.0	77667
77672	1.0	77672
77680	1.0	77680
77682	1.0	77682
77688	1.0	77688
77707	1.0	77707
77709	1.0	77709
77711	1.0	77711
77715	1.0	77715
77719	1.0	77719
77721	1.0	77721
77729	1.0	77729
77731	1.0	77731
77734	1.0	77734
77736	1.0	77736
77738	1.0	77738
77742	1.0	77742
77744	1.0	77744
77752	1.0	77752
77770	1.0	77770
77772	1.0	77772
77774	1.0	77774
77776	1.0	77776
77778	1.0	77778
77780	1.0	77780
77783	1.0	77783
77788	1.0	77788
77795	1.0	77795
77798	1.0	77798
77800	1.0	77800
77802	1.0	77802
77808	1.0	77808
77810	1.0	77810
77816	1.0	77816
77818	1.0	77818
77820	1.0	77820
77829	1.0	77829
77831	1.0	77831
77833	1.0	77833
77835	1.0	77835
77837	1.0	77837
77841	1.0	77841
77843	1.0	77843
77846	1.0	77846
77852	1.0	77852
77854	1.0	77854
77866	1.0	77866
77875	1.0	77875
77881	1.0	77881
77883	1.0	77883
77891	1.0	77891
77893	1.0	77893
77896	1.0	77896
77899	1.0	77899
77907	1.0	77907
77910	1.0	77910
77917	1.0	77917
77919	1.0	77919
77921	1.0	77921
77931	1.0	77931
77941	1.0	77941
77944	1.0	77944
77947	1.0	77947
77951	1.0	77951
77966	1.0	77966
77968	1.0	77968
77979	1.0	77979
77981	1.0	77981
77983	1.0	77983
77985	1.0	77985
77990	1.0	77990
78000	1.0	78000
78003	1.0	78003
78006	1.0	78006
78009	1.0	78009
78011	1.0	78011
78014	1.0	78014
78016	1.0	78016
78019	1.0	78019
78022	1.0	78022
78025	1.0	78025
78030	1.0	78030
78032	1.0	78032
78034	1.0	78034
78037	1.0	78037
78039	1.0	78039
78041	1.0	78041
78043	1.0	78043
78045	1.0	78045
78054	1.0	78054
78057	1.0	78057
78059	1.0	78059
78062	1.0	78062
78064	1.0	78064
78066	1.0	78066
78068	1.0	78068
78071	1.0	78071
78073	1.0	78073
78081	1.0	78081
78084	1.0	78084
78086	1.0	78086
78088	1.0	78088
78090	1.0	78090
78093	1.0	78093
78095	1.0	78095
78097	1.0	78097
78099	1.0	78099
78101	1.0	78101
78103	1.0	78103
78105	1.0	78105
78111	1.0	78111
78116	1.0	78116
78122	1.0	78122
78124	1.0	78124
78128	1.0	78128
78130	1.0	78130
78132	1.0	78132
78140	1.0	78140
78142	1.0	78142
78145	1.0	78145
78157	1.0	78157
78160	1.0	78160
78162	1.0	78162
78168	1.0	78168
78170	1.0	78170
78174	1.0	78174
78181	1.0	78181
78184	1.0	78184
78186	1.0	78186
78192	1.0	78192
78196	1.0	78196
78207	1.0	78207
78209	1.0	78209
78211	1.0	78211
78218	1.0	78218
78222	1.0	78222
78224	1.0	78224
78235	1.0	78235
78245	1.0	78245
78247	1.0	78247
78249	1.0	78249
78251	1.0	78251
78264	1.0	78264
78266	1.0	78266
78268	1.0	78268
78270	1.0	78270
78272	1.0	78272
78276	1.0	78276
78278	1.0	78278
78290	1.0	78290
78295	1.0	78295
78308	1.0	78308
78313	1.0	78313
78316	1.0	78316
78319	1.0	78319
78321	1.0	78321
78329	1.0	78329
78332	1.0	78332
78335	1.0	78335
78337	1.0	78337
78340	1.0	78340
78342	1.0	78342
78344	1.0	78344
78349	1.0	78349
78358	1.0	78358
78360	1.0	78360
78366	1.0	78366
78370	1.0	78370
78376	1.0	78376
78379	1.0	78379
78381	1.0	78381
78405	1.0	78405
78408	1.0	78408
78410	1.0	78410
78413	1.0	78413
78416	1.0	78416
78418	1.0	78418
78420	1.0	78420
78422	1.0	78422
78438	1.0	78438
78442	1.0	78442
78445	1.0	78445
78459	1.0	78459
78461	1.0	78461
78463	1.0	78463
78465	1.0	78465
78467	1.0	78467
78469	1.0	78469
78483	1.0	78483
78488	1.0	78488
78490	1.0	78490
78499	1.0	78499
78517	1.0	78517
78519	1.0	78519
78528	1.0	78528
78534	1.0	78534
78536	1.0	78536
78539	1.0	78539
78544	1.0	78544
78557	1.0	78557
78574	1.0	78574
78579	1.0	78579
78583	1.0	78583
78585	1.0	78585
78606	1.0	78606
78612	1.0	78612
78614	1.0	78614
78618	1.0	78618
78620	1.0	78620
78622	1.0	78622
78626	1.0	78626
78629	1.0	78629
78631	1.0	78631
78633	1.0	78633
78635	1.0	78635
78637	1.0	78637
78640	1.0	78640
78642	1.0	78642
78646	1.0	78646
78649	1.0	78649
78651	1.0	78651
78653	1.0	78653
78655	1.0	78655
78658	1.0	78658
78666	1.0	78666
78669	1.0	78669
78673	1.0	78673
78677	1.0	78677
78679	1.0	78679
78681	1.0	78681
78684	1.0	78684
78690	1.0	78690
78696	1.0	78696
78698	1.0	78698
78701	1.0	78701
78703	1.0	78703
78713	1.0	78713
78715	1.0	78715
78717	1.0	78717
78721	1.0	78721
78723	1.0	78723
78727	1.0	78727
78729	1.0	78729
78737	1.0	78737
78739	1.0	78739
78742	1.0	78742
78746	1.0	78746
78748	1.0	78748
78757	1.0	78757
78759	1.0	78759
78765	1.0	78765
78772	1.0	78772
78774	1.0	78774
78776	1.0	78776
78827	1.0	78827
78829	1.0	78829
78832	1.0	78832
78834	1.0	78834
78836	1.0	78836
78838	1.0	78838
78856	1.0	78856
78858	1.0	78858
78860	1.0	78860
78873	1.0	78873
78885	1.0	78885
78893	1.0	78893
78895	1.0	78895
78898	1.0	78898
78903	1.0	78903
78905	1.0	78905
78909	1.0	78909
78913	1.0	78913
78916	1.0	78916
78919	1.0	78919
78921	1.0	78921
78934	1.0	78934
78941	1.0	78941
78944	1.0	78944
78946	1.0	78946
78949	1.0	78949
78951	1.0	78951
78955	1.0	78955
78957	1.0	78957
78959	1.0	78959
78961	1.0	78961
78965	1.0	78965
78967	1.0	78967
78974	1.0	78974
78976	1.0	78976
78978	1.0	78978
78980	1.0	78980
78982	1.0	78982
78984	1.0	78984
78986	1.0	78986
78991	1.0	78991
78993	1.0	78993
79003	1.0	79003
79006	1.0	79006
79008	1.0	79008
79010	1.0	79010
79022	1.0	79022
79029	1.0	79029
79031	1.0	79031
79035	1.0	79035
79038	1.0	79038
79043	1.0	79043
79045	1.0	79045
79057	1.0	79057
79060	1.0	79060
79063	1.0	79063
79065	1.0	79065
79067	1.0	79067
79073	1.0	79073
79077	1.0	79077
79081	1.0	79081
79083	1.0	79083
79091	1.0	79091
79094	1.0	79094
79104	1.0	79104
79106	1.0	79106
79109	1.0	79109
79111	1.0	79111
79124	1.0	79124
79127	1.0	79127
79132	1.0	79132
79134	1.0	79134
79136	1.0	79136
79139	1.0	79139
79158	1.0	79158
79163	1.0	79163
79166	1.0	79166
79185	1.0	79185
79187	1.0	79187
79191	1.0	79191
79195	1.0	79195
79197	1.0	79197
79203	1.0	79203
79207	1.0	79207
79213	1.0	79213
79220	1.0	79220
79222	1.0	79222
79224	1.0	79224
79226	1.0	79226
79228	1.0	79228
79230	1.0	79230
79232	1.0	79232
79234	1.0	79234
79236	1.0	79236
79238	1.0	79238
79242	1.0	79242
79244	1.0	79244
79247	1.0	79247
79249	1.0	79249
79251	1.0	79251
79254	1.0	79254
79259	1.0	79259
79274	1.0	79274
79276	1.0	79276
79278	1.0	79278
79281	1.0	79281
79283	1.0	79283
79285	1.0	79285
79287	1.0	79287
79293	1.0	79293
79299	1.0	79299
79303	1.0	79303
79311	1.0	79311
79318	1.0	79318
79321	1.0	79321
79327	1.0	79327
79329	1.0	79329
79333	1.0	79333
79335	1.0	79335
79337	1.0	79337
79339	1.0	79339
79344	1.0	79344
79346	1.0	79346
79348	1.0	79348
79357	1.0	79357
79363	1.0	79363
79368	1.0	79368
79388	1.0	79388
79395	1.0	79395
79397	1.0	79397
79400	1.0	79400
79402	1.0	79402
79410	1.0	79410
79424	1.0	79424
79428	1.0	79428
79430	1.0	79430
79458	1.0	79458
79461	1.0	79461
79463	1.0	79463
79467	1.0	79467
79469	1.0	79469
79471	1.0	79471
79473	1.0	79473
79475	1.0	79475
79477	1.0	79477
79494	1.0	79494
79496	1.0	79496
79498	1.0	79498
79501	1.0	79501
79505	1.0	79505
79507	1.0	79507
79515	1.0	79515
79519	1.0	79519
79521	1.0	79521
79523	1.0	79523
79525	1.0	79525
79528	1.0	79528
79533	1.0	79533
79536	1.0	79536
79539	1.0	79539
79541	1.0	79541
79543	1.0	79543
79545	1.0	79545
79547	1.0	79547
79551	1.0	79551
79553	1.0	79553
79561	1.0	79561
79565	1.0	79565
79568	1.0	79568
79570	1.0	79570
79572	1.0	79572
79575	1.0	79575
79578	1.0	79578
79580	1.0	79580
79588	1.0	79588
79590	1.0	79590
79592	1.0	79592
79594	1.0	79594
79596	1.0	79596
79599	1.0	79599
79601	1.0	79601
79603	1.0	79603
79607	1.0	79607
79610	1.0	79610
79617	1.0	79617
79627	1.0	79627
79633	1.0	79633
79636	1.0	79636
79638	1.0	79638
79640	1.0	79640
79642	1.0	79642
79644	1.0	79644
79647	1.0	79647
79651	1.0	79651
79653	1.0	79653
79656	1.0	79656
79663	1.0	79663
79667	1.0	79667
79677	1.0	79677
79681	1.0	79681
79684	1.0	79684
79686	1.0	79686
79688	1.0	79688
79692	1.0	79692
79695	1.0	79695
79702	1.0	79702
79709	1.0	79709
79711	1.0	79711
79718	1.0	79718
79720	1.0	79720
79723	1.0	79723
79725	1.0	79725
79731	1.0	79731
79736	1.0	79736
79739	1.0	79739
79741	1.0	79741
79760	1.0	79760
79765	1.0	79765
79767	1.0	79767
79769	1.0	79769
79771	1.0	79771
79773	1.0	79773
79775	1.0	79775
79794	1.0	79794
79796	1.0	79796
79798	1.0	79798
79800	1.0	79800
79802	1.0	79802
79805	1.0	79805
79807	1.0	79807
79809	1.0	79809
79824	1.0	79824
79828	1.0	79828
79830	1.0	79830
79832	1.0	79832
79835	1.0	79835
79838	1.0	79838
79842	1.0	79842
79844	1.0	79844
79846	1.0	79846
79848	1.0	79848
79850	1.0	79850
79855	1.0	79855
79860	1.0	79860
79863	1.0	79863
79866	1.0	79866
79868	1.0	79868
79870	1.0	79870
79872	1.0	79872
79874	1.0	79874
79879	1.0	79879
79882	1.0	79882
79884	1.0	79884
79895	1.0	79895
79897	1.0	79897
79901	1.0	79901
79910	1.0	79910
79912	1.0	79912
79914	1.0	79914
79916	1.0	79916
79918	1.0	79918
79920	1.0	79920
79923	1.0	79923
79925	1.0	79925
79927	1.0	79927
79929	1.0	79929
79936	1.0	79936
79946	1.0	79946
79953	1.0	79953
79955	1.0	79955
79972	1.0	79972
79974	1.0	79974
79977	1.0	79977
79980	1.0	79980
79987	1.0	79987
79994	1.0	79994
79996	1.0	79996
80004	1.0	80004
80014	1.0	80014
80020	1.0	80020
80022	1.0	80022
80026	1.0	80026
80033	1.0	80033
80038	1.0	80038
80041	1.0	80041
80044	1.0	80044
80049	1.0	80049
80054	1.0	80054
80072	1.0	80072
80074	1.0	80074
80076	1.0	80076
80083	1.0	80083
80086	1.0	80086
80094	1.0	80094
80097	1.0	80097
80100	1.0	80100
80102	1.0	80102
80104	1.0	80104
80107	1.0	80107
80109	1.0	80109
80111	1.0	80111
80122	1.0	80122
80124	1.0	80124
80126	1.0	80126
80129	1.0	80129
80132	1.0	80132
80135	1.0	80135
80137	1.0	80137
80139	1.0	80139
80141	1.0	80141
80144	1.0	80144
80146	1.0	80146
80152	1.0	80152
80154	1.0	80154
80158	1.0	80158
80160	1.0	80160
80162	1.0	80162
80164	1.0	80164
80166	1.0	80166
80179	1.0	80179
80181	1.0	80181
80183	1.0	80183
80185	1.0	80185
80189	1.0	80189
80191	1.0	80191
80193	1.0	80193
80195	1.0	80195
80204	1.0	80204
80206	1.0	80206
80208	1.0	80208
80210	1.0	80210
80214	1.0	80214
80217	1.0	80217
80219	1.0	80219
80222	1.0	80222
80224	1.0	80224
80226	1.0	80226
80230	1.0	80230
80233	1.0	80233
80235	1.0	80235
80241	1.0	80241
80243	1.0	80243
80247	1.0	80247
80258	1.0	80258
80260	1.0	80260
80264	1.0	80264
80267	1.0	80267
80269	1.0	80269
80271	1.0	80271
80281	1.0	80281
80283	1.0	80283
80285	1.0	80285
80288	1.0	80288
80290	1.0	80290
80292	1.0	80292
80295	1.0	80295
80311	1.0	80311
80313	1.0	80313
80315	1.0	80315
80321	1.0	80321
80324	1.0	80324
80328	1.0	80328
80330	1.0	80330
80337	1.0	80337
80339	1.0	80339
80344	1.0	80344
80346	1.0	80346
80348	1.0	80348
80350	1.0	80350
80352	1.0	80352
80354	1.0	80354
80358	1.0	80358
80361	1.0	80361
80363	1.0	80363
80374	1.0	80374
80398	1.0	80398
80400	1.0	80400
80402	1.0	80402
80405	1.0	80405
80408	1.0	80408
80417	1.0	80417
80419	1.0	80419
80421	1.0	80421
80424	1.0	80424
80428	1.0	80428
80430	1.0	80430
80432	1.0	80432
80444	1.0	80444
80447	1.0	80447
80449	1.0	80449
80451	1.0	80451
80454	1.0	80454
80456	1.0	80456
80463	1.0	80463
80465	1.0	80465
80467	1.0	80467
80469	1.0	80469
80472	1.0	80472
80476	1.0	80476
80478	1.0	80478
80480	1.0	80480
80487	1.0	80487
80489	1.0	80489
80491	1.0	80491
80494	1.0	80494
80498	1.0	80498
80500	1.0	80500
80502	1.0	80502
80505	1.0	80505
80549	1.0	80549
80551	1.0	80551
80553	1.0	80553
80557	1.0	80557
80560	1.0	80560
80566	1.0	80566
80568	1.0	80568
80570	1.0	80570
80572	1.0	80572
80574	1.0	80574
80582	1.0	80582
80584	1.0	80584
80586	1.0	80586
80588	1.0	80588
80590	1.0	80590
80592	1.0	80592
80596	1.0	80596
80599	1.0	80599
80611	1.0	80611
80615	1.0	80615
80617	1.0	80617
80619	1.0	80619
80622	1.0	80622
80639	1.0	80639
80641	1.0	80641
80646	1.0	80646
80648	1.0	80648
80650	1.0	80650
80653	1.0	80653
80655	1.0	80655
80659	1.0	80659
80661	1.0	80661
80667	1.0	80667
80677	1.0	80677
80680	1.0	80680
80683	1.0	80683
80693	1.0	80693
80701	1.0	80701
80713	1.0	80713
80715	1.0	80715
80717	1.0	80717
80719	1.0	80719
80722	1.0	80722
80725	1.0	80725
80727	1.0	80727
80729	1.0	80729
80731	1.0	80731
80733	1.0	80733
80736	1.0	80736
80738	1.0	80738
80740	1.0	80740
80742	1.0	80742
80744	1.0	80744
80746	1.0	80746
80748	1.0	80748
80759	1.0	80759
80761	1.0	80761
80763	1.0	80763
80768	1.0	80768
80775	1.0	80775
80777	1.0	80777
80779	1.0	80779
80787	1.0	80787
80789	1.0	80789
80792	1.0	80792
80797	1.0	80797
80799	1.0	80799
80806	1.0	80806
80808	1.0	80808
80810	1.0	80810
80812	1.0	80812
80816	1.0	80816
80818	1.0	80818
80820	1.0	80820
80825	1.0	80825
80827	1.0	80827
80831	1.0	80831
80834	1.0	80834
80836	1.0	80836
80839	1.0	80839
80844	1.0	80844
80846	1.0	80846
80848	1.0	80848
80858	1.0	80858
80860	1.0	80860
80862	1.0	80862
80864	1.0	80864
80866	1.0	80866
80870	1.0	80870
80880	1.0	80880
80891	1.0	80891
80893	1.0	80893
80899	1.0	80899
80901	1.0	80901
80903	1.0	80903
80906	1.0	80906
80908	1.0	80908
80917	1.0	80917
80924	1.0	80924
80926	1.0	80926
80928	1.0	80928
80933	1.0	80933
80939	1.0	80939
80941	1.0	80941
80947	1.0	80947
80950	1.0	80950
80952	1.0	80952
80954	1.0	80954
80967	1.0	80967
80969	1.0	80969
80972	1.0	80972
80980	1.0	80980
80984	1.0	80984
80986	1.0	80986
80990	1.0	80990
81000	1.0	81000
81014	1.0	81014
81018	1.0	81018
81020	1.0	81020
81027	1.0	81027
81029	1.0	81029
81031	1.0	81031
81041	1.0	81041
81046	1.0	81046
81049	1.0	81049
81051	1.0	81051
81054	1.0	81054
81059	1.0	81059
81061	1.0	81061
81064	1.0	81064
81067	1.0	81067
81069	1.0	81069
81072	1.0	81072
81075	1.0	81075
81080	1.0	81080
81083	1.0	81083
81085	1.0	81085
81087	1.0	81087
81090	1.0	81090
81092	1.0	81092
81094	1.0	81094
81100	1.0	81100
81102	1.0	81102
81104	1.0	81104
81107	1.0	81107
81109	1.0	81109
81111	1.0	81111
81117	1.0	81117
81123	1.0	81123
81125	1.0	81125
81130	1.0	81130
81132	1.0	81132
81138	1.0	81138
81140	1.0	81140
81142	1.0	81142
81145	1.0	81145
81147	1.0	81147
81150	1.0	81150
81152	1.0	81152
81156	1.0	81156
81158	1.0	81158
81162	1.0	81162
81164	1.0	81164
81172	1.0	81172
81180	1.0	81180
81182	1.0	81182
81184	1.0	81184
81191	1.0	81191
81193	1.0	81193
81195	1.0	81195
81198	1.0	81198
81200	1.0	81200
81204	1.0	81204
81214	1.0	81214
81216	1.0	81216
81225	1.0	81225
81229	1.0	81229
81238	1.0	81238
81243	1.0	81243
81248	1.0	81248
81250	1.0	81250
81257	1.0	81257
81270	1.0	81270
81274	1.0	81274
81276	1.0	81276
81281	1.0	81281
81305	1.0	81305
81312	1.0	81312
81314	1.0	81314
81316	1.0	81316
81322	1.0	81322
81324	1.0	81324
81328	1.0	81328
81330	1.0	81330
81333	1.0	81333
81347	1.0	81347
81349	1.0	81349
81351	1.0	81351
81355	1.0	81355
81357	1.0	81357
81359	1.0	81359
81362	1.0	81362
81364	1.0	81364
81366	1.0	81366
81371	1.0	81371
81381	1.0	81381
81383	1.0	81383
81385	1.0	81385
81387	1.0	81387
81389	1.0	81389
81391	1.0	81391
81393	1.0	81393
81396	1.0	81396
81398	1.0	81398
81403	1.0	81403
81405	1.0	81405
81411	1.0	81411
81413	1.0	81413
81415	1.0	81415
81417	1.0	81417
81424	1.0	81424
81427	1.0	81427
81429	1.0	81429
81432	1.0	81432
81435	1.0	81435
81441	1.0	81441
81443	1.0	81443
81445	1.0	81445
81447	1.0	81447
81451	1.0	81451
81453	1.0	81453
81456	1.0	81456
81495	1.0	81495
81497	1.0	81497
81499	1.0	81499
81501	1.0	81501
81512	1.0	81512
81516	1.0	81516
81518	1.0	81518
81520	1.0	81520
81524	1.0	81524
81535	1.0	81535
81537	1.0	81537
81546	1.0	81546
81548	1.0	81548
81562	1.0	81562
81564	1.0	81564
81566	1.0	81566
81568	1.0	81568
81574	1.0	81574
81583	1.0	81583
81585	1.0	81585
81587	1.0	81587
81589	1.0	81589
81591	1.0	81591
81610	1.0	81610
81613	1.0	81613
81615	1.0	81615
81617	1.0	81617
81621	1.0	81621
81629	1.0	81629
81631	1.0	81631
81633	1.0	81633
81637	1.0	81637
81639	1.0	81639
81641	1.0	81641
81643	1.0	81643
81646	1.0	81646
81656	1.0	81656
81658	1.0	81658
81660	1.0	81660
81665	1.0	81665
81667	1.0	81667
81669	1.0	81669
81671	1.0	81671
81673	1.0	81673
81676	1.0	81676
81679	1.0	81679
81681	1.0	81681
81684	1.0	81684
81688	1.0	81688
81690	1.0	81690
81698	1.0	81698
81700	1.0	81700
81702	1.0	81702
81704	1.0	81704
81708	1.0	81708
81711	1.0	81711
81713	1.0	81713
81725	1.0	81725
81727	1.0	81727
81731	1.0	81731
81733	1.0	81733
81736	1.0	81736
81738	1.0	81738
81742	1.0	81742
81744	1.0	81744
81751	1.0	81751
81753	1.0	81753
81755	1.0	81755
81758	1.0	81758
81765	1.0	81765
81768	1.0	81768
81770	1.0	81770
81782	1.0	81782
81784	1.0	81784
81786	1.0	81786
81788	1.0	81788
81791	1.0	81791
81795	1.0	81795
81802	1.0	81802
81804	1.0	81804
81806	1.0	81806
81817	1.0	81817
81819	1.0	81819
81823	1.0	81823
81825	1.0	81825
81831	1.0	81831
81834	1.0	81834
81845	1.0	81845
81847	1.0	81847
81851	1.0	81851
81853	1.0	81853
81857	1.0	81857
81859	1.0	81859
81867	1.0	81867
81880	1.0	81880
81898	1.0	81898
81903	1.0	81903
81906	1.0	81906
81910	1.0	81910
81925	1.0	81925
81927	1.0	81927
81930	1.0	81930
81932	1.0	81932
81949	1.0	81949
81952	1.0	81952
81954	1.0	81954
81957	1.0	81957
81959	1.0	81959
81962	1.0	81962
81975	1.0	81975
81979	1.0	81979
81981	1.0	81981
81983	1.0	81983
81985	1.0	81985
81987	1.0	81987
81989	1.0	81989
81991	1.0	81991
81993	1.0	81993
82003	1.0	82003
82005	1.0	82005
82007	1.0	82007
82009	1.0	82009
82011	1.0	82011
82013	1.0	82013
82015	1.0	82015
82017	1.0	82017
82022	1.0	82022
82026	1.0	82026
82030	1.0	82030
82032	1.0	82032
82035	1.0	82035
82037	1.0	82037
82041	1.0	82041
82043	1.0	82043
82045	1.0	82045
82047	1.0	82047
82049	1.0	82049
82051	1.0	82051
82053	1.0	82053
82055	1.0	82055
82059	1.0	82059
82061	1.0	82061
82063	1.0	82063
82066	1.0	82066
82068	1.0	82068
82070	1.0	82070
82088	1.0	82088
82093	1.0	82093
82095	1.0	82095
82097	1.0	82097
82102	1.0	82102
82106	1.0	82106
82108	1.0	82108
82110	1.0	82110
82115	1.0	82115
82119	1.0	82119
82121	1.0	82121
82123	1.0	82123
82129	1.0	82129
82131	1.0	82131
82139	1.0	82139
82141	1.0	82141
82143	1.0	82143
82150	1.0	82150
82152	1.0	82152
82154	1.0	82154
82157	1.0	82157
82167	1.0	82167
82169	1.0	82169
82173	1.0	82173
82175	1.0	82175
82179	1.0	82179
82182	1.0	82182
82184	1.0	82184
82186	1.0	82186
82188	1.0	82188
82194	1.0	82194
82196	1.0	82196
82202	1.0	82202
82209	1.0	82209
82227	1.0	82227
82235	1.0	82235
82240	1.0	82240
82242	1.0	82242
82244	1.0	82244
82246	1.0	82246
82261	1.0	82261
82269	1.0	82269
82271	1.0	82271
82274	1.0	82274
82276	1.0	82276
82280	1.0	82280
82283	1.0	82283
82298	1.0	82298
82300	1.0	82300
82302	1.0	82302
82304	1.0	82304
82306	1.0	82306
82308	1.0	82308
82311	1.0	82311
82313	1.0	82313
82315	1.0	82315
82320	1.0	82320
82322	1.0	82322
82324	1.0	82324
82326	1.0	82326
82328	1.0	82328
82330	1.0	82330
82332	1.0	82332
82335	1.0	82335
82337	1.0	82337
82353	1.0	82353
82356	1.0	82356
82358	1.0	82358
82360	1.0	82360
82362	1.0	82362
82364	1.0	82364
82366	1.0	82366
82368	1.0	82368
82370	1.0	82370
82378	1.0	82378
82380	1.0	82380
82382	1.0	82382
82384	1.0	82384
82386	1.0	82386
82388	1.0	82388
82390	1.0	82390
82393	1.0	82393
82395	1.0	82395
82397	1.0	82397
82420	1.0	82420
82438	1.0	82438
82447	1.0	82447
82449	1.0	82449
82452	1.0	82452
82454	1.0	82454
82459	1.0	82459
82461	1.0	82461
82463	1.0	82463
82465	1.0	82465
82467	1.0	82467
82469	1.0	82469
82476	1.0	82476
82491	1.0	82491
82499	1.0	82499
82525	1.0	82525
82527	1.0	82527
82529	1.0	82529
82531	1.0	82531
82534	1.0	82534
82536	1.0	82536
82564	1.0	82564
82567	1.0	82567
82581	1.0	82581
82584	1.0	82584
82589	1.0	82589
82591	1.0	82591
82593	1.0	82593
82595	1.0	82595
82597	1.0	82597
82602	1.0	82602
82606	1.0	82606
82608	1.0	82608
82631	1.0	82631
82633	1.0	82633
82635	1.0	82635
82638	1.0	82638
82641	1.0	82641
82643	1.0	82643
82667	1.0	82667
82669	1.0	82669
82671	1.0	82671
82673	1.0	82673
82676	1.0	82676
82678	1.0	82678
82680	1.0	82680
82682	1.0	82682
82684	1.0	82684
82698	1.0	82698
82701	1.0	82701
82703	1.0	82703
82705	1.0	82705
82711	1.0	82711
82713	1.0	82713
82715	1.0	82715
82722	1.0	82722
82726	1.0	82726
82732	1.0	82732
82739	1.0	82739
82744	1.0	82744
82747	1.0	82747
82749	1.0	82749
82751	1.0	82751
82753	1.0	82753
82759	1.0	82759
82765	1.0	82765
82767	1.0	82767
82770	1.0	82770
82772	1.0	82772
82834	1.0	82834
82836	1.0	82836
82840	1.0	82840
82842	1.0	82842
82848	1.0	82848
82850	1.0	82850
82852	1.0	82852
82854	1.0	82854
82857	1.0	82857
82877	1.0	82877
82902	1.0	82902
82904	1.0	82904
82906	1.0	82906
82909	1.0	82909
82911	1.0	82911
82915	1.0	82915
82917	1.0	82917
82920	1.0	82920
82926	1.0	82926
82928	1.0	82928
82931	1.0	82931
82934	1.0	82934
82976	1.0	82976
82978	1.0	82978
82980	1.0	82980
82982	1.0	82982
82984	1.0	82984
82991	1.0	82991
83004	1.0	83004
83006	1.0	83006
83034	1.0	83034
83038	1.0	83038
83049	1.0	83049
83051	1.0	83051
83056	1.0	83056
83059	1.0	83059
83067	1.0	83067
83071	1.0	83071
83082	1.0	83082
83086	1.0	83086
83089	1.0	83089
83096	1.0	83096
83115	1.0	83115
83132	1.0	83132
83134	1.0	83134
83138	1.0	83138
83158	1.0	83158
83163	1.0	83163
83177	1.0	83177
83180	1.0	83180
83182	1.0	83182
83184	1.0	83184
83186	1.0	83186
83189	1.0	83189
83193	1.0	83193
83219	1.0	83219
83222	1.0	83222
83225	1.0	83225
83227	1.0	83227
83232	1.0	83232
83241	1.0	83241
83244	1.0	83244
83246	1.0	83246
83248	1.0	83248
83250	1.0	83250
83256	1.0	83256
83258	1.0	83258
83260	1.0	83260
83264	1.0	83264
83266	1.0	83266
83268	1.0	83268
83270	1.0	83270
83273	1.0	83273
83275	1.0	83275
83277	1.0	83277
83279	1.0	83279
83281	1.0	83281
83291	1.0	83291
83293	1.0	83293
83295	1.0	83295
83300	1.0	83300
83302	1.0	83302
83308	1.0	83308
83310	1.0	83310
83316	1.0	83316
83318	1.0	83318
83320	1.0	83320
83322	1.0	83322
83324	1.0	83324
83326	1.0	83326
83330	1.0	83330
83332	1.0	83332
83334	1.0	83334
83337	1.0	83337
83339	1.0	83339
83343	1.0	83343
83345	1.0	83345
83349	1.0	83349
83351	1.0	83351
83357	1.0	83357
83359	1.0	83359
83361	1.0	83361
83369	1.0	83369
83374	1.0	83374
83376	1.0	83376
83381	1.0	83381
83385	1.0	83385
83389	1.0	83389
83411	1.0	83411
83415	1.0	83415
83417	1.0	83417
83424	1.0	83424
83435	1.0	83435
83437	1.0	83437
83439	1.0	83439
83446	1.0	83446
83448	1.0	83448
83450	1.0	83450
83457	1.0	83457
83464	1.0	83464
83468	1.0	83468
83478	1.0	83478
83480	1.0	83480
83506	1.0	83506
83525	1.0	83525
83527	1.0	83527
83529	1.0	83529
83531	1.0	83531
83533	1.0	83533
83535	1.0	83535
83538	1.0	83538
83540	1.0	83540
83556	1.0	83556
83558	1.0	83558
83560	1.0	83560
83562	1.0	83562
83569	1.0	83569
83575	1.0	83575
83577	1.0	83577
83579	1.0	83579
83581	1.0	83581
83583	1.0	83583
83585	1.0	83585
83588	1.0	83588
83590	1.0	83590
83592	1.0	83592
83601	1.0	83601
83603	1.0	83603
83605	1.0	83605
83607	1.0	83607
83611	1.0	83611
83613	1.0	83613
83616	1.0	83616
83619	1.0	83619
83652	1.0	83652
83654	1.0	83654
83656	1.0	83656
83658	1.0	83658
83660	1.0	83660
83662	1.0	83662
83664	1.0	83664
83666	1.0	83666
83668	1.0	83668
83671	1.0	83671
83756	1.0	83756
83758	1.0	83758
83760	1.0	83760
83763	1.0	83763
83765	1.0	83765
83767	1.0	83767
83773	1.0	83773
83777	1.0	83777
83789	1.0	83789
83791	1.0	83791
83796	1.0	83796
83798	1.0	83798
83801	1.0	83801
83803	1.0	83803
83807	1.0	83807
83809	1.0	83809
83819	1.0	83819
83821	1.0	83821
83823	1.0	83823
83825	1.0	83825
83827	1.0	83827
83829	1.0	83829
83831	1.0	83831
83833	1.0	83833
83835	1.0	83835
83837	1.0	83837
83842	1.0	83842
83897	1.0	83897
83910	1.0	83910
83912	1.0	83912
83916	1.0	83916
83918	1.0	83918
83920	1.0	83920
83923	1.0	83923
83927	1.0	83927
83956	1.0	83956
83962	1.0	83962
83969	1.0	83969
83972	1.0	83972
83974	1.0	83974
83976	1.0	83976
83978	1.0	83978
83986	1.0	83986
84015	1.0	84015
84017	1.0	84017
84019	1.0	84019
84047	1.0	84047
84090	1.0	84090
84092	1.0	84092
84094	1.0	84094
84096	1.0	84096
84098	1.0	84098
84100	1.0	84100
84103	1.0	84103
84111	1.0	84111
84114	1.0	84114
84116	1.0	84116
84118	1.0	84118
84120	1.0	84120
84122	1.0	84122
84125	1.0	84125
84128	1.0	84128
84131	1.0	84131
84133	1.0	84133
84137	1.0	84137
84148	1.0	84148
84150	1.0	84150
84152	1.0	84152
84154	1.0	84154
84156	1.0	84156
84158	1.0	84158
84160	1.0	84160
84162	1.0	84162
84164	1.0	84164
84173	1.0	84173
84176	1.0	84176
84178	1.0	84178
84181	1.0	84181
84183	1.0	84183
84187	1.0	84187
84189	1.0	84189
84192	1.0	84192
84223	1.0	84223
84226	1.0	84226
84228	1.0	84228
84230	1.0	84230
84232	1.0	84232
84234	1.0	84234
84236	1.0	84236
84238	1.0	84238
84240	1.0	84240
84242	1.0	84242
84246	1.0	84246
84248	1.0	84248
84250	1.0	84250
84252	1.0	84252
84258	1.0	84258
84260	1.0	84260
84262	1.0	84262
84273	1.0	84273
84276	1.0	84276
84279	1.0	84279
84281	1.0	84281
84283	1.0	84283
84291	1.0	84291
84293	1.0	84293
84296	1.0	84296
84298	1.0	84298
84300	1.0	84300
84302	1.0	84302
84304	1.0	84304
84312	1.0	84312
84329	1.0	84329
84334	1.0	84334
84366	1.0	84366
84372	1.0	84372
84374	1.0	84374
84387	1.0	84387
84392	1.0	84392
84395	1.0	84395
84407	1.0	84407
84414	1.0	84414
84436	1.0	84436
84442	1.0	84442
84444	1.0	84444
84446	1.0	84446
84448	1.0	84448
84450	1.0	84450
84453	1.0	84453
84455	1.0	84455
84467	1.0	84467
84469	1.0	84469
84471	1.0	84471
84473	1.0	84473
84475	1.0	84475
84477	1.0	84477
84479	1.0	84479
84481	1.0	84481
84483	1.0	84483
84485	1.0	84485
84496	1.0	84496
84498	1.0	84498
84500	1.0	84500
84502	1.0	84502
84504	1.0	84504
84506	1.0	84506
84508	1.0	84508
84510	1.0	84510
84512	1.0	84512
84523	1.0	84523
84525	1.0	84525
84529	1.0	84529
84532	1.0	84532
84534	1.0	84534
84538	1.0	84538
84540	1.0	84540
84551	1.0	84551
84553	1.0	84553
84555	1.0	84555
84557	1.0	84557
84559	1.0	84559
84563	1.0	84563
84565	1.0	84565
84570	1.0	84570
84601	1.0	84601
84613	1.0	84613
84615	1.0	84615
84619	1.0	84619
84621	1.0	84621
84637	1.0	84637
84639	1.0	84639
84641	1.0	84641
84643	1.0	84643
84646	1.0	84646
84648	1.0	84648
84660	1.0	84660
84663	1.0	84663
84665	1.0	84665
84667	1.0	84667
84669	1.0	84669
84671	1.0	84671
84680	1.0	84680
84686	1.0	84686
84689	1.0	84689
84691	1.0	84691
84696	1.0	84696
84714	1.0	84714
84716	1.0	84716
84730	1.0	84730
84732	1.0	84732
84734	1.0	84734
84736	1.0	84736
84738	1.0	84738
84740	1.0	84740
84764	1.0	84764
84766	1.0	84766
84768	1.0	84768
84770	1.0	84770
84772	1.0	84772
84775	1.0	84775
84777	1.0	84777
84779	1.0	84779
84781	1.0	84781
84792	1.0	84792
84794	1.0	84794
84796	1.0	84796
84799	1.0	84799
84801	1.0	84801
84805	1.0	84805
84807	1.0	84807
84829	1.0	84829
84832	1.0	84832
84834	1.0	84834
84836	1.0	84836
84838	1.0	84838
84844	1.0	84844
84847	1.0	84847
84852	1.0	84852
84855	1.0	84855
84857	1.0	84857
84859	1.0	84859
84861	1.0	84861
84863	1.0	84863
84866	1.0	84866
84869	1.0	84869
84871	1.0	84871
84876	1.0	84876
84880	1.0	84880
84884	1.0	84884
84890	1.0	84890
84894	1.0	84894
84942	1.0	84942
84944	1.0	84944
84948	1.0	84948
84950	1.0	84950
84952	1.0	84952
84954	1.0	84954
84957	1.0	84957
84961	1.0	84961
84963	1.0	84963
84972	1.0	84972
84974	1.0	84974
84976	1.0	84976
84978	1.0	84978
84980	1.0	84980
84983	1.0	84983
84985	1.0	84985
84987	1.0	84987
84989	1.0	84989
84996	1.0	84996
85007	1.0	85007
85010	1.0	85010
85012	1.0	85012
85014	1.0	85014
85016	1.0	85016
85020	1.0	85020
85022	1.0	85022
85025	1.0	85025
85056	1.0	85056
85070	1.0	85070
85072	1.0	85072
85106	1.0	85106
85108	1.0	85108
85129	1.0	85129
85131	1.0	85131
85133	1.0	85133
85143	1.0	85143
85175	1.0	85175
85177	1.0	85177
85179	1.0	85179
85181	1.0	85181
85186	1.0	85186
85188	1.0	85188
85190	1.0	85190
85203	1.0	85203
85205	1.0	85205
85209	1.0	85209
85211	1.0	85211
85213	1.0	85213
85215	1.0	85215
85226	1.0	85226
85231	1.0	85231
85259	1.0	85259
85261	1.0	85261
85268	1.0	85268
85270	1.0	85270
85273	1.0	85273
85275	1.0	85275
85278	1.0	85278
85284	1.0	85284
85291	1.0	85291
85293	1.0	85293
85295	1.0	85295
85298	1.0	85298
85305	1.0	85305
85307	1.0	85307
85309	1.0	85309
85312	1.0	85312
85316	1.0	85316
85319	1.0	85319
85323	1.0	85323
85325	1.0	85325
85327	1.0	85327
85330	1.0	85330
85332	1.0	85332
85334	1.0	85334
85342	1.0	85342
85344	1.0	85344
85354	1.0	85354
85358	1.0	85358
85360	1.0	85360
85362	1.0	85362
85365	1.0	85365
85367	1.0	85367
85369	1.0	85369
85372	1.0	85372
85374	1.0	85374
85378	1.0	85378
85387	1.0	85387
85389	1.0	85389
85392	1.0	85392
85394	1.0	85394
85397	1.0	85397
85399	1.0	85399
85401	1.0	85401
85403	1.0	85403
85410	1.0	85410
85412	1.0	85412
85414	1.0	85414
85438	1.0	85438
85440	1.0	85440
85442	1.0	85442
85445	1.0	85445
85450	1.0	85450
85453	1.0	85453
85476	1.0	85476
85505	1.0	85505
85510	1.0	85510
85513	1.0	85513
85527	1.0	85527
85538	1.0	85538
85540	1.0	85540
85542	1.0	85542
85544	1.0	85544
85547	1.0	85547
85549	1.0	85549
85552	1.0	85552
85555	1.0	85555
85565	1.0	85565
85567	1.0	85567
85570	1.0	85570
85572	1.0	85572
85574	1.0	85574
85576	1.0	85576
85585	1.0	85585
85609	1.0	85609
85612	1.0	85612
85616	1.0	85616
85618	1.0	85618
85624	1.0	85624
85626	1.0	85626
85679	1.0	85679
85686	1.0	85686
85689	1.0	85689
85691	1.0	85691
85694	1.0	85694
85728	1.0	85728
85734	1.0	85734
85736	1.0	85736
85738	1.0	85738
85740	1.0	85740
85742	1.0	85742
85744	1.0	85744
85763	1.0	85763
85770	1.0	85770
85772	1.0	85772
85774	1.0	85774
85777	1.0	85777
85780	1.0	85780
85783	1.0	85783
85785	1.0	85785
85788	1.0	85788
85790	1.0	85790
85792	1.0	85792
85794	1.0	85794
85796	1.0	85796
85861	1.0	85861
85863	1.0	85863
85874	1.0	85874
85881	1.0	85881
85883	1.0	85883
85885	1.0	85885
85889	1.0	85889
85892	1.0	85892
85894	1.0	85894
85896	1.0	85896
85910	1.0	85910
85955	1.0	85955
85966	1.0	85966
85981	1.0	85981
85983	1.0	85983
85985	1.0	85985
85987	1.0	85987
85992	1.0	85992
85994	1.0	85994
85997	1.0	85997
86000	1.0	86000
86002	1.0	86002
86014	1.0	86014
86023	1.0	86023
86028	1.0	86028
86033	1.0	86033
86055	1.0	86055
86057	1.0	86057
86059	1.0	86059
86061	1.0	86061
86064	1.0	86064
86066	1.0	86066
86068	1.0	86068
86070	1.0	86070
86077	1.0	86077
86079	1.0	86079
86081	1.0	86081
86083	1.0	86083
86085	1.0	86085
86087	1.0	86087
86089	1.0	86089
86091	1.0	86091
86094	1.0	86094
86096	1.0	86096
86137	1.0	86137
86139	1.0	86139
86142	1.0	86142
86145	1.0	86145
86148	1.0	86148
86151	1.0	86151
86153	1.0	86153
86162	1.0	86162
86166	1.0	86166
86168	1.0	86168
86170	1.0	86170
86173	1.0	86173
86181	1.0	86181
86190	1.0	86190
86204	1.0	86204
86206	1.0	86206
86210	1.0	86210
86229	1.0	86229
86231	1.0	86231
86233	1.0	86233
86237	1.0	86237
86242	1.0	86242
86244	1.0	86244
86246	1.0	86246
86263	1.0	86263
86277	1.0	86277
86279	1.0	86279
86286	1.0	86286
86288	1.0	86288
86290	1.0	86290
86293	1.0	86293
86295	1.0	86295
86298	1.0	86298
86300	1.0	86300
86308	1.0	86308
86310	1.0	86310
86312	1.0	86312
86314	1.0	86314
86316	1.0	86316
86318	1.0	86318
86320	1.0	86320
86330	1.0	86330
86332	1.0	86332
86334	1.0	86334
86337	1.0	86337
86343	1.0	86343
86345	1.0	86345
86347	1.0	86347
86355	1.0	86355
86368	1.0	86368
86372	1.0	86372
86377	1.0	86377
86380	1.0	86380
86382	1.0	86382
86399	1.0	86399
86401	1.0	86401
86405	1.0	86405
86408	1.0	86408
86410	1.0	86410
86412	1.0	86412
86416	1.0	86416
86418	1.0	86418
86420	1.0	86420
86430	1.0	86430
86432	1.0	86432
86434	1.0	86434
86436	1.0	86436
86438	1.0	86438
86440	1.0	86440
86442	1.0	86442
86449	1.0	86449
86451	1.0	86451
86453	1.0	86453
86455	1.0	86455
86463	1.0	86463
86471	1.0	86471
86474	1.0	86474
86476	1.0	86476
86478	1.0	86478
86487	1.0	86487
86489	1.0	86489
86491	1.0	86491
86493	1.0	86493
86495	1.0	86495
86497	1.0	86497
86500	1.0	86500
86502	1.0	86502
86504	1.0	86504
86508	1.0	86508
86510	1.0	86510
86513	1.0	86513
86515	1.0	86515
86518	1.0	86518
86521	1.0	86521
86536	1.0	86536
86539	1.0	86539
86541	1.0	86541
86544	1.0	86544
86546	1.0	86546
86548	1.0	86548
86550	1.0	86550
86553	1.0	86553
86559	1.0	86559
86572	1.0	86572
86574	1.0	86574
86576	1.0	86576
86578	1.0	86578
86583	1.0	86583
86590	1.0	86590
86593	1.0	86593
86604	1.0	86604
86606	1.0	86606
86620	1.0	86620
86622	1.0	86622
86624	1.0	86624
86626	1.0	86626
86628	1.0	86628
86635	1.0	86635
86637	1.0	86637
86642	1.0	86642
86644	1.0	86644
86646	1.0	86646
86648	1.0	86648
86651	1.0	86651
86653	1.0	86653
86655	1.0	86655
86657	1.0	86657
86664	1.0	86664
86668	1.0	86668
86671	1.0	86671
86675	1.0	86675
86677	1.0	86677
86687	1.0	86687
86689	1.0	86689
86709	1.0	86709
86715	1.0	86715
86717	1.0	86717
86719	1.0	86719
86721	1.0	86721
86723	1.0	86723
86725	1.0	86725
86728	1.0	86728
86745	1.0	86745
86748	1.0	86748
86750	1.0	86750
86753	1.0	86753
86756	1.0	86756
86758	1.0	86758
86760	1.0	86760
86762	1.0	86762
86764	1.0	86764
86766	1.0	86766
86768	1.0	86768
86770	1.0	86770
86773	1.0	86773
86775	1.0	86775
86778	1.0	86778
86781	1.0	86781
86785	1.0	86785
86787	1.0	86787
86789	1.0	86789
86791	1.0	86791
86795	1.0	86795
86797	1.0	86797
86802	1.0	86802
86807	1.0	86807
86809	1.0	86809
86811	1.0	86811
86813	1.0	86813
86815	1.0	86815
86817	1.0	86817
86819	1.0	86819
86826	1.0	86826
86829	1.0	86829
86833	1.0	86833
86835	1.0	86835
86837	1.0	86837
86839	1.0	86839
86841	1.0	86841
86844	1.0	86844
86846	1.0	86846
86848	1.0	86848
86852	1.0	86852
86854	1.0	86854
86856	1.0	86856
86858	1.0	86858
86860	1.0	86860
86862	1.0	86862
86864	1.0	86864
86866	1.0	86866
86876	1.0	86876
86880	1.0	86880
86882	1.0	86882
86884	1.0	86884
86892	1.0	86892
86894	1.0	86894
86896	1.0	86896
86898	1.0	86898
86900	1.0	86900
86902	1.0	86902
86904	1.0	86904
86906	1.0	86906
86909	1.0	86909
86911	1.0	86911
86922	1.0	86922
86927	1.0	86927
86929	1.0	86929
86931	1.0	86931
86941	1.0	86941
86943	1.0	86943
86947	1.0	86947
86949	1.0	86949
86952	1.0	86952
86955	1.0	86955
86957	1.0	86957
86960	1.0	86960
86970	1.0	86970
86973	1.0	86973
86977	1.0	86977
86982	1.0	86982
86985	1.0	86985
86988	1.0	86988
86990	1.0	86990
87000	1.0	87000
87002	1.0	87002
87004	1.0	87004
87006	1.0	87006
87008	1.0	87008
87010	1.0	87010
87012	1.0	87012
87016	1.0	87016
87028	1.0	87028
87031	1.0	87031
87033	1.0	87033
87036	1.0	87036
87038	1.0	87038
87040	1.0	87040
87042	1.0	87042
87047	1.0	87047
87049	1.0	87049
87051	1.0	87051
87053	1.0	87053
87055	1.0	87055
87057	1.0	87057
87059	1.0	87059
87061	1.0	87061
87063	1.0	87063
87065	1.0	87065
87069	1.0	87069
87071	1.0	87071
87073	1.0	87073
87076	1.0	87076
87079	1.0	87079
87081	1.0	87081
87085	1.0	87085
87092	1.0	87092
87094	1.0	87094
87096	1.0	87096
87098	1.0	87098
87100	1.0	87100
87103	1.0	87103
87105	1.0	87105
87115	1.0	87115
87164	1.0	87164
87166	1.0	87166
87168	1.0	87168
87170	1.0	87170
87173	1.0	87173
87179	1.0	87179
87181	1.0	87181
87186	1.0	87186
87188	1.0	87188
87192	1.0	87192
87194	1.0	87194
87197	1.0	87197
87205	1.0	87205
87207	1.0	87207
87210	1.0	87210
87216	1.0	87216
87218	1.0	87218
87220	1.0	87220
87222	1.0	87222
87225	1.0	87225
87227	1.0	87227
87229	1.0	87229
87232	1.0	87232
87234	1.0	87234
87238	1.0	87238
87256	1.0	87256
87258	1.0	87258
87260	1.0	87260
87262	1.0	87262
87264	1.0	87264
87266	1.0	87266
87268	1.0	87268
87270	1.0	87270
87276	1.0	87276
87279	1.0	87279
87287	1.0	87287
87290	1.0	87290
87294	1.0	87294
87296	1.0	87296
87298	1.0	87298
87300	1.0	87300
87302	1.0	87302
87304	1.0	87304
87306	1.0	87306
87308	1.0	87308
87314	1.0	87314
87320	1.0	87320
87322	1.0	87322
87325	1.0	87325
87327	1.0	87327
87330	1.0	87330
87332	1.0	87332
87334	1.0	87334
87336	1.0	87336
87354	1.0	87354
87356	1.0	87356
87358	1.0	87358
87360	1.0	87360
87364	1.0	87364
87366	1.0	87366
87368	1.0	87368
87370	1.0	87370
87378	1.0	87378
87383	1.0	87383
87385	1.0	87385
87387	1.0	87387
87390	1.0	87390
87392	1.0	87392
87403	1.0	87403
87405	1.0	87405
87408	1.0	87408
87410	1.0	87410
87413	1.0	87413
87415	1.0	87415
87417	1.0	87417
87420	1.0	87420
87425	1.0	87425
87430	1.0	87430
87433	1.0	87433
87435	1.0	87435
87442	1.0	87442
87444	1.0	87444
87446	1.0	87446
87449	1.0	87449
87466	1.0	87466
87469	1.0	87469
87471	1.0	87471
87483	1.0	87483
87485	1.0	87485
87497	1.0	87497
87499	1.0	87499
87505	1.0	87505
87507	1.0	87507
87511	1.0	87511
87514	1.0	87514
87516	1.0	87516
87518	1.0	87518
87520	1.0	87520
87522	1.0	87522
87527	1.0	87527
87529	1.0	87529
87547	1.0	87547
87549	1.0	87549
87556	1.0	87556
87558	1.0	87558
87560	1.0	87560
87562	1.0	87562
87564	1.0	87564
87566	1.0	87566
87568	1.0	87568
87572	1.0	87572
87589	1.0	87589
87591	1.0	87591
87595	1.0	87595
87598	1.0	87598
87608	1.0	87608
87618	1.0	87618
87633	1.0	87633
87636	1.0	87636
87639	1.0	87639
87642	1.0	87642
87644	1.0	87644
87647	1.0	87647
87649	1.0	87649
87660	1.0	87660
87662	1.0	87662
87683	1.0	87683
87685	1.0	87685
87689	1.0	87689
87691	1.0	87691
87693	1.0	87693
87697	1.0	87697
87700	1.0	87700
87702	1.0	87702
87719	1.0	87719
87721	1.0	87721
87745	1.0	87745
87751	1.0	87751
87761	1.0	87761
87763	1.0	87763
87766	1.0	87766
87769	1.0	87769
87771	1.0	87771
87773	1.0	87773
87780	1.0	87780
87785	1.0	87785
87790	1.0	87790
87792	1.0	87792
87794	1.0	87794
87796	1.0	87796
87798	1.0	87798
87802	1.0	87802
87804	1.0	87804
87806	1.0	87806
87808	1.0	87808
87831	1.0	87831
87834	1.0	87834
87843	1.0	87843
87858	1.0	87858
87860	1.0	87860
87867	1.0	87867
87869	1.0	87869
87872	1.0	87872
87874	1.0	87874
87876	1.0	87876
87878	1.0	87878
87880	1.0	87880
87882	1.0	87882
87884	1.0	87884
87890	1.0	87890
87909	1.0	87909
87911	1.0	87911
87913	1.0	87913
87915	1.0	87915
87917	1.0	87917
87919	1.0	87919
87921	1.0	87921
87923	1.0	87923
87928	1.0	87928
87930	1.0	87930
87948	1.0	87948
87952	1.0	87952
87954	1.0	87954
87960	1.0	87960
87964	1.0	87964
87966	1.0	87966
87971	1.0	87971
87973	1.0	87973
87975	1.0	87975
87977	1.0	87977
87979	1.0	87979
87984	1.0	87984
87988	1.0	87988
87990	1.0	87990
87992	1.0	87992
87994	1.0	87994
87996	1.0	87996
87999	1.0	87999
88001	1.0	88001
88003	1.0	88003
88005	1.0	88005
88015	1.0	88015
88017	1.0	88017
88020	1.0	88020
88022	1.0	88022
88024	1.0	88024
88028	1.0	88028
88031	1.0	88031
88038	1.0	88038
88040	1.0	88040
88042	1.0	88042
88044	1.0	88044
88047	1.0	88047
88049	1.0	88049
88051	1.0	88051
88053	1.0	88053
88055	1.0	88055
88059	1.0	88059
88061	1.0	88061
88063	1.0	88063
88065	1.0	88065
88067	1.0	88067
88069	1.0	88069
88071	1.0	88071
88073	1.0	88073
88075	1.0	88075
88078	1.0	88078
88087	1.0	88087
88089	1.0	88089
88092	1.0	88092
88094	1.0	88094
88099	1.0	88099
88106	1.0	88106
88108	1.0	88108
88110	1.0	88110
88114	1.0	88114
88116	1.0	88116
88118	1.0	88118
88125	1.0	88125
88127	1.0	88127
88129	1.0	88129
88131	1.0	88131
88133	1.0	88133
88135	1.0	88135
88138	1.0	88138
88140	1.0	88140
88158	1.0	88158
88160	1.0	88160
88163	1.0	88163
88166	1.0	88166
88168	1.0	88168
88171	1.0	88171
88173	1.0	88173
88175	1.0	88175
88177	1.0	88177
88179	1.0	88179
88181	1.0	88181
88192	1.0	88192
88194	1.0	88194
88203	1.0	88203
88205	1.0	88205
88210	1.0	88210
88213	1.0	88213
88224	1.0	88224
88228	1.0	88228
88235	1.0	88235
88237	1.0	88237
88248	1.0	88248
88250	1.0	88250
88252	1.0	88252
88267	1.0	88267
88270	1.0	88270
88272	1.0	88272
88274	1.0	88274
88276	1.0	88276
88278	1.0	88278
88280	1.0	88280
88282	1.0	88282
88284	1.0	88284
88299	1.0	88299
88301	1.0	88301
88305	1.0	88305
88307	1.0	88307
88310	1.0	88310
88313	1.0	88313
88315	1.0	88315
88317	1.0	88317
88321	1.0	88321
88327	1.0	88327
88329	1.0	88329
88331	1.0	88331
88335	1.0	88335
88339	1.0	88339
88341	1.0	88341
88343	1.0	88343
88345	1.0	88345
88347	1.0	88347
88349	1.0	88349
88352	1.0	88352
88356	1.0	88356
88368	1.0	88368
88371	1.0	88371
88374	1.0	88374
88376	1.0	88376
88378	1.0	88378
88380	1.0	88380
88382	1.0	88382
88398	1.0	88398
88400	1.0	88400
88405	1.0	88405
88411	1.0	88411
88414	1.0	88414
88417	1.0	88417
88419	1.0	88419
88423	1.0	88423
88425	1.0	88425
88427	1.0	88427
88429	1.0	88429
88448	1.0	88448
88452	1.0	88452
88454	1.0	88454
88456	1.0	88456
88466	1.0	88466
88468	1.0	88468
88471	1.0	88471
88473	1.0	88473
88480	1.0	88480
88483	1.0	88483
88485	1.0	88485
88488	1.0	88488
88491	1.0	88491
88493	1.0	88493
88495	1.0	88495
88511	1.0	88511
88513	1.0	88513
88515	1.0	88515
88518	1.0	88518
88520	1.0	88520
88543	1.0	88543
88548	1.0	88548
88562	1.0	88562
88564	1.0	88564
88566	1.0	88566
88568	1.0	88568
88570	1.0	88570
88572	1.0	88572
88574	1.0	88574
88576	1.0	88576
88578	1.0	88578
88580	1.0	88580
88589	1.0	88589
88591	1.0	88591
88593	1.0	88593
88595	1.0	88595
88597	1.0	88597
88599	1.0	88599
88601	1.0	88601
88603	1.0	88603
88605	1.0	88605
88607	1.0	88607
88633	1.0	88633
88638	1.0	88638
88640	1.0	88640
88642	1.0	88642
88646	1.0	88646
88649	1.0	88649
88652	1.0	88652
88654	1.0	88654
88670	1.0	88670
88672	1.0	88672
88674	1.0	88674
88676	1.0	88676
88678	1.0	88678
88680	1.0	88680
88682	1.0	88682
88688	1.0	88688
88690	1.0	88690
88692	1.0	88692
88694	1.0	88694
88697	1.0	88697
88699	1.0	88699
88701	1.0	88701
88704	1.0	88704
88706	1.0	88706
88724	1.0	88724
88726	1.0	88726
88734	1.0	88734
88740	1.0	88740
88742	1.0	88742
88744	1.0	88744
88746	1.0	88746
88748	1.0	88748
88750	1.0	88750
88752	1.0	88752
88754	1.0	88754
88756	1.0	88756
88759	1.0	88759
88761	1.0	88761
88764	1.0	88764
88766	1.0	88766
88785	1.0	88785
88788	1.0	88788
88796	1.0	88796
88801	1.0	88801
88810	1.0	88810
88812	1.0	88812
88814	1.0	88814
88816	1.0	88816
88821	1.0	88821
88823	1.0	88823
88833	1.0	88833
88835	1.0	88835
88837	1.0	88837
88839	1.0	88839
88857	1.0	88857
88877	1.0	88877
88879	1.0	88879
88886	1.0	88886
88889	1.0	88889
88894	1.0	88894
88899	1.0	88899
88901	1.0	88901
88911	1.0	88911
88925	1.0	88925
88932	1.0	88932
88934	1.0	88934
88950	1.0	88950
88954	1.0	88954
88957	1.0	88957
88959	1.0	88959
88961	1.0	88961
88971	1.0	88971
88973	1.0	88973
88975	1.0	88975
88977	1.0	88977
88979	1.0	88979
88989	1.0	88989
88991	1.0	88991
88993	1.0	88993
88998	1.0	88998
89000	1.0	89000
89002	1.0	89002
89007	1.0	89007
89010	1.0	89010
89014	1.0	89014
89016	1.0	89016
89018	1.0	89018
89021	1.0	89021
89023	1.0	89023
89025	1.0	89025
89028	1.0	89028
89030	1.0	89030
89039	1.0	89039
89041	1.0	89041
89043	1.0	89043
89045	1.0	89045
89047	1.0	89047
89052	1.0	89052
89054	1.0	89054
89056	1.0	89056
89060	1.0	89060
89069	1.0	89069
89072	1.0	89072
89074	1.0	89074
89083	1.0	89083
89085	1.0	89085
89087	1.0	89087
89090	1.0	89090
89098	1.0	89098
89100	1.0	89100
89102	1.0	89102
89104	1.0	89104
89110	1.0	89110
89112	1.0	89112
89114	1.0	89114
89116	1.0	89116
89118	1.0	89118
89126	1.0	89126
89133	1.0	89133
89135	1.0	89135
89137	1.0	89137
89139	1.0	89139
89145	1.0	89145
89147	1.0	89147
89162	1.0	89162
89164	1.0	89164
89170	1.0	89170
89190	1.0	89190
89192	1.0	89192
89194	1.0	89194
89203	1.0	89203
89206	1.0	89206
89208	1.0	89208
89211	1.0	89211
89213	1.0	89213
89215	1.0	89215
89217	1.0	89217
89219	1.0	89219
89222	1.0	89222
89230	1.0	89230
89244	1.0	89244
89246	1.0	89246
89248	1.0	89248
89260	1.0	89260
89268	1.0	89268
89273	1.0	89273
89275	1.0	89275
89277	1.0	89277
89281	1.0	89281
89285	1.0	89285
89287	1.0	89287
89289	1.0	89289
89300	1.0	89300
89302	1.0	89302
89305	1.0	89305
89308	1.0	89308
89313	1.0	89313
89315	1.0	89315
89321	1.0	89321
89323	1.0	89323
89325	1.0	89325
89327	1.0	89327
89329	1.0	89329
89337	1.0	89337
89341	1.0	89341
89343	1.0	89343
89347	1.0	89347
89349	1.0	89349
89351	1.0	89351
89354	1.0	89354
89356	1.0	89356
89365	1.0	89365
89367	1.0	89367
89369	1.0	89369
89371	1.0	89371
89373	1.0	89373
89375	1.0	89375
89377	1.0	89377
89386	1.0	89386
89388	1.0	89388
89393	1.0	89393
89398	1.0	89398
89401	1.0	89401
89403	1.0	89403
89406	1.0	89406
89408	1.0	89408
89427	1.0	89427
89449	1.0	89449
89470	1.0	89470
89472	1.0	89472
89476	1.0	89476
89478	1.0	89478
89480	1.0	89480
89482	1.0	89482
89485	1.0	89485
89490	1.0	89490
89492	1.0	89492
89501	1.0	89501
89506	1.0	89506
89516	1.0	89516
89521	1.0	89521
89523	1.0	89523
89527	1.0	89527
89532	1.0	89532
89535	1.0	89535
89537	1.0	89537
89545	1.0	89545
89549	1.0	89549
89551	1.0	89551
89554	1.0	89554
89570	1.0	89570
89580	1.0	89580
89582	1.0	89582
89584	1.0	89584
89586	1.0	89586
89588	1.0	89588
89590	1.0	89590
89592	1.0	89592
89594	1.0	89594
89596	1.0	89596
89598	1.0	89598
89607	1.0	89607
89610	1.0	89610
89613	1.0	89613
89616	1.0	89616
89618	1.0	89618
89620	1.0	89620
89623	1.0	89623
89629	1.0	89629
89632	1.0	89632
89635	1.0	89635
89638	1.0	89638
89650	1.0	89650
89658	1.0	89658
89662	1.0	89662
89664	1.0	89664
89666	1.0	89666
89668	1.0	89668
89670	1.0	89670
89674	1.0	89674
89676	1.0	89676
89678	1.0	89678
89701	1.0	89701
89703	1.0	89703
89705	1.0	89705
89707	1.0	89707
89712	1.0	89712
89714	1.0	89714
89718	1.0	89718
89720	1.0	89720
89722	1.0	89722
89730	1.0	89730
89732	1.0	89732
89745	1.0	89745
89747	1.0	89747
89753	1.0	89753
89759	1.0	89759
89761	1.0	89761
89763	1.0	89763
89765	1.0	89765
89767	1.0	89767
89769	1.0	89769
89774	1.0	89774
89778	1.0	89778
89780	1.0	89780
89794	1.0	89794
89797	1.0	89797
89800	1.0	89800
89802	1.0	89802
89804	1.0	89804
89806	1.0	89806
89819	1.0	89819
89829	1.0	89829
89833	1.0	89833
89837	1.0	89837
89840	1.0	89840
89844	1.0	89844
89846	1.0	89846
89848	1.0	89848
89850	1.0	89850
89862	1.0	89862
89864	1.0	89864
89870	1.0	89870
89872	1.0	89872
89877	1.0	89877
89881	1.0	89881
89883	1.0	89883
89896	1.0	89896
89898	1.0	89898
89900	1.0	89900
89904	1.0	89904
89908	1.0	89908
89910	1.0	89910
89912	1.0	89912
89924	1.0	89924
89926	1.0	89926
89930	1.0	89930
89932	1.0	89932
89936	1.0	89936
89939	1.0	89939
89941	1.0	89941
89945	1.0	89945
89961	1.0	89961
89963	1.0	89963
89965	1.0	89965
89967	1.0	89967
89969	1.0	89969
89971	1.0	89971
89973	1.0	89973
89977	1.0	89977
89979	1.0	89979
89983	1.0	89983
89985	1.0	89985
89988	1.0	89988
89990	1.0	89990
89994	1.0	89994
89997	1.0	89997
89999	1.0	89999
90005	1.0	90005
90007	1.0	90007
90009	1.0	90009
90011	1.0	90011
90015	1.0	90015
90017	1.0	90017
90019	1.0	90019
90021	1.0	90021
90035	1.0	90035
90049	1.0	90049
90052	1.0	90052
90055	1.0	90055
90057	1.0	90057
90059	1.0	90059
90061	1.0	90061
90064	1.0	90064
90066	1.0	90066
90068	1.0	90068
90071	1.0	90071
90084	1.0	90084
90086	1.0	90086
90090	1.0	90090
90104	1.0	90104
90106	1.0	90106
90108	1.0	90108
90112	1.0	90112
90114	1.0	90114
90116	1.0	90116
90118	1.0	90118
90127	1.0	90127
90133	1.0	90133
90154	1.0	90154
90167	1.0	90167
90170	1.0	90170
90172	1.0	90172
90183	1.0	90183
90196	1.0	90196
90199	1.0	90199
90201	1.0	90201
90203	1.0	90203
90206	1.0	90206
90208	1.0	90208
90211	1.0	90211
90235	1.0	90235
90237	1.0	90237
90239	1.0	90239
90241	1.0	90241
90243	1.0	90243
90245	1.0	90245
90247	1.0	90247
90249	1.0	90249
90252	1.0	90252
90254	1.0	90254
90256	1.0	90256
90258	1.0	90258
90260	1.0	90260
90264	1.0	90264
90266	1.0	90266
90268	1.0	90268
90270	1.0	90270
90273	1.0	90273
90279	1.0	90279
90281	1.0	90281
90284	1.0	90284
90286	1.0	90286
90288	1.0	90288
90292	1.0	90292
90303	1.0	90303
90306	1.0	90306
90308	1.0	90308
90310	1.0	90310
90312	1.0	90312
90314	1.0	90314
90319	1.0	90319
90321	1.0	90321
90327	1.0	90327
90339	1.0	90339
90341	1.0	90341
90343	1.0	90343
90345	1.0	90345
90350	1.0	90350
90353	1.0	90353
90355	1.0	90355
90357	1.0	90357
90359	1.0	90359
90364	1.0	90364
90371	1.0	90371
90374	1.0	90374
90376	1.0	90376
90378	1.0	90378
90380	1.0	90380
90382	1.0	90382
90384	1.0	90384
90397	1.0	90397
90403	1.0	90403
90405	1.0	90405
90413	1.0	90413
90419	1.0	90419
90421	1.0	90421
90424	1.0	90424
90426	1.0	90426
90428	1.0	90428
90430	1.0	90430
90432	1.0	90432
90434	1.0	90434
90439	1.0	90439
90453	1.0	90453
90458	1.0	90458
90460	1.0	90460
90462	1.0	90462
90466	1.0	90466
90469	1.0	90469
90471	1.0	90471
90474	1.0	90474
90476	1.0	90476
90478	1.0	90478
90488	1.0	90488
90493	1.0	90493
90495	1.0	90495
90497	1.0	90497
90514	1.0	90514
90522	1.0	90522
90524	1.0	90524
90526	1.0	90526
90528	1.0	90528
90531	1.0	90531
90533	1.0	90533
90535	1.0	90535
90537	1.0	90537
90543	1.0	90543
90545	1.0	90545
90547	1.0	90547
90549	1.0	90549
90552	1.0	90552
90554	1.0	90554
90556	1.0	90556
90559	1.0	90559
90561	1.0	90561
90564	1.0	90564
90566	1.0	90566
90568	1.0	90568
90570	1.0	90570
90572	1.0	90572
90574	1.0	90574
90576	1.0	90576
90578	1.0	90578
90592	1.0	90592
90594	1.0	90594
90596	1.0	90596
90598	1.0	90598
90600	1.0	90600
90603	1.0	90603
90605	1.0	90605
90609	1.0	90609
90617	1.0	90617
90620	1.0	90620
90622	1.0	90622
90624	1.0	90624
90630	1.0	90630
90632	1.0	90632
90634	1.0	90634
90645	1.0	90645
90647	1.0	90647
90649	1.0	90649
90651	1.0	90651
90653	1.0	90653
90662	1.0	90662
90664	1.0	90664
90666	1.0	90666
90668	1.0	90668
90671	1.0	90671
90673	1.0	90673
90683	1.0	90683
90690	1.0	90690
90693	1.0	90693
90697	1.0	90697
90700	1.0	90700
90702	1.0	90702
90704	1.0	90704
90706	1.0	90706
90717	1.0	90717
90719	1.0	90719
90730	1.0	90730
90738	1.0	90738
90741	1.0	90741
90744	1.0	90744
90746	1.0	90746
90748	1.0	90748
90751	1.0	90751
90753	1.0	90753
90769	1.0	90769
90775	1.0	90775
90777	1.0	90777
90795	1.0	90795
90806	1.0	90806
90809	1.0	90809
90811	1.0	90811
90813	1.0	90813
90815	1.0	90815
90817	1.0	90817
90819	1.0	90819
90821	1.0	90821
90823	1.0	90823
90825	1.0	90825
90827	1.0	90827
90843	1.0	90843
90845	1.0	90845
90849	1.0	90849
90853	1.0	90853
90863	1.0	90863
90866	1.0	90866
90868	1.0	90868
90870	1.0	90870
90873	1.0	90873
90876	1.0	90876
90878	1.0	90878
90883	1.0	90883
90886	1.0	90886
90888	1.0	90888
90890	1.0	90890
90895	1.0	90895
90897	1.0	90897
90899	1.0	90899
90903	1.0	90903
90907	1.0	90907
90910	1.0	90910
90912	1.0	90912
90914	1.0	90914
90916	1.0	90916
90929	1.0	90929
90931	1.0	90931
90933	1.0	90933
90935	1.0	90935
90937	1.0	90937
90939	1.0	90939
90943	1.0	90943
90945	1.0	90945
90947	1.0	90947
90949	1.0	90949
90951	1.0	90951
90953	1.0	90953
90958	1.0	90958
90960	1.0	90960
90963	1.0	90963
90965	1.0	90965
91007	1.0	91007
91010	1.0	91010
91012	1.0	91012
91014	1.0	91014
91026	1.0	91026
91028	1.0	91028
91031	1.0	91031
91035	1.0	91035
91037	1.0	91037
91044	1.0	91044
91046	1.0	91046
91048	1.0	91048
91054	1.0	91054
91056	1.0	91056
91058	1.0	91058
91065	1.0	91065
91067	1.0	91067
91069	1.0	91069
91071	1.0	91071
91073	1.0	91073
91075	1.0	91075
91077	1.0	91077
91079	1.0	91079
91094	1.0	91094
91104	1.0	91104
91106	1.0	91106
91108	1.0	91108
91110	1.0	91110
91112	1.0	91112
91126	1.0	91126
91128	1.0	91128
91134	1.0	91134
91137	1.0	91137
91140	1.0	91140
91154	1.0	91154
91163	1.0	91163
91167	1.0	91167
91169	1.0	91169
91179	1.0	91179
91181	1.0	91181
91187	1.0	91187
91189	1.0	91189
91191	1.0	91191
91193	1.0	91193
91195	1.0	91195
91199	1.0	91199
91201	1.0	91201
91204	1.0	91204
91206	1.0	91206
91208	1.0	91208
91211	1.0	91211
91213	1.0	91213
91216	1.0	91216
91218	1.0	91218
91223	1.0	91223
91227	1.0	91227
91229	1.0	91229
91231	1.0	91231
91233	1.0	91233
91235	1.0	91235
91241	1.0	91241
91243	1.0	91243
91246	1.0	91246
91248	1.0	91248
91250	1.0	91250
91253	1.0	91253
91256	1.0	91256
91261	1.0	91261
91266	1.0	91266
91268	1.0	91268
91271	1.0	91271
91273	1.0	91273
91284	1.0	91284
91286	1.0	91286
91288	1.0	91288
91290	1.0	91290
91298	1.0	91298
91302	1.0	91302
91304	1.0	91304
91306	1.0	91306
91309	1.0	91309
91323	1.0	91323
91325	1.0	91325
91331	1.0	91331
91333	1.0	91333
91335	1.0	91335
91337	1.0	91337
91339	1.0	91339
91351	1.0	91351
91353	1.0	91353
91355	1.0	91355
91360	1.0	91360
91362	1.0	91362
91371	1.0	91371
91386	1.0	91386
91388	1.0	91388
91391	1.0	91391
91393	1.0	91393
91395	1.0	91395
91414	1.0	91414
91416	1.0	91416
91419	1.0	91419
91421	1.0	91421
91423	1.0	91423
91425	1.0	91425
91429	1.0	91429
91442	1.0	91442
91444	1.0	91444
91446	1.0	91446
91448	1.0	91448
91450	1.0	91450
91461	1.0	91461
91470	1.0	91470
91474	1.0	91474
91483	1.0	91483
91485	1.0	91485
91488	1.0	91488
91490	1.0	91490
91492	1.0	91492
91494	1.0	91494
91500	1.0	91500
91503	1.0	91503
91505	1.0	91505
91509	1.0	91509
91511	1.0	91511
91513	1.0	91513
91515	1.0	91515
91517	1.0	91517
91529	1.0	91529
91531	1.0	91531
91533	1.0	91533
91535	1.0	91535
91537	1.0	91537
91540	1.0	91540
91542	1.0	91542
91548	1.0	91548
91554	1.0	91554
91556	1.0	91556
91558	1.0	91558
91560	1.0	91560
91562	1.0	91562
91564	1.0	91564
91566	1.0	91566
91571	1.0	91571
91573	1.0	91573
91582	1.0	91582
91586	1.0	91586
91589	1.0	91589
91591	1.0	91591
91593	1.0	91593
91595	1.0	91595
91597	1.0	91597
91599	1.0	91599
91601	1.0	91601
91603	1.0	91603
91605	1.0	91605
91610	1.0	91610
91612	1.0	91612
91615	1.0	91615
91617	1.0	91617
91619	1.0	91619
91622	1.0	91622
91624	1.0	91624
91626	1.0	91626
91628	1.0	91628
91630	1.0	91630
91632	1.0	91632
91634	1.0	91634
91653	1.0	91653
91655	1.0	91655
91658	1.0	91658
91660	1.0	91660
91666	1.0	91666
91671	1.0	91671
91673	1.0	91673
91681	1.0	91681
91683	1.0	91683
91688	1.0	91688
91690	1.0	91690
91692	1.0	91692
91694	1.0	91694
91697	1.0	91697
91707	1.0	91707
91709	1.0	91709
91711	1.0	91711
91713	1.0	91713
91715	1.0	91715
91718	1.0	91718
91727	1.0	91727
91729	1.0	91729
91741	1.0	91741
91743	1.0	91743
91745	1.0	91745
91747	1.0	91747
91749	1.0	91749
91752	1.0	91752
91755	1.0	91755
91757	1.0	91757
91762	1.0	91762
91766	1.0	91766
91768	1.0	91768
91770	1.0	91770
91782	1.0	91782
91784	1.0	91784
91786	1.0	91786
91789	1.0	91789
91793	1.0	91793
91795	1.0	91795
91797	1.0	91797
91799	1.0	91799
91805	1.0	91805
91808	1.0	91808
91821	1.0	91821
91823	1.0	91823
91826	1.0	91826
91829	1.0	91829
91831	1.0	91831
91834	1.0	91834
91840	1.0	91840
91842	1.0	91842
91844	1.0	91844
91852	1.0	91852
91854	1.0	91854
91856	1.0	91856
91858	1.0	91858
91860	1.0	91860
91862	1.0	91862
91866	1.0	91866
91869	1.0	91869
91871	1.0	91871
91873	1.0	91873
91880	1.0	91880
91882	1.0	91882
91884	1.0	91884
91886	1.0	91886
91888	1.0	91888
91890	1.0	91890
91894	1.0	91894
91896	1.0	91896
91902	1.0	91902
91904	1.0	91904
91906	1.0	91906
91908	1.0	91908
91911	1.0	91911
91914	1.0	91914
91919	1.0	91919
91921	1.0	91921
91924	1.0	91924
91927	1.0	91927
91929	1.0	91929
91933	1.0	91933
91935	1.0	91935
91937	1.0	91937
91947	1.0	91947
91952	1.0	91952
91954	1.0	91954
91957	1.0	91957
91960	1.0	91960
91970	1.0	91970
91972	1.0	91972
91974	1.0	91974
91976	1.0	91976
91978	1.0	91978
91981	1.0	91981
91983	1.0	91983
91987	1.0	91987
91991	1.0	91991
91993	1.0	91993
91995	1.0	91995
91997	1.0	91997
92001	1.0	92001
92004	1.0	92004
92006	1.0	92006
92008	1.0	92008
92010	1.0	92010
92023	1.0	92023
92025	1.0	92025
92027	1.0	92027
92029	1.0	92029
92032	1.0	92032
92046	1.0	92046
92048	1.0	92048
92058	1.0	92058
92062	1.0	92062
92064	1.0	92064
92079	1.0	92079
92083	1.0	92083
92085	1.0	92085
92094	1.0	92094
92096	1.0	92096
92099	1.0	92099
92102	1.0	92102
92104	1.0	92104
92106	1.0	92106
92118	1.0	92118
92120	1.0	92120
92122	1.0	92122
92124	1.0	92124
92126	1.0	92126
92128	1.0	92128
92130	1.0	92130
92132	1.0	92132
92134	1.0	92134
92136	1.0	92136
92152	1.0	92152
92154	1.0	92154
92156	1.0	92156
92159	1.0	92159
92161	1.0	92161
92163	1.0	92163
92165	1.0	92165
92167	1.0	92167
92169	1.0	92169
92172	1.0	92172
92174	1.0	92174
92176	1.0	92176
92178	1.0	92178
92180	1.0	92180
92182	1.0	92182
92184	1.0	92184
92186	1.0	92186
92188	1.0	92188
92192	1.0	92192
92196	1.0	92196
92198	1.0	92198
92200	1.0	92200
92204	1.0	92204
92206	1.0	92206
92208	1.0	92208
92210	1.0	92210
92214	1.0	92214
92222	1.0	92222
92224	1.0	92224
92229	1.0	92229
92231	1.0	92231
92234	1.0	92234
92236	1.0	92236
92240	1.0	92240
92243	1.0	92243
92245	1.0	92245
92250	1.0	92250
92252	1.0	92252
92255	1.0	92255
92257	1.0	92257
92259	1.0	92259
92262	1.0	92262
92264	1.0	92264
92266	1.0	92266
92268	1.0	92268
92270	1.0	92270
92272	1.0	92272
92307	1.0	92307
92309	1.0	92309
92314	1.0	92314
92321	1.0	92321
92325	1.0	92325
92335	1.0	92335
92341	1.0	92341
92343	1.0	92343
92348	1.0	92348
92352	1.0	92352
92354	1.0	92354
92357	1.0	92357
92371	1.0	92371
92374	1.0	92374
92376	1.0	92376
92378	1.0	92378
92380	1.0	92380
92382	1.0	92382
92389	1.0	92389
92391	1.0	92391
92393	1.0	92393
92399	1.0	92399
92408	1.0	92408
92410	1.0	92410
92412	1.0	92412
92416	1.0	92416
92418	1.0	92418
92420	1.0	92420
92422	1.0	92422
92424	1.0	92424
92427	1.0	92427
92435	1.0	92435
92437	1.0	92437
92439	1.0	92439
92441	1.0	92441
92446	1.0	92446
92448	1.0	92448
92453	1.0	92453
92455	1.0	92455
92457	1.0	92457
92461	1.0	92461
92471	1.0	92471
92475	1.0	92475
92477	1.0	92477
92479	1.0	92479
92481	1.0	92481
92483	1.0	92483
92490	1.0	92490
92494	1.0	92494
92496	1.0	92496
92498	1.0	92498
92500	1.0	92500
92507	1.0	92507
92509	1.0	92509
92511	1.0	92511
92514	1.0	92514
92516	1.0	92516
92518	1.0	92518
92520	1.0	92520
92522	1.0	92522
92533	1.0	92533
92535	1.0	92535
92593	1.0	92593
92600	1.0	92600
92606	1.0	92606
92611	1.0	92611
92613	1.0	92613
92633	1.0	92633
92635	1.0	92635
92637	1.0	92637
92639	1.0	92639
92641	1.0	92641
92643	1.0	92643
92646	1.0	92646
92648	1.0	92648
92652	1.0	92652
92658	1.0	92658
92660	1.0	92660
92665	1.0	92665
92670	1.0	92670
92672	1.0	92672
92674	1.0	92674
92676	1.0	92676
92681	1.0	92681
92683	1.0	92683
92685	1.0	92685
92687	1.0	92687
92691	1.0	92691
92694	1.0	92694
92696	1.0	92696
92698	1.0	92698
92702	1.0	92702
92713	1.0	92713
92715	1.0	92715
92719	1.0	92719
92726	1.0	92726
92728	1.0	92728
92730	1.0	92730
92738	1.0	92738
92740	1.0	92740
92747	1.0	92747
92749	1.0	92749
92751	1.0	92751
92756	1.0	92756
92758	1.0	92758
92760	1.0	92760
92768	1.0	92768
92781	1.0	92781
92783	1.0	92783
92787	1.0	92787
92789	1.0	92789
92793	1.0	92793
92804	1.0	92804
92817	1.0	92817
92819	1.0	92819
92829	1.0	92829
92836	1.0	92836
92841	1.0	92841
92843	1.0	92843
92845	1.0	92845
92852	1.0	92852
92867	1.0	92867
92872	1.0	92872
92874	1.0	92874
92881	1.0	92881
92883	1.0	92883
92885	1.0	92885
92887	1.0	92887
92894	1.0	92894
92904	1.0	92904
92906	1.0	92906
92910	1.0	92910
92918	1.0	92918
92920	1.0	92920
92923	1.0	92923
92925	1.0	92925
92935	1.0	92935
92938	1.0	92938
92944	1.0	92944
92946	1.0	92946
92948	1.0	92948
92954	1.0	92954
92956	1.0	92956
92963	1.0	92963
92966	1.0	92966
92968	1.0	92968
92980	1.0	92980
93002	1.0	93002
93006	1.0	93006
93008	1.0	93008
93014	1.0	93014
93022	1.0	93022
93024	1.0	93024
93029	1.0	93029
93035	1.0	93035
93037	1.0	93037
93040	1.0	93040
93061	1.0	93061
93063	1.0	93063
93070	1.0	93070
93083	1.0	93083
93114	1.0	93114
93116	1.0	93116
93126	1.0	93126
93128	1.0	93128
93132	1.0	93132
93134	1.0	93134
93136	1.0	93136
93139	1.0	93139
93142	1.0	93142
93162	1.0	93162
93164	1.0	93164
93168	1.0	93168
93172	1.0	93172
93181	1.0	93181
93183	1.0	93183
93185	1.0	93185
93187	1.0	93187
93189	1.0	93189
93191	1.0	93191
93193	1.0	93193
93196	1.0	93196
93201	1.0	93201
93204	1.0	93204
93206	1.0	93206
93208	1.0	93208
93210	1.0	93210
93212	1.0	93212
93217	1.0	93217
93240	1.0	93240
93242	1.0	93242
93263	1.0	93263
93265	1.0	93265
93267	1.0	93267
93270	1.0	93270
93272	1.0	93272
93279	1.0	93279
93287	1.0	93287
93289	1.0	93289
93291	1.0	93291
93295	1.0	93295
93297	1.0	93297
93320	1.0	93320
93322	1.0	93322
93324	1.0	93324
93326	1.0	93326
93328	1.0	93328
93330	1.0	93330
93333	1.0	93333
93336	1.0	93336
93344	1.0	93344
93351	1.0	93351
93363	1.0	93363
93365	1.0	93365
93367	1.0	93367
93376	1.0	93376
93379	1.0	93379
93391	1.0	93391
93393	1.0	93393
93399	1.0	93399
93404	1.0	93404
93406	1.0	93406
93408	1.0	93408
93418	1.0	93418
93420	1.0	93420
93422	1.0	93422
93432	1.0	93432
93437	1.0	93437
93439	1.0	93439
93441	1.0	93441
93443	1.0	93443
93448	1.0	93448
93450	1.0	93450
93455	1.0	93455
93457	1.0	93457
93459	1.0	93459
93463	1.0	93463
93467	1.0	93467
93469	1.0	93469
93473	1.0	93473
93475	1.0	93475
93479	1.0	93479
93481	1.0	93481
93484	1.0	93484
93490	1.0	93490
93492	1.0	93492
93496	1.0	93496
93498	1.0	93498
93500	1.0	93500
93502	1.0	93502
93504	1.0	93504
93510	1.0	93510
93512	1.0	93512
93516	1.0	93516
93520	1.0	93520
93522	1.0	93522
93531	1.0	93531
93533	1.0	93533
93535	1.0	93535
93544	1.0	93544
93547	1.0	93547
93550	1.0	93550
93552	1.0	93552
93563	1.0	93563
93568	1.0	93568
93570	1.0	93570
93572	1.0	93572
93574	1.0	93574
93578	1.0	93578
93583	1.0	93583
93598	1.0	93598
93610	1.0	93610
93612	1.0	93612
93621	1.0	93621
93628	1.0	93628
93641	1.0	93641
93649	1.0	93649
93652	1.0	93652
93654	1.0	93654
93656	1.0	93656
93659	1.0	93659
93665	1.0	93665
93667	1.0	93667
93669	1.0	93669
93672	1.0	93672
93674	1.0	93674
93676	1.0	93676
93693	1.0	93693
93700	1.0	93700
93702	1.0	93702
93707	1.0	93707
93709	1.0	93709
93717	1.0	93717
93719	1.0	93719
93721	1.0	93721
93723	1.0	93723
93725	1.0	93725
93727	1.0	93727
93729	1.0	93729
93731	1.0	93731
93733	1.0	93733
93740	1.0	93740
93742	1.0	93742
93748	1.0	93748
93750	1.0	93750
93752	1.0	93752
93757	1.0	93757
93764	1.0	93764
93766	1.0	93766
93768	1.0	93768
93775	1.0	93775
93782	1.0	93782
93785	1.0	93785
93790	1.0	93790
93792	1.0	93792
93797	1.0	93797
93801	1.0	93801
93803	1.0	93803
93805	1.0	93805
93816	1.0	93816
93819	1.0	93819
93821	1.0	93821
93831	1.0	93831
93834	1.0	93834
93838	1.0	93838
93840	1.0	93840
93842	1.0	93842
93855	1.0	93855
93859	1.0	93859
93865	1.0	93865
93885	1.0	93885
93888	1.0	93888
93890	1.0	93890
93892	1.0	93892
93894	1.0	93894
93900	1.0	93900
93905	1.0	93905
93907	1.0	93907
93909	1.0	93909
93911	1.0	93911
93914	1.0	93914
93916	1.0	93916
93918	1.0	93918
93921	1.0	93921
93923	1.0	93923
93928	1.0	93928
93931	1.0	93931
93933	1.0	93933
93939	1.0	93939
93946	1.0	93946
93948	1.0	93948
93950	1.0	93950
93952	1.0	93952
93954	1.0	93954
93963	1.0	93963
93967	1.0	93967
93970	1.0	93970
93980	1.0	93980
93982	1.0	93982
93988	1.0	93988
93991	1.0	93991
94005	1.0	94005
94011	1.0	94011
94015	1.0	94015
94018	1.0	94018
94022	1.0	94022
94024	1.0	94024
94027	1.0	94027
94041	1.0	94041
94044	1.0	94044
94061	1.0	94061
94068	1.0	94068
94070	1.0	94070
94074	1.0	94074
94076	1.0	94076
94080	1.0	94080
94083	1.0	94083
94101	1.0	94101
94103	1.0	94103
94107	1.0	94107
94109	1.0	94109
94112	1.0	94112
94114	1.0	94114
94120	1.0	94120
94122	1.0	94122
94126	1.0	94126
94128	1.0	94128
94130	1.0	94130
94133	1.0	94133
94142	1.0	94142
94144	1.0	94144
94146	1.0	94146
94148	1.0	94148
94150	1.0	94150
94153	1.0	94153
94155	1.0	94155
94157	1.0	94157
94160	1.0	94160
94184	1.0	94184
94186	1.0	94186
94188	1.0	94188
94190	1.0	94190
94192	1.0	94192
94202	1.0	94202
94204	1.0	94204
94218	1.0	94218
94220	1.0	94220
94222	1.0	94222
94262	1.0	94262
94264	1.0	94264
94266	1.0	94266
94268	1.0	94268
94271	1.0	94271
94278	1.0	94278
94280	1.0	94280
94283	1.0	94283
94289	1.0	94289
94291	1.0	94291
94299	1.0	94299
94301	1.0	94301
94304	1.0	94304
94306	1.0	94306
94308	1.0	94308
94310	1.0	94310
94312	1.0	94312
94314	1.0	94314
94323	1.0	94323
94325	1.0	94325
94327	1.0	94327
94337	1.0	94337
94339	1.0	94339
94341	1.0	94341
94350	1.0	94350
94352	1.0	94352
94365	1.0	94365
94394	1.0	94394
94401	1.0	94401
94403	1.0	94403
94405	1.0	94405
94407	1.0	94407
94410	1.0	94410
94412	1.0	94412
94417	1.0	94417
94419	1.0	94419
94421	1.0	94421
94423	1.0	94423
94425	1.0	94425
94427	1.0	94427
94429	1.0	94429
94431	1.0	94431
94433	1.0	94433
94435	1.0	94435
94439	1.0	94439
94442	1.0	94442
94444	1.0	94444
94466	1.0	94466
94469	1.0	94469
94471	1.0	94471
94473	1.0	94473
94475	1.0	94475
94478	1.0	94478
94480	1.0	94480
94482	1.0	94482
94486	1.0	94486
94491	1.0	94491
94494	1.0	94494
94496	1.0	94496
94503	1.0	94503
94531	1.0	94531
94537	1.0	94537
94539	1.0	94539
94542	1.0	94542
94545	1.0	94545
94556	1.0	94556
94558	1.0	94558
94573	1.0	94573
94647	1.0	94647
94649	1.0	94649
94653	1.0	94653
94655	1.0	94655
94657	1.0	94657
94659	1.0	94659
94661	1.0	94661
94663	1.0	94663
94666	1.0	94666
94668	1.0	94668
94670	1.0	94670
94672	1.0	94672
94675	1.0	94675
94677	1.0	94677
94679	1.0	94679
94681	1.0	94681
94725	1.0	94725
94727	1.0	94727
94729	1.0	94729
94733	1.0	94733
94735	1.0	94735
94737	1.0	94737
94739	1.0	94739
94746	1.0	94746
94748	1.0	94748
94750	1.0	94750
94752	1.0	94752
94760	1.0	94760
94762	1.0	94762
94765	1.0	94765
94767	1.0	94767
94769	1.0	94769
94772	1.0	94772
94777	1.0	94777
94780	1.0	94780
94782	1.0	94782
94784	1.0	94784
94786	1.0	94786
94788	1.0	94788
94790	1.0	94790
94799	1.0	94799
94801	1.0	94801
94803	1.0	94803
94806	1.0	94806
94808	1.0	94808
94810	1.0	94810
94813	1.0	94813
94815	1.0	94815
94817	1.0	94817
94819	1.0	94819
94831	1.0	94831
94833	1.0	94833
94835	1.0	94835
94837	1.0	94837
94839	1.0	94839
94841	1.0	94841
94864	1.0	94864
94867	1.0	94867
94891	1.0	94891
94893	1.0	94893
94896	1.0	94896
94900	1.0	94900
94902	1.0	94902
94904	1.0	94904
94917	1.0	94917
94919	1.0	94919
94924	1.0	94924
94928	1.0	94928
94931	1.0	94931
94933	1.0	94933
94939	1.0	94939
94941	1.0	94941
94945	1.0	94945
94949	1.0	94949
94951	1.0	94951
94953	1.0	94953
94955	1.0	94955
94957	1.0	94957
94959	1.0	94959
94965	1.0	94965
94967	1.0	94967
94969	1.0	94969
94972	1.0	94972
94974	1.0	94974
94978	1.0	94978
94980	1.0	94980
94982	1.0	94982
94985	1.0	94985
94987	1.0	94987
94989	1.0	94989
94998	1.0	94998
95000	1.0	95000
95002	1.0	95002
95004	1.0	95004
95007	1.0	95007
95010	1.0	95010
95012	1.0	95012
95014	1.0	95014
95016	1.0	95016
95018	1.0	95018
95021	1.0	95021
95023	1.0	95023
95026	1.0	95026
95028	1.0	95028
95032	1.0	95032
95034	1.0	95034
95036	1.0	95036
95052	1.0	95052
95054	1.0	95054
95058	1.0	95058
95064	1.0	95064
95067	1.0	95067
95069	1.0	95069
95085	1.0	95085
95088	1.0	95088
95105	1.0	95105
95107	1.0	95107
95109	1.0	95109
95111	1.0	95111
95113	1.0	95113
95115	1.0	95115
95133	1.0	95133
95135	1.0	95135
95137	1.0	95137
95139	1.0	95139
95145	1.0	95145
95147	1.0	95147
95149	1.0	95149
95151	1.0	95151
95153	1.0	95153
95157	1.0	95157
95159	1.0	95159
95163	1.0	95163
95165	1.0	95165
95167	1.0	95167
95170	1.0	95170
95175	1.0	95175
95177	1.0	95177
95179	1.0	95179
95182	1.0	95182
95185	1.0	95185
95193	1.0	95193
95197	1.0	95197
95199	1.0	95199
95201	1.0	95201
95205	1.0	95205
95207	1.0	95207
95214	1.0	95214
95216	1.0	95216
95218	1.0	95218
95223	1.0	95223
95230	1.0	95230
95232	1.0	95232
95234	1.0	95234
95237	1.0	95237
95285	1.0	95285
95288	1.0	95288
95290	1.0	95290
95294	1.0	95294
95296	1.0	95296
95298	1.0	95298
95300	1.0	95300
95302	1.0	95302
95305	1.0	95305
95307	1.0	95307
95309	1.0	95309
95311	1.0	95311
95313	1.0	95313
95352	1.0	95352
95375	1.0	95375
95377	1.0	95377
95425	1.0	95425
95427	1.0	95427
95441	1.0	95441
95443	1.0	95443
95446	1.0	95446
95449	1.0	95449
95461	1.0	95461
95473	1.0	95473
95475	1.0	95475
95477	1.0	95477
95480	1.0	95480
95482	1.0	95482
95484	1.0	95484
95486	1.0	95486
95488	1.0	95488
95491	1.0	95491
95494	1.0	95494
95497	1.0	95497
95499	1.0	95499
95504	1.0	95504
95506	1.0	95506
95508	1.0	95508
95510	1.0	95510
95517	1.0	95517
95519	1.0	95519
95521	1.0	95521
95524	1.0	95524
95529	1.0	95529
95531	1.0	95531
95533	1.0	95533
95539	1.0	95539
95541	1.0	95541
95543	1.0	95543
95558	1.0	95558
95560	1.0	95560
95563	1.0	95563
95565	1.0	95565
95567	1.0	95567
95570	1.0	95570
95572	1.0	95572
95574	1.0	95574
95576	1.0	95576
95578	1.0	95578
95581	1.0	95581
95583	1.0	95583
95588	1.0	95588
95591	1.0	95591
95595	1.0	95595
95597	1.0	95597
95600	1.0	95600
95602	1.0	95602
95604	1.0	95604
95606	1.0	95606
95611	1.0	95611
95613	1.0	95613
95615	1.0	95615
95617	1.0	95617
95624	1.0	95624
95628	1.0	95628
95652	1.0	95652
95654	1.0	95654
95658	1.0	95658
95670	1.0	95670
95672	1.0	95672
95688	1.0	95688
95690	1.0	95690
95695	1.0	95695
95705	1.0	95705
95717	1.0	95717
95720	1.0	95720
95732	1.0	95732
95735	1.0	95735
95738	1.0	95738
95740	1.0	95740
95742	1.0	95742
95744	1.0	95744
95746	1.0	95746
95748	1.0	95748
95750	1.0	95750
95752	1.0	95752
95754	1.0	95754
95756	1.0	95756
95758	1.0	95758
95761	1.0	95761
95765	1.0	95765
95767	1.0	95767
95769	1.0	95769
95771	1.0	95771
95773	1.0	95773
95776	1.0	95776
95780	1.0	95780
95782	1.0	95782
95784	1.0	95784
95794	1.0	95794
95796	1.0	95796
95804	1.0	95804
95814	1.0	95814
95816	1.0	95816
95830	1.0	95830
95832	1.0	95832
95835	1.0	95835
95837	1.0	95837
95839	1.0	95839
95843	1.0	95843
95854	1.0	95854
95856	1.0	95856
95858	1.0	95858
95873	1.0	95873
95875	1.0	95875
95890	1.0	95890
95896	1.0	95896
95898	1.0	95898
95901	1.0	95901
95926	1.0	95926
95932	1.0	95932
95935	1.0	95935
95937	1.0	95937
95939	1.0	95939
95941	1.0	95941
95945	1.0	95945
95949	1.0	95949
95961	1.0	95961
95963	1.0	95963
95965	1.0	95965
95967	1.0	95967
95969	1.0	95969
95971	1.0	95971
95973	1.0	95973
95975	1.0	95975
95977	1.0	95977
95979	1.0	95979
95982	1.0	95982
95984	1.0	95984
96002	1.0	96002
96004	1.0	96004
96007	1.0	96007
96009	1.0	96009
96018	1.0	96018
96020	1.0	96020
96022	1.0	96022
96024	1.0	96024
96026	1.0	96026
96028	1.0	96028
96030	1.0	96030
96034	1.0	96034
96052	1.0	96052
96054	1.0	96054
96056	1.0	96056
96058	1.0	96058
96060	1.0	96060
96062	1.0	96062
96064	1.0	96064
96066	1.0	96066
96069	1.0	96069
96071	1.0	96071
96075	1.0	96075
96079	1.0	96079
96082	1.0	96082
96084	1.0	96084
96086	1.0	96086
96096	1.0	96096
96098	1.0	96098
96105	1.0	96105
96110	1.0	96110
96112	1.0	96112
96114	1.0	96114
96121	1.0	96121
96131	1.0	96131
96144	1.0	96144
96146	1.0	96146
96148	1.0	96148
96150	1.0	96150
96160	1.0	96160
96170	1.0	96170
96176	1.0	96176
96179	1.0	96179
96181	1.0	96181
96193	1.0	96193
96195	1.0	96195
96197	1.0	96197
96200	1.0	96200
96210	1.0	96210
96212	1.0	96212
96214	1.0	96214
96216	1.0	96216
96218	1.0	96218
96221	1.0	96221
96223	1.0	96223
96225	1.0	96225
96227	1.0	96227
96239	1.0	96239
96242	1.0	96242
96246	1.0	96246
96250	1.0	96250
96252	1.0	96252
96255	1.0	96255
96257	1.0	96257
96259	1.0	96259
96264	1.0	96264
96266	1.0	96266
96273	1.0	96273
96275	1.0	96275
96277	1.0	96277
96281	1.0	96281
96283	1.0	96283
96286	1.0	96286
96288	1.0	96288
96290	1.0	96290
96292	1.0	96292
96294	1.0	96294
96296	1.0	96296
96298	1.0	96298
96300	1.0	96300
96302	1.0	96302
96304	1.0	96304
96306	1.0	96306
96314	1.0	96314
96316	1.0	96316
96337	1.0	96337
96347	1.0	96347
96367	1.0	96367
96370	1.0	96370
96373	1.0	96373
96383	1.0	96383
96401	1.0	96401
96405	1.0	96405
96407	1.0	96407
96409	1.0	96409
96411	1.0	96411
96413	1.0	96413
96415	1.0	96415
96417	1.0	96417
96419	1.0	96419
96421	1.0	96421
96423	1.0	96423
96428	1.0	96428
96430	1.0	96430
96432	1.0	96432
96435	1.0	96435
96448	1.0	96448
96451	1.0	96451
96456	1.0	96456
96460	1.0	96460
96467	1.0	96467
96469	1.0	96469
96471	1.0	96471
96473	1.0	96473
96479	1.0	96479
96481	1.0	96481
96486	1.0	96486
96488	1.0	96488
96490	1.0	96490
96496	1.0	96496
96498	1.0	96498
96501	1.0	96501
96504	1.0	96504
96510	1.0	96510
96512	1.0	96512
96514	1.0	96514
96516	1.0	96516
96518	1.0	96518
96520	1.0	96520
96522	1.0	96522
96524	1.0	96524
96530	1.0	96530
96532	1.0	96532
96535	1.0	96535
96537	1.0	96537
96539	1.0	96539
96543	1.0	96543
96545	1.0	96545
96547	1.0	96547
96563	1.0	96563
96565	1.0	96565
96567	1.0	96567
96569	1.0	96569
96571	1.0	96571
96574	1.0	96574
96576	1.0	96576
96578	1.0	96578
96585	1.0	96585
96588	1.0	96588
96590	1.0	96590
96592	1.0	96592
96594	1.0	96594
96596	1.0	96596
96598	1.0	96598
96601	1.0	96601
96603	1.0	96603
96606	1.0	96606
96608	1.0	96608
96610	1.0	96610
96612	1.0	96612
96614	1.0	96614
96616	1.0	96616
96621	1.0	96621
96629	1.0	96629
96631	1.0	96631
96634	1.0	96634
96638	1.0	96638
96640	1.0	96640
96642	1.0	96642
96644	1.0	96644
96651	1.0	96651
96653	1.0	96653
96655	1.0	96655
96662	1.0	96662
96664	1.0	96664
96667	1.0	96667
96669	1.0	96669
96671	1.0	96671
96679	1.0	96679
96681	1.0	96681
96683	1.0	96683
96687	1.0	96687
96689	1.0	96689
96691	1.0	96691
96693	1.0	96693
96697	1.0	96697
96700	1.0	96700
96702	1.0	96702
96704	1.0	96704
96706	1.0	96706
96710	1.0	96710
96717	1.0	96717
96722	1.0	96722
96724	1.0	96724
96726	1.0	96726
96728	1.0	96728
96730	1.0	96730
96732	1.0	96732
96734	1.0	96734
96737	1.0	96737
96739	1.0	96739
96748	1.0	96748
96751	1.0	96751
96753	1.0	96753
96755	1.0	96755
96757	1.0	96757
96759	1.0	96759
96762	1.0	96762
96764	1.0	96764
96769	1.0	96769
96771	1.0	96771
96773	1.0	96773
96775	1.0	96775
96789	1.0	96789
96792	1.0	96792
96794	1.0	96794
96796	1.0	96796
96799	1.0	96799
96801	1.0	96801
96803	1.0	96803
96805	1.0	96805
96807	1.0	96807
96809	1.0	96809
96811	1.0	96811
96813	1.0	96813
96815	1.0	96815
96817	1.0	96817
96821	1.0	96821
96829	1.0	96829
96832	1.0	96832
96834	1.0	96834
96836	1.0	96836
96840	1.0	96840
96842	1.0	96842
96845	1.0	96845
96849	1.0	96849
96851	1.0	96851
96853	1.0	96853
96857	1.0	96857
96859	1.0	96859
96861	1.0	96861
96863	1.0	96863
96865	1.0	96865
96868	1.0	96868
96870	1.0	96870
96872	1.0	96872
96894	1.0	96894
96897	1.0	96897
96901	1.0	96901
96903	1.0	96903
96905	1.0	96905
96907	1.0	96907
96909	1.0	96909
96911	1.0	96911
96917	1.0	96917
96919	1.0	96919
96921	1.0	96921
96923	1.0	96923
96925	1.0	96925
96927	1.0	96927
96933	1.0	96933
96935	1.0	96935
96937	1.0	96937
96939	1.0	96939
96941	1.0	96941
96943	1.0	96943
96945	1.0	96945
96947	1.0	96947
96950	1.0	96950
96952	1.0	96952
96954	1.0	96954
96960	1.0	96960
96962	1.0	96962
96964	1.0	96964
96966	1.0	96966
96969	1.0	96969
96971	1.0	96971
96973	1.0	96973
96975	1.0	96975
96983	1.0	96983
96985	1.0	96985
96991	1.0	96991
96993	1.0	96993
97002	1.0	97002
97005	1.0	97005
97008	1.0	97008
97010	1.0	97010
97024	1.0	97024
97026	1.0	97026
97029	1.0	97029
97031	1.0	97031
97035	1.0	97035
97037	1.0	97037
97039	1.0	97039
97042	1.0	97042
97046	1.0	97046
97051	1.0	97051
97055	1.0	97055
97057	1.0	97057
97059	1.0	97059
97061	1.0	97061
97065	1.0	97065
97068	1.0	97068
97070	1.0	97070
97073	1.0	97073
97092	1.0	97092
97094	1.0	97094
97096	1.0	97096
97115	1.0	97115
97117	1.0	97117
97119	1.0	97119
97124	1.0	97124
97128	1.0	97128
97132	1.0	97132
97134	1.0	97134
97137	1.0	97137
97139	1.0	97139
97146	1.0	97146
97148	1.0	97148
97151	1.0	97151
97153	1.0	97153
97161	1.0	97161
97163	1.0	97163
97165	1.0	97165
97168	1.0	97168
97172	1.0	97172
97175	1.0	97175
97177	1.0	97177
97184	1.0	97184
97186	1.0	97186
97188	1.0	97188
97190	1.0	97190
97192	1.0	97192
97194	1.0	97194
97196	1.0	97196
97200	1.0	97200
97216	1.0	97216
97220	1.0	97220
97225	1.0	97225
97230	1.0	97230
97232	1.0	97232
97234	1.0	97234
97236	1.0	97236
97238	1.0	97238
97240	1.0	97240
97242	1.0	97242
97244	1.0	97244
97246	1.0	97246
97250	1.0	97250
97252	1.0	97252
97254	1.0	97254
97256	1.0	97256
97280	1.0	97280
97283	1.0	97283
97285	1.0	97285
97296	1.0	97296
97300	1.0	97300
97302	1.0	97302
97304	1.0	97304
97306	1.0	97306
97308	1.0	97308
97311	1.0	97311
97319	1.0	97319
97324	1.0	97324
97326	1.0	97326
97328	1.0	97328
97330	1.0	97330
97332	1.0	97332
97334	1.0	97334
97336	1.0	97336
97382	1.0	97382
97384	1.0	97384
97386	1.0	97386
97388	1.0	97388
97390	1.0	97390
97393	1.0	97393
97395	1.0	97395
97397	1.0	97397
97401	1.0	97401
97423	1.0	97423
97455	1.0	97455
97457	1.0	97457
97460	1.0	97460
97462	1.0	97462
97464	1.0	97464
97466	1.0	97466
97468	1.0	97468
97470	1.0	97470
97494	1.0	97494
97526	1.0	97526
97533	1.0	97533
97536	1.0	97536
97538	1.0	97538
97540	1.0	97540
97542	1.0	97542
97544	1.0	97544
97546	1.0	97546
97548	1.0	97548
97550	1.0	97550
97552	1.0	97552
97593	1.0	97593
97595	1.0	97595
97597	1.0	97597
97600	1.0	97600
97615	1.0	97615
97639	1.0	97639
97643	1.0	97643
97646	1.0	97646
97648	1.0	97648
97650	1.0	97650
97660	1.0	97660
97662	1.0	97662
97665	1.0	97665
97667	1.0	97667
97670	1.0	97670
97673	1.0	97673
97680	1.0	97680
97685	1.0	97685
97688	1.0	97688
97690	1.0	97690
97692	1.0	97692
97694	1.0	97694
97697	1.0	97697
97699	1.0	97699
97701	1.0	97701
97703	1.0	97703
97705	1.0	97705
97707	1.0	97707
97709	1.0	97709
97711	1.0	97711
97713	1.0	97713
97715	1.0	97715
97722	1.0	97722
97724	1.0	97724
97726	1.0	97726
97730	1.0	97730
97732	1.0	97732
97740	1.0	97740
97742	1.0	97742
97744	1.0	97744
97752	1.0	97752
97755	1.0	97755
97757	1.0	97757
97759	1.0	97759
97761	1.0	97761
97763	1.0	97763
97765	1.0	97765
97768	1.0	97768
97773	1.0	97773
97775	1.0	97775
97779	1.0	97779
97781	1.0	97781
97785	1.0	97785
97787	1.0	97787
97789	1.0	97789
97792	1.0	97792
97794	1.0	97794
97797	1.0	97797
97799	1.0	97799
97801	1.0	97801
97806	1.0	97806
97808	1.0	97808
97815	1.0	97815
97817	1.0	97817
97819	1.0	97819
97821	1.0	97821
97823	1.0	97823
97826	1.0	97826
97828	1.0	97828
97832	1.0	97832
97834	1.0	97834
97836	1.0	97836
97845	1.0	97845
97847	1.0	97847
97849	1.0	97849
97853	1.0	97853
97855	1.0	97855
97858	1.0	97858
97860	1.0	97860
97866	1.0	97866
97868	1.0	97868
97870	1.0	97870
97872	1.0	97872
97874	1.0	97874
97876	1.0	97876
97878	1.0	97878
97880	1.0	97880
97882	1.0	97882
97884	1.0	97884
97886	1.0	97886
97888	1.0	97888
97895	1.0	97895
97897	1.0	97897
97899	1.0	97899
97904	1.0	97904
97906	1.0	97906
97908	1.0	97908
97910	1.0	97910
97913	1.0	97913
97915	1.0	97915
97917	1.0	97917
97919	1.0	97919
97921	1.0	97921
97923	1.0	97923
97933	1.0	97933
97936	1.0	97936
97938	1.0	97938
97940	1.0	97940
97946	1.0	97946
97948	1.0	97948
97950	1.0	97950
97955	1.0	97955
97957	1.0	97957
97959	1.0	97959
97966	1.0	97966
97968	1.0	97968
97971	1.0	97971
97973	1.0	97973
97984	1.0	97984
97986	1.0	97986
97988	1.0	97988
97994	1.0	97994
97998	1.0	97998
98000	1.0	98000
98004	1.0	98004
98007	1.0	98007
98013	1.0	98013
98015	1.0	98015
98017	1.0	98017
98019	1.0	98019
98022	1.0	98022
98027	1.0	98027
98030	1.0	98030
98032	1.0	98032
98034	1.0	98034
98036	1.0	98036
98041	1.0	98041
98043	1.0	98043
98045	1.0	98045
98052	1.0	98052
98054	1.0	98054
98056	1.0	98056
98059	1.0	98059
98061	1.0	98061
98063	1.0	98063
98065	1.0	98065
98067	1.0	98067
98069	1.0	98069
98072	1.0	98072
98076	1.0	98076
98080	1.0	98080
98083	1.0	98083
98085	1.0	98085
98087	1.0	98087
98107	1.0	98107
98109	1.0	98109
98111	1.0	98111
98114	1.0	98114
98116	1.0	98116
98120	1.0	98120
98122	1.0	98122
98124	1.0	98124
98126	1.0	98126
98131	1.0	98131
98140	1.0	98140
98142	1.0	98142
98144	1.0	98144
98151	1.0	98151
98154	1.0	98154
98160	1.0	98160
98162	1.0	98162
98167	1.0	98167
98171	1.0	98171
98173	1.0	98173
98175	1.0	98175
98187	1.0	98187
98189	1.0	98189
98191	1.0	98191
98193	1.0	98193
98198	1.0	98198
98200	1.0	98200
98203	1.0	98203
98211	1.0	98211
98213	1.0	98213
98217	1.0	98217
98219	1.0	98219
98221	1.0	98221
98224	1.0	98224
98228	1.0	98228
98230	1.0	98230
98237	1.0	98237
98239	1.0	98239
98241	1.0	98241
98243	1.0	98243
98246	1.0	98246
98248	1.0	98248
98251	1.0	98251
98253	1.0	98253
98261	1.0	98261
98271	1.0	98271
98273	1.0	98273
98275	1.0	98275
98277	1.0	98277
98279	1.0	98279
98284	1.0	98284
98286	1.0	98286
98288	1.0	98288
98290	1.0	98290
98294	1.0	98294
98296	1.0	98296
98298	1.0	98298
98304	1.0	98304
98306	1.0	98306
98323	1.0	98323
98325	1.0	98325
98328	1.0	98328
98335	1.0	98335
98337	1.0	98337
98339	1.0	98339
98341	1.0	98341
98344	1.0	98344
98346	1.0	98346
98348	1.0	98348
98353	1.0	98353
98358	1.0	98358
98361	1.0	98361
98367	1.0	98367
98369	1.0	98369
98373	1.0	98373
98376	1.0	98376
98378	1.0	98378
98381	1.0	98381
98383	1.0	98383
98385	1.0	98385
98387	1.0	98387
98389	1.0	98389
98391	1.0	98391
98394	1.0	98394
98398	1.0	98398
98400	1.0	98400
98402	1.0	98402
98404	1.0	98404
98406	1.0	98406
98409	1.0	98409
98411	1.0	98411
98413	1.0	98413
98415	1.0	98415
98439	1.0	98439
98441	1.0	98441
98443	1.0	98443
98445	1.0	98445
98447	1.0	98447
98449	1.0	98449
98452	1.0	98452
98456	1.0	98456
98458	1.0	98458
98460	1.0	98460
98464	1.0	98464
98467	1.0	98467
98469	1.0	98469
98471	1.0	98471
98473	1.0	98473
98475	1.0	98475
98477	1.0	98477
98481	1.0	98481
98483	1.0	98483
98485	1.0	98485
98491	1.0	98491
98493	1.0	98493
98497	1.0	98497
98499	1.0	98499
98501	1.0	98501
98503	1.0	98503
98509	1.0	98509
98511	1.0	98511
98513	1.0	98513
98520	1.0	98520
98523	1.0	98523
98526	1.0	98526
98528	1.0	98528
98532	1.0	98532
98552	1.0	98552
98554	1.0	98554
98556	1.0	98556
98558	1.0	98558
98560	1.0	98560
98563	1.0	98563
98566	1.0	98566
98570	1.0	98570
98572	1.0	98572
98581	1.0	98581
98583	1.0	98583
98585	1.0	98585
98587	1.0	98587
98589	1.0	98589
98591	1.0	98591
98595	1.0	98595
98601	1.0	98601
98604	1.0	98604
98607	1.0	98607
98609	1.0	98609
98611	1.0	98611
98613	1.0	98613
98615	1.0	98615
98617	1.0	98617
98619	1.0	98619
98621	1.0	98621
98623	1.0	98623
98626	1.0	98626
98629	1.0	98629
98631	1.0	98631
98633	1.0	98633
98643	1.0	98643
98693	1.0	98693
98697	1.0	98697
98699	1.0	98699
98751	1.0	98751
98755	1.0	98755
98759	1.0	98759
98761	1.0	98761
98766	1.0	98766
98768	1.0	98768
98783	1.0	98783
98786	1.0	98786
98788	1.0	98788
98795	1.0	98795
98797	1.0	98797
98799	1.0	98799
98803	1.0	98803
98805	1.0	98805
98807	1.0	98807
98809	1.0	98809
98815	1.0	98815
98817	1.0	98817
98819	1.0	98819
98821	1.0	98821
98825	1.0	98825
98829	1.0	98829
98834	1.0	98834
98836	1.0	98836
98838	1.0	98838
98840	1.0	98840
98842	1.0	98842
98845	1.0	98845
98847	1.0	98847
98850	1.0	98850
98852	1.0	98852
98854	1.0	98854
98856	1.0	98856
98859	1.0	98859
98861	1.0	98861
98908	1.0	98908
98911	1.0	98911
98913	1.0	98913
98922	1.0	98922
98924	1.0	98924
98927	1.0	98927
98929	1.0	98929
98931	1.0	98931
98933	1.0	98933
98936	1.0	98936
98938	1.0	98938
98941	1.0	98941
98943	1.0	98943
98949	1.0	98949
98956	1.0	98956
98958	1.0	98958
98961	1.0	98961
98963	1.0	98963
98965	1.0	98965
98973	1.0	98973
98975	1.0	98975
98981	1.0	98981
98983	1.0	98983
98985	1.0	98985
98989	1.0	98989
98991	1.0	98991
98994	1.0	98994
98996	1.0	98996
98999	1.0	98999
99005	1.0	99005
99007	1.0	99007
99012	1.0	99012
99014	1.0	99014
99020	1.0	99020
99024	1.0	99024
99026	1.0	99026
99028	1.0	99028
99030	1.0	99030
99041	1.0	99041
99043	1.0	99043
99045	1.0	99045
99047	1.0	99047
99050	1.0	99050
99054	1.0	99054
99056	1.0	99056
99058	1.0	99058
99061	1.0	99061
99064	1.0	99064
99068	1.0	99068
99085	1.0	99085
99087	1.0	99087
99089	1.0	99089
99101	1.0	99101
99103	1.0	99103
99106	1.0	99106
99108	1.0	99108
99110	1.0	99110
99112	1.0	99112
99114	1.0	99114
99117	1.0	99117
99119	1.0	99119
99122	1.0	99122
99124	1.0	99124
99126	1.0	99126
99128	1.0	99128
99130	1.0	99130
99143	1.0	99143
99145	1.0	99145
99147	1.0	99147
99149	1.0	99149
99169	1.0	99169
99171	1.0	99171
99173	1.0	99173
99178	1.0	99178
99180	1.0	99180
99182	1.0	99182
99191	1.0	99191
99210	1.0	99210
99214	1.0	99214
99217	1.0	99217
99220	1.0	99220
99222	1.0	99222
99238	1.0	99238
99240	1.0	99240
99243	1.0	99243
99246	1.0	99246
99249	1.0	99249
99251	1.0	99251
99253	1.0	99253
99258	1.0	99258
99260	1.0	99260
99270	1.0	99270
99273	1.0	99273
99276	1.0	99276
99279	1.0	99279
99287	1.0	99287
99289	1.0	99289
99294	1.0	99294
99296	1.0	99296
99305	1.0	99305
99308	1.0	99308
99314	1.0	99314
99317	1.0	99317
99320	1.0	99320
99325	1.0	99325
99327	1.0	99327
99329	1.0	99329
99331	1.0	99331
99335	1.0	99335
99337	1.0	99337
99343	1.0	99343
99345	1.0	99345
99347	1.0	99347
99349	1.0	99349
99351	1.0	99351
99355	1.0	99355
99364	1.0	99364
99367	1.0	99367
99371	1.0	99371
99373	1.0	99373
99380	1.0	99380
99384	1.0	99384
99387	1.0	99387
99389	1.0	99389
99395	1.0	99395
99397	1.0	99397
99400	1.0	99400
99402	1.0	99402
99413	1.0	99413
99415	1.0	99415
99417	1.0	99417
99420	1.0	99420
99434	1.0	99434
99437	1.0	99437
99439	1.0	99439
99441	1.0	99441
99444	1.0	99444
99446	1.0	99446
99448	1.0	99448
99450	1.0	99450
99452	1.0	99452
99468	1.0	99468
99470	1.0	99470
99474	1.0	99474
99478	1.0	99478
99487	1.0	99487
99489	1.0	99489
99491	1.0	99491
99493	1.0	99493
99495	1.0	99495
99497	1.0	99497
99499	1.0	99499
99502	1.0	99502
99515	1.0	99515
99517	1.0	99517
99519	1.0	99519
99521	1.0	99521
99523	1.0	99523
99525	1.0	99525
99530	1.0	99530
99532	1.0	99532
99537	1.0	99537
99539	1.0	99539
99549	1.0	99549
99560	1.0	99560
99562	1.0	99562
99564	1.0	99564
99566	1.0	99566
99568	1.0	99568
99570	1.0	99570
99572	1.0	99572
99574	1.0	99574
99591	1.0	99591
99594	1.0	99594
99596	1.0	99596
99598	1.0	99598
99600	1.0	99600
99602	1.0	99602
99604	1.0	99604
99607	1.0	99607
99609	1.0	99609
99611	1.0	99611
99613	1.0	99613
99615	1.0	99615
99631	1.0	99631
99633	1.0	99633
99636	1.0	99636
99638	1.0	99638
99640	1.0	99640
99642	1.0	99642
99644	1.0	99644
99659	1.0	99659
99663	1.0	99663
99665	1.0	99665
99667	1.0	99667
99669	1.0	99669
99671	1.0	99671
99673	1.0	99673
99675	1.0	99675
99677	1.0	99677
99679	1.0	99679
99687	1.0	99687
99689	1.0	99689
99691	1.0	99691
99693	1.0	99693
99695	1.0	99695
99699	1.0	99699
99706	1.0	99706
99708	1.0	99708
99717	1.0	99717
99719	1.0	99719
99721	1.0	99721
99724	1.0	99724
99726	1.0	99726
99728	1.0	99728
99731	1.0	99731
99733	1.0	99733
99735	1.0	99735
99737	1.0	99737
99739	1.0	99739
99741	1.0	99741
99744	1.0	99744
99746	1.0	99746
99748	1.0	99748
99750	1.0	99750
99754	1.0	99754
99756	1.0	99756
99758	1.0	99758
99760	1.0	99760
99764	1.0	99764
99766	1.0	99766
99768	1.0	99768
99787	1.0	99787
99790	1.0	99790
99792	1.0	99792
99795	1.0	99795
99798	1.0	99798
99800	1.0	99800
99807	1.0	99807
99809	1.0	99809
99811	1.0	99811
99813	1.0	99813
99815	1.0	99815
99817	1.0	99817
99820	1.0	99820
99822	1.0	99822
99826	1.0	99826
99828	1.0	99828
99832	1.0	99832
99839	1.0	99839
99841	1.0	99841
99843	1.0	99843
99846	1.0	99846
99850	1.0	99850
99853	1.0	99853
99855	1.0	99855
99857	1.0	99857
99859	1.0	99859
99861	1.0	99861
99866	1.0	99866
99871	1.0	99871
99873	1.0	99873
99875	1.0	99875
99889	1.0	99889
99891	1.0	99891
99893	1.0	99893
99895	1.0	99895
99901	1.0	99901
99904	1.0	99904
99906	1.0	99906
99908	1.0	99908
99910	1.0	99910
99912	1.0	99912
99915	1.0	99915
99917	1.0	99917
99919	1.0	99919
99922	1.0	99922
99925	1.0	99925
99937	1.0	99937
99939	1.0	99939
99941	1.0	99941
99946	1.0	99946
99957	1.0	99957
99960	1.0	99960
99962	1.0	99962
99964	1.0	99964
99968	1.0	99968
99970	1.0	99970
99986	1.0	99986
99989	1.0	99989
99992	1.0	99992
99994	1.0	99994
99996	1.0	99996
99999	1.0	99999
100003	1.0	100003
100006	1.0	100006
100008	1.0	100008
100010	1.0	100010
100013	1.0	100013
100015	1.0	100015
100017	1.0	100017
100032	1.0	100032
100034	1.0	100034
100036	1.0	100036
100038	1.0	100038
100040	1.0	100040
100042	1.0	100042
100044	1.0	100044
100046	1.0	100046
100048	1.0	100048
100050	1.0	100050
100052	1.0	100052
100054	1.0	100054
100056	1.0	100056
100058	1.0	100058
100060	1.0	100060
100062	1.0	100062
100068	1.0	100068
100070	1.0	100070
100072	1.0	100072
100075	1.0	100075
100077	1.0	100077
100079	1.0	100079
100081	1.0	100081
100083	1.0	100083
100085	1.0	100085
100087	1.0	100087
100089	1.0	100089
100091	1.0	100091
100093	1.0	100093
100096	1.0	100096
100099	1.0	100099
100101	1.0	100101
100103	1.0	100103
100106	1.0	100106
100108	1.0	100108
100131	1.0	100131
100138	1.0	100138
100141	1.0	100141
100143	1.0	100143
100145	1.0	100145
100147	1.0	100147
100150	1.0	100150
100155	1.0	100155
100157	1.0	100157
100159	1.0	100159
100161	1.0	100161
100163	1.0	100163
100165	1.0	100165
100167	1.0	100167
100169	1.0	100169
100171	1.0	100171
100173	1.0	100173
100180	1.0	100180
100183	1.0	100183
100185	1.0	100185
100188	1.0	100188
100190	1.0	100190
100192	1.0	100192
100194	1.0	100194
100196	1.0	100196
100198	1.0	100198
100200	1.0	100200
100203	1.0	100203
100205	1.0	100205
100208	1.0	100208
100210	1.0	100210
100222	1.0	100222
100226	1.0	100226
100229	1.0	100229
100232	1.0	100232
100238	1.0	100238
100240	1.0	100240
100244	1.0	100244
100246	1.0	100246
100248	1.0	100248
100251	1.0	100251
100253	1.0	100253
100255	1.0	100255
100257	1.0	100257
100259	1.0	100259
100262	1.0	100262
100264	1.0	100264
100266	1.0	100266
100268	1.0	100268
100270	1.0	100270
100272	1.0	100272
100275	1.0	100275
100277	1.0	100277
100287	1.0	100287
100289	1.0	100289
100291	1.0	100291
100294	1.0	100294
100296	1.0	100296
100298	1.0	100298
100300	1.0	100300
100302	1.0	100302
100304	1.0	100304
100306	1.0	100306
100308	1.0	100308
100310	1.0	100310
100312	1.0	100312
100315	1.0	100315
100322	1.0	100322
100324	1.0	100324
100326	1.0	100326
100328	1.0	100328
100330	1.0	100330
100332	1.0	100332
100334	1.0	100334
100336	1.0	100336
100338	1.0	100338
100342	1.0	100342
100344	1.0	100344
100347	1.0	100347
100356	1.0	100356
100359	1.0	100359
100361	1.0	100361
100363	1.0	100363
100365	1.0	100365
100368	1.0	100368
100370	1.0	100370
100372	1.0	100372
100383	1.0	100383
100385	1.0	100385
100390	1.0	100390
100393	1.0	100393
100395	1.0	100395
100397	1.0	100397
100401	1.0	100401
100404	1.0	100404
100406	1.0	100406
100408	1.0	100408
100411	1.0	100411
100415	1.0	100415
100419	1.0	100419
100421	1.0	100421
100423	1.0	100423
100426	1.0	100426
100436	1.0	100436
100438	1.0	100438
100440	1.0	100440
100442	1.0	100442
100444	1.0	100444
100446	1.0	100446
100448	1.0	100448
100450	1.0	100450
100452	1.0	100452
100457	1.0	100457
100463	1.0	100463
100469	1.0	100469
100485	1.0	100485
100487	1.0	100487
100490	1.0	100490
100492	1.0	100492
100494	1.0	100494
100496	1.0	100496
100498	1.0	100498
100503	1.0	100503
100505	1.0	100505
100507	1.0	100507
100509	1.0	100509
100511	1.0	100511
100513	1.0	100513
100515	1.0	100515
100517	1.0	100517
100519	1.0	100519
100521	1.0	100521
100527	1.0	100527
100529	1.0	100529
100534	1.0	100534
100536	1.0	100536
100538	1.0	100538
100540	1.0	100540
100553	1.0	100553
100556	1.0	100556
100559	1.0	100559
100562	1.0	100562
100564	1.0	100564
100567	1.0	100567
100570	1.0	100570
100574	1.0	100574
100577	1.0	100577
100579	1.0	100579
100581	1.0	100581
100583	1.0	100583
100585	1.0	100585
100588	1.0	100588
100591	1.0	100591
100593	1.0	100593
100595	1.0	100595
100611	1.0	100611
100613	1.0	100613
100617	1.0	100617
100620	1.0	100620
100629	1.0	100629
100633	1.0	100633
100645	1.0	100645
100647	1.0	100647
100651	1.0	100651
100653	1.0	100653
100655	1.0	100655
100714	1.0	100714
100717	1.0	100717
100719	1.0	100719
100721	1.0	100721
100723	1.0	100723
100725	1.0	100725
100727	1.0	100727
100729	1.0	100729
100731	1.0	100731
100734	1.0	100734
100737	1.0	100737
100739	1.0	100739
100741	1.0	100741
100743	1.0	100743
100745	1.0	100745
100756	1.0	100756
100799	1.0	100799
100810	1.0	100810
100830	1.0	100830
100836	1.0	100836
100838	1.0	100838
100840	1.0	100840
100843	1.0	100843
100882	1.0	100882
100884	1.0	100884
100902	1.0	100902
100904	1.0	100904
100906	1.0	100906
100942	1.0	100942
100944	1.0	100944
100946	1.0	100946
100948	1.0	100948
100951	1.0	100951
101003	1.0	101003
101006	1.0	101006
101016	1.0	101016
101018	1.0	101018
101020	1.0	101020
101025	1.0	101025
101058	1.0	101058
101060	1.0	101060
101062	1.0	101062
101064	1.0	101064
101068	1.0	101068
101070	1.0	101070
101072	1.0	101072
101074	1.0	101074
101076	1.0	101076
101079	1.0	101079
101086	1.0	101086
101088	1.0	101088
101097	1.0	101097
101102	1.0	101102
101104	1.0	101104
101106	1.0	101106
101112	1.0	101112
101114	1.0	101114
101123	1.0	101123
101127	1.0	101127
101133	1.0	101133
101137	1.0	101137
101142	1.0	101142
101146	1.0	101146
101148	1.0	101148
101150	1.0	101150
101156	1.0	101156
101158	1.0	101158
101160	1.0	101160
101162	1.0	101162
101164	1.0	101164
101166	1.0	101166
101168	1.0	101168
101170	1.0	101170
101172	1.0	101172
101176	1.0	101176
101178	1.0	101178
101180	1.0	101180
101182	1.0	101182
101186	1.0	101186
101188	1.0	101188
101197	1.0	101197
101200	1.0	101200
101204	1.0	101204
101207	1.0	101207
101210	1.0	101210
101212	1.0	101212
101214	1.0	101214
101216	1.0	101216
101218	1.0	101218
101220	1.0	101220
101222	1.0	101222
101224	1.0	101224
101226	1.0	101226
101233	1.0	101233
101235	1.0	101235
101237	1.0	101237
101239	1.0	101239
101241	1.0	101241
101243	1.0	101243
101245	1.0	101245
101247	1.0	101247
101249	1.0	101249
101258	1.0	101258
101260	1.0	101260
101262	1.0	101262
101264	1.0	101264
101273	1.0	101273
101281	1.0	101281
101283	1.0	101283
101285	1.0	101285
101287	1.0	101287
101292	1.0	101292
101294	1.0	101294
101296	1.0	101296
101299	1.0	101299
101301	1.0	101301
101303	1.0	101303
101305	1.0	101305
101307	1.0	101307
101319	1.0	101319
101322	1.0	101322
101329	1.0	101329
101335	1.0	101335
101337	1.0	101337
101339	1.0	101339
101341	1.0	101341
101350	1.0	101350
101352	1.0	101352
101355	1.0	101355
101360	1.0	101360
101362	1.0	101362
101373	1.0	101373
101375	1.0	101375
101379	1.0	101379
101381	1.0	101381
101383	1.0	101383
101388	1.0	101388
101398	1.0	101398
101400	1.0	101400
101402	1.0	101402
101405	1.0	101405
101407	1.0	101407
101409	1.0	101409
101413	1.0	101413
101415	1.0	101415
101423	1.0	101423
101425	1.0	101425
101428	1.0	101428
101431	1.0	101431
101433	1.0	101433
101439	1.0	101439
101444	1.0	101444
101446	1.0	101446
101448	1.0	101448
101450	1.0	101450
101456	1.0	101456
101458	1.0	101458
101466	1.0	101466
101468	1.0	101468
101470	1.0	101470
101472	1.0	101472
101476	1.0	101476
101479	1.0	101479
101481	1.0	101481
101483	1.0	101483
101485	1.0	101485
101487	1.0	101487
101498	1.0	101498
101505	1.0	101505
101508	1.0	101508
101510	1.0	101510
101514	1.0	101514
101525	1.0	101525
101527	1.0	101527
101529	1.0	101529
101531	1.0	101531
101534	1.0	101534
101536	1.0	101536
101538	1.0	101538
101577	1.0	101577
101579	1.0	101579
101581	1.0	101581
101583	1.0	101583
101585	1.0	101585
101590	1.0	101590
101592	1.0	101592
101595	1.0	101595
101597	1.0	101597
101599	1.0	101599
101606	1.0	101606
101612	1.0	101612
101614	1.0	101614
101616	1.0	101616
101627	1.0	101627
101629	1.0	101629
101632	1.0	101632
101634	1.0	101634
101636	1.0	101636
101640	1.0	101640
101642	1.0	101642
101646	1.0	101646
101648	1.0	101648
101650	1.0	101650
101653	1.0	101653
101662	1.0	101662
101664	1.0	101664
101666	1.0	101666
101670	1.0	101670
101672	1.0	101672
101674	1.0	101674
101678	1.0	101678
101680	1.0	101680
101685	1.0	101685
101687	1.0	101687
101689	1.0	101689
101692	1.0	101692
101695	1.0	101695
101703	1.0	101703
101706	1.0	101706
101708	1.0	101708
101710	1.0	101710
101713	1.0	101713
101715	1.0	101715
101717	1.0	101717
101719	1.0	101719
101726	1.0	101726
101728	1.0	101728
101730	1.0	101730
101734	1.0	101734
101739	1.0	101739
101741	1.0	101741
101747	1.0	101747
101749	1.0	101749
101754	1.0	101754
101756	1.0	101756
101761	1.0	101761
101763	1.0	101763
101765	1.0	101765
101767	1.0	101767
101770	1.0	101770
101782	1.0	101782
101799	1.0	101799
101801	1.0	101801
101803	1.0	101803
101812	1.0	101812
101820	1.0	101820
101823	1.0	101823
101825	1.0	101825
101827	1.0	101827
101829	1.0	101829
101833	1.0	101833
101835	1.0	101835
101844	1.0	101844
101846	1.0	101846
101848	1.0	101848
101850	1.0	101850
101855	1.0	101855
101857	1.0	101857
101862	1.0	101862
101864	1.0	101864
101870	1.0	101870
101872	1.0	101872
101878	1.0	101878
101880	1.0	101880
101884	1.0	101884
101887	1.0	101887
101891	1.0	101891
101893	1.0	101893
101895	1.0	101895
101897	1.0	101897
101902	1.0	101902
101904	1.0	101904
101908	1.0	101908
101916	1.0	101916
101918	1.0	101918
101920	1.0	101920
101922	1.0	101922
101924	1.0	101924
101926	1.0	101926
101935	1.0	101935
101938	1.0	101938
101940	1.0	101940
101942	1.0	101942
101944	1.0	101944
101947	1.0	101947
101952	1.0	101952
101954	1.0	101954
101957	1.0	101957
101962	1.0	101962
101964	1.0	101964
101967	1.0	101967
101969	1.0	101969
101971	1.0	101971
101973	1.0	101973
101975	1.0	101975
101979	1.0	101979
101984	1.0	101984
101986	1.0	101986
101989	1.0	101989
101991	1.0	101991
101997	1.0	101997
101999	1.0	101999
102005	1.0	102005
102007	1.0	102007
102009	1.0	102009
102012	1.0	102012
102025	1.0	102025
102028	1.0	102028
102033	1.0	102033
102035	1.0	102035
102037	1.0	102037
102039	1.0	102039
102047	1.0	102047
102049	1.0	102049
102051	1.0	102051
102058	1.0	102058
102060	1.0	102060
102062	1.0	102062
102064	1.0	102064
102066	1.0	102066
102070	1.0	102070
102072	1.0	102072
102078	1.0	102078
102084	1.0	102084
102086	1.0	102086
102088	1.0	102088
102090	1.0	102090
102093	1.0	102093
102101	1.0	102101
102103	1.0	102103
102107	1.0	102107
102109	1.0	102109
102111	1.0	102111
102113	1.0	102113
102115	1.0	102115
102119	1.0	102119
102121	1.0	102121
102123	1.0	102123
102125	1.0	102125
102127	1.0	102127
102131	1.0	102131
102138	1.0	102138
102152	1.0	102152
102154	1.0	102154
102156	1.0	102156
102158	1.0	102158
102160	1.0	102160
102165	1.0	102165
102167	1.0	102167
102171	1.0	102171
102174	1.0	102174
102176	1.0	102176
102178	1.0	102178
102180	1.0	102180
102188	1.0	102188
102190	1.0	102190
102194	1.0	102194
102199	1.0	102199
102201	1.0	102201
102208	1.0	102208
102213	1.0	102213
102217	1.0	102217
102219	1.0	102219
102221	1.0	102221
102224	1.0	102224
102231	1.0	102231
102233	1.0	102233
102235	1.0	102235
102242	1.0	102242
102245	1.0	102245
102248	1.0	102248
102250	1.0	102250
102252	1.0	102252
102263	1.0	102263
102265	1.0	102265
102267	1.0	102267
102269	1.0	102269
102273	1.0	102273
102275	1.0	102275
102278	1.0	102278
102280	1.0	102280
102282	1.0	102282
102284	1.0	102284
102286	1.0	102286
102290	1.0	102290
102294	1.0	102294
102297	1.0	102297
102299	1.0	102299
102303	1.0	102303
102305	1.0	102305
102323	1.0	102323
102325	1.0	102325
102327	1.0	102327
102332	1.0	102332
102338	1.0	102338
102340	1.0	102340
102342	1.0	102342
102352	1.0	102352
102354	1.0	102354
102356	1.0	102356
102360	1.0	102360
102364	1.0	102364
102367	1.0	102367
102369	1.0	102369
102371	1.0	102371
102373	1.0	102373
102376	1.0	102376
102378	1.0	102378
102388	1.0	102388
102390	1.0	102390
102396	1.0	102396
102399	1.0	102399
102403	1.0	102403
102407	1.0	102407
102411	1.0	102411
102413	1.0	102413
102415	1.0	102415
102417	1.0	102417
102419	1.0	102419
102421	1.0	102421
102425	1.0	102425
102429	1.0	102429
102432	1.0	102432
102434	1.0	102434
102436	1.0	102436
102443	1.0	102443
102445	1.0	102445
102447	1.0	102447
102450	1.0	102450
102459	1.0	102459
102463	1.0	102463
102469	1.0	102469
102477	1.0	102477
102479	1.0	102479
102481	1.0	102481
102483	1.0	102483
102485	1.0	102485
102487	1.0	102487
102495	1.0	102495
102497	1.0	102497
102499	1.0	102499
102509	1.0	102509
102514	1.0	102514
102517	1.0	102517
102521	1.0	102521
102523	1.0	102523
102526	1.0	102526
102529	1.0	102529
102533	1.0	102533
102535	1.0	102535
102541	1.0	102541
102544	1.0	102544
102553	1.0	102553
102557	1.0	102557
102588	1.0	102588
102590	1.0	102590
102596	1.0	102596
102598	1.0	102598
102602	1.0	102602
102604	1.0	102604
102660	1.0	102660
102662	1.0	102662
102664	1.0	102664
102666	1.0	102666
102672	1.0	102672
102675	1.0	102675
102677	1.0	102677
102682	1.0	102682
102684	1.0	102684
102686	1.0	102686
102688	1.0	102688
102716	1.0	102716
102720	1.0	102720
102735	1.0	102735
102739	1.0	102739
102742	1.0	102742
102747	1.0	102747
102749	1.0	102749
102751	1.0	102751
102753	1.0	102753
102758	1.0	102758
102760	1.0	102760
102762	1.0	102762
102765	1.0	102765
102777	1.0	102777
102779	1.0	102779
102781	1.0	102781
102783	1.0	102783
102792	1.0	102792
102794	1.0	102794
102796	1.0	102796
102798	1.0	102798
102800	1.0	102800
102802	1.0	102802
102804	1.0	102804
102807	1.0	102807
102817	1.0	102817
102819	1.0	102819
102821	1.0	102821
102823	1.0	102823
102826	1.0	102826
102828	1.0	102828
102830	1.0	102830
102841	1.0	102841
102843	1.0	102843
102848	1.0	102848
102850	1.0	102850
102852	1.0	102852
102854	1.0	102854
102856	1.0	102856
102858	1.0	102858
102860	1.0	102860
102862	1.0	102862
102868	1.0	102868
102870	1.0	102870
102874	1.0	102874
102876	1.0	102876
102880	1.0	102880
102882	1.0	102882
102895	1.0	102895
102897	1.0	102897
102899	1.0	102899
102901	1.0	102901
102903	1.0	102903
102905	1.0	102905
102908	1.0	102908
102910	1.0	102910
102912	1.0	102912
102917	1.0	102917
102920	1.0	102920
102922	1.0	102922
102924	1.0	102924
102941	1.0	102941
102943	1.0	102943
102949	1.0	102949
102951	1.0	102951
102953	1.0	102953
102956	1.0	102956
102961	1.0	102961
102963	1.0	102963
102965	1.0	102965
102967	1.0	102967
102969	1.0	102969
102972	1.0	102972
102974	1.0	102974
102976	1.0	102976
102978	1.0	102978
102980	1.0	102980
102984	1.0	102984
102986	1.0	102986
102989	1.0	102989
102991	1.0	102991
102993	1.0	102993
102995	1.0	102995
102997	1.0	102997
103003	1.0	103003
103006	1.0	103006
103008	1.0	103008
103010	1.0	103010
103017	1.0	103017
103022	1.0	103022
103027	1.0	103027
103030	1.0	103030
103032	1.0	103032
103036	1.0	103036
103040	1.0	103040
103042	1.0	103042
103044	1.0	103044
103048	1.0	103048
103050	1.0	103050
103052	1.0	103052
103055	1.0	103055
103057	1.0	103057
103059	1.0	103059
103064	1.0	103064
103066	1.0	103066
103068	1.0	103068
103071	1.0	103071
103075	1.0	103075
103078	1.0	103078
103081	1.0	103081
103083	1.0	103083
103085	1.0	103085
103087	1.0	103087
103089	1.0	103089
103091	1.0	103091
103101	1.0	103101
103103	1.0	103103
103105	1.0	103105
103107	1.0	103107
103112	1.0	103112
103114	1.0	103114
103116	1.0	103116
103118	1.0	103118
103120	1.0	103120
103130	1.0	103130
103132	1.0	103132
103135	1.0	103135
103137	1.0	103137
103139	1.0	103139
103141	1.0	103141
103143	1.0	103143
103150	1.0	103150
103164	1.0	103164
103166	1.0	103166
103171	1.0	103171
103175	1.0	103175
103177	1.0	103177
103182	1.0	103182
103186	1.0	103186
103190	1.0	103190
103203	1.0	103203
103206	1.0	103206
103208	1.0	103208
103210	1.0	103210
103212	1.0	103212
103219	1.0	103219
103221	1.0	103221
103224	1.0	103224
103226	1.0	103226
103228	1.0	103228
103233	1.0	103233
103235	1.0	103235
103237	1.0	103237
103249	1.0	103249
103253	1.0	103253
103255	1.0	103255
103257	1.0	103257
103259	1.0	103259
103266	1.0	103266
103269	1.0	103269
103271	1.0	103271
103273	1.0	103273
103275	1.0	103275
103277	1.0	103277
103279	1.0	103279
103282	1.0	103282
103286	1.0	103286
103288	1.0	103288
103290	1.0	103290
103292	1.0	103292
103294	1.0	103294
103299	1.0	103299
103301	1.0	103301
103303	1.0	103303
103306	1.0	103306
103308	1.0	103308
103315	1.0	103315
103317	1.0	103317
103319	1.0	103319
103322	1.0	103322
103324	1.0	103324
103328	1.0	103328
103330	1.0	103330
103333	1.0	103333
103335	1.0	103335
103339	1.0	103339
103341	1.0	103341
103343	1.0	103343
103359	1.0	103359
103361	1.0	103361
103363	1.0	103363
103366	1.0	103366
103368	1.0	103368
103370	1.0	103370
103372	1.0	103372
103374	1.0	103374
103380	1.0	103380
103382	1.0	103382
103384	1.0	103384
103386	1.0	103386
103388	1.0	103388
103406	1.0	103406
103411	1.0	103411
103413	1.0	103413
103418	1.0	103418
103420	1.0	103420
103422	1.0	103422
103424	1.0	103424
103433	1.0	103433
103435	1.0	103435
103437	1.0	103437
103439	1.0	103439
103444	1.0	103444
103446	1.0	103446
103449	1.0	103449
103452	1.0	103452
103454	1.0	103454
103460	1.0	103460
103462	1.0	103462
103465	1.0	103465
103472	1.0	103472
103474	1.0	103474
103476	1.0	103476
103478	1.0	103478
103481	1.0	103481
103483	1.0	103483
103487	1.0	103487
103489	1.0	103489
103493	1.0	103493
103498	1.0	103498
103500	1.0	103500
103502	1.0	103502
103506	1.0	103506
103515	1.0	103515
103517	1.0	103517
103519	1.0	103519
103521	1.0	103521
103523	1.0	103523
103525	1.0	103525
103528	1.0	103528
103534	1.0	103534
103536	1.0	103536
103539	1.0	103539
103541	1.0	103541
103543	1.0	103543
103545	1.0	103545
103547	1.0	103547
103549	1.0	103549
103551	1.0	103551
103554	1.0	103554
103557	1.0	103557
103559	1.0	103559
103561	1.0	103561
103563	1.0	103563
103567	1.0	103567
103570	1.0	103570
103572	1.0	103572
103574	1.0	103574
103576	1.0	103576
103590	1.0	103590
103593	1.0	103593
103596	1.0	103596
103598	1.0	103598
103600	1.0	103600
103602	1.0	103602
103604	1.0	103604
103606	1.0	103606
103609	1.0	103609
103611	1.0	103611
103614	1.0	103614
103617	1.0	103617
103619	1.0	103619
103621	1.0	103621
103624	1.0	103624
103626	1.0	103626
103629	1.0	103629
103631	1.0	103631
103633	1.0	103633
103635	1.0	103635
103637	1.0	103637
103639	1.0	103639
103641	1.0	103641
103645	1.0	103645
103647	1.0	103647
103651	1.0	103651
103653	1.0	103653
103655	1.0	103655
103657	1.0	103657
103659	1.0	103659
103661	1.0	103661
103663	1.0	103663
103665	1.0	103665
103667	1.0	103667
103669	1.0	103669
103671	1.0	103671
103673	1.0	103673
103676	1.0	103676
103681	1.0	103681
103683	1.0	103683
103685	1.0	103685
103688	1.0	103688
103690	1.0	103690
103695	1.0	103695
103721	1.0	103721
103723	1.0	103723
103727	1.0	103727
103731	1.0	103731
103736	1.0	103736
103739	1.0	103739
103741	1.0	103741
103743	1.0	103743
103745	1.0	103745
103747	1.0	103747
103749	1.0	103749
103751	1.0	103751
103753	1.0	103753
103755	1.0	103755
103759	1.0	103759
103769	1.0	103769
103772	1.0	103772
103774	1.0	103774
103776	1.0	103776
103779	1.0	103779
103784	1.0	103784
103787	1.0	103787
103790	1.0	103790
103792	1.0	103792
103794	1.0	103794
103798	1.0	103798
103801	1.0	103801
103806	1.0	103806
103808	1.0	103808
103810	1.0	103810
103813	1.0	103813
103816	1.0	103816
103819	1.0	103819
103821	1.0	103821
103823	1.0	103823
103825	1.0	103825
103827	1.0	103827
103829	1.0	103829
103831	1.0	103831
103834	1.0	103834
103836	1.0	103836
103838	1.0	103838
103840	1.0	103840
103842	1.0	103842
103846	1.0	103846
103849	1.0	103849
103851	1.0	103851
103861	1.0	103861
103863	1.0	103863
103865	1.0	103865
103867	1.0	103867
103869	1.0	103869
103871	1.0	103871
103873	1.0	103873
103875	1.0	103875
103877	1.0	103877
103881	1.0	103881
103883	1.0	103883
103908	1.0	103908
103910	1.0	103910
103912	1.0	103912
103920	1.0	103920
103923	1.0	103923
103935	1.0	103935
103966	1.0	103966
103972	1.0	103972
103974	1.0	103974
103976	1.0	103976
103978	1.0	103978
103980	1.0	103980
103982	1.0	103982
103984	1.0	103984
103986	1.0	103986
103990	1.0	103990
103994	1.0	103994
103996	1.0	103996
103998	1.0	103998
104000	1.0	104000
104002	1.0	104002
104011	1.0	104011
104013	1.0	104013
104015	1.0	104015
104017	1.0	104017
104019	1.0	104019
104028	1.0	104028
104031	1.0	104031
104033	1.0	104033
104035	1.0	104035
104039	1.0	104039
104041	1.0	104041
104043	1.0	104043
104050	1.0	104050
104054	1.0	104054
104059	1.0	104059
104061	1.0	104061
104064	1.0	104064
104066	1.0	104066
104069	1.0	104069
104072	1.0	104072
104074	1.0	104074
104076	1.0	104076
104078	1.0	104078
104085	1.0	104085
104089	1.0	104089
104091	1.0	104091
104093	1.0	104093
104095	1.0	104095
104097	1.0	104097
104099	1.0	104099
104101	1.0	104101
104103	1.0	104103
104116	1.0	104116
104119	1.0	104119
104123	1.0	104123
104126	1.0	104126
104129	1.0	104129
104132	1.0	104132
104135	1.0	104135
104137	1.0	104137
104139	1.0	104139
104141	1.0	104141
104144	1.0	104144
104153	1.0	104153
104155	1.0	104155
104175	1.0	104175
104177	1.0	104177
104179	1.0	104179
104181	1.0	104181
104211	1.0	104211
104213	1.0	104213
104215	1.0	104215
104218	1.0	104218
104224	1.0	104224
104226	1.0	104226
104231	1.0	104231
104233	1.0	104233
104236	1.0	104236
104239	1.0	104239
104241	1.0	104241
104243	1.0	104243
104245	1.0	104245
104247	1.0	104247
104249	1.0	104249
104266	1.0	104266
104270	1.0	104270
104272	1.0	104272
104274	1.0	104274
104280	1.0	104280
104283	1.0	104283
104285	1.0	104285
104294	1.0	104294
104298	1.0	104298
104301	1.0	104301
104303	1.0	104303
104307	1.0	104307
104309	1.0	104309
104312	1.0	104312
104314	1.0	104314
104317	1.0	104317
104319	1.0	104319
104321	1.0	104321
104323	1.0	104323
104331	1.0	104331
104335	1.0	104335
104337	1.0	104337
104339	1.0	104339
104345	1.0	104345
104350	1.0	104350
104354	1.0	104354
104356	1.0	104356
104361	1.0	104361
104363	1.0	104363
104368	1.0	104368
104370	1.0	104370
104372	1.0	104372
104374	1.0	104374
104376	1.0	104376
104379	1.0	104379
104384	1.0	104384
104386	1.0	104386
104388	1.0	104388
104390	1.0	104390
104392	1.0	104392
104406	1.0	104406
104408	1.0	104408
104412	1.0	104412
104414	1.0	104414
104419	1.0	104419
104421	1.0	104421
104423	1.0	104423
104431	1.0	104431
104436	1.0	104436
104438	1.0	104438
104441	1.0	104441
104449	1.0	104449
104451	1.0	104451
104453	1.0	104453
104457	1.0	104457
104459	1.0	104459
104462	1.0	104462
104464	1.0	104464
104472	1.0	104472
104480	1.0	104480
104489	1.0	104489
104491	1.0	104491
104495	1.0	104495
104498	1.0	104498
104506	1.0	104506
104508	1.0	104508
104513	1.0	104513
104518	1.0	104518
104520	1.0	104520
104524	1.0	104524
104526	1.0	104526
104540	1.0	104540
104542	1.0	104542
104544	1.0	104544
104546	1.0	104546
104552	1.0	104552
104556	1.0	104556
104561	1.0	104561
104563	1.0	104563
104576	1.0	104576
104581	1.0	104581
104583	1.0	104583
104588	1.0	104588
104590	1.0	104590
104595	1.0	104595
104597	1.0	104597
104599	1.0	104599
104601	1.0	104601
104604	1.0	104604
104606	1.0	104606
104608	1.0	104608
104610	1.0	104610
104612	1.0	104612
104625	1.0	104625
104627	1.0	104627
104629	1.0	104629
104631	1.0	104631
104633	1.0	104633
104636	1.0	104636
104638	1.0	104638
104640	1.0	104640
104642	1.0	104642
104644	1.0	104644
104662	1.0	104662
104664	1.0	104664
104667	1.0	104667
104669	1.0	104669
104671	1.0	104671
104673	1.0	104673
104675	1.0	104675
104677	1.0	104677
104680	1.0	104680
104685	1.0	104685
104689	1.0	104689
104691	1.0	104691
104693	1.0	104693
104698	1.0	104698
104701	1.0	104701
104712	1.0	104712
104719	1.0	104719
104721	1.0	104721
104723	1.0	104723
104726	1.0	104726
104728	1.0	104728
104731	1.0	104731
104733	1.0	104733
104736	1.0	104736
104741	1.0	104741
104743	1.0	104743
104746	1.0	104746
104748	1.0	104748
104750	1.0	104750
104757	1.0	104757
104760	1.0	104760
104762	1.0	104762
104764	1.0	104764
104767	1.0	104767
104769	1.0	104769
104772	1.0	104772
104774	1.0	104774
104776	1.0	104776
104778	1.0	104778
104780	1.0	104780
104784	1.0	104784
104795	1.0	104795
104798	1.0	104798
104800	1.0	104800
104803	1.0	104803
104805	1.0	104805
104807	1.0	104807
104809	1.0	104809
104813	1.0	104813
104815	1.0	104815
104817	1.0	104817
104823	1.0	104823
104827	1.0	104827
104829	1.0	104829
104832	1.0	104832
104835	1.0	104835
104837	1.0	104837
104839	1.0	104839
104841	1.0	104841
104843	1.0	104843
104847	1.0	104847
104849	1.0	104849
104854	1.0	104854
104861	1.0	104861
104863	1.0	104863
104865	1.0	104865
104867	1.0	104867
104870	1.0	104870
104872	1.0	104872
104875	1.0	104875
104879	1.0	104879
104881	1.0	104881
104883	1.0	104883
104903	1.0	104903
104906	1.0	104906
104908	1.0	104908
104913	1.0	104913
104920	1.0	104920
104923	1.0	104923
104925	1.0	104925
104932	1.0	104932
104936	1.0	104936
104938	1.0	104938
104944	1.0	104944
104947	1.0	104947
104952	1.0	104952
104954	1.0	104954
104956	1.0	104956
104959	1.0	104959
104961	1.0	104961
104969	1.0	104969
104971	1.0	104971
104973	1.0	104973
104975	1.0	104975
104984	1.0	104984
104990	1.0	104990
104993	1.0	104993
104996	1.0	104996
104998	1.0	104998
105001	1.0	105001
105011	1.0	105011
105013	1.0	105013
105015	1.0	105015
105017	1.0	105017
105020	1.0	105020
105028	1.0	105028
105030	1.0	105030
105032	1.0	105032
105034	1.0	105034
105037	1.0	105037
105040	1.0	105040
105042	1.0	105042
105044	1.0	105044
105049	1.0	105049
105051	1.0	105051
105053	1.0	105053
105055	1.0	105055
105057	1.0	105057
105068	1.0	105068
105071	1.0	105071
105073	1.0	105073
105075	1.0	105075
105077	1.0	105077
105079	1.0	105079
105081	1.0	105081
105084	1.0	105084
105086	1.0	105086
105089	1.0	105089
105091	1.0	105091
105096	1.0	105096
105098	1.0	105098
105101	1.0	105101
105104	1.0	105104
105111	1.0	105111
105115	1.0	105115
105117	1.0	105117
105119	1.0	105119
105121	1.0	105121
105126	1.0	105126
105128	1.0	105128
105130	1.0	105130
105133	1.0	105133
105135	1.0	105135
105142	1.0	105142
105147	1.0	105147
105150	1.0	105150
105155	1.0	105155
105157	1.0	105157
105159	1.0	105159
105161	1.0	105161
105163	1.0	105163
105165	1.0	105165
105176	1.0	105176
105178	1.0	105178
105181	1.0	105181
105184	1.0	105184
105187	1.0	105187
105189	1.0	105189
105191	1.0	105191
105193	1.0	105193
105195	1.0	105195
105197	1.0	105197
105204	1.0	105204
105206	1.0	105206
105211	1.0	105211
105213	1.0	105213
105215	1.0	105215
105217	1.0	105217
105223	1.0	105223
105227	1.0	105227
105234	1.0	105234
105236	1.0	105236
105238	1.0	105238
105240	1.0	105240
105242	1.0	105242
105244	1.0	105244
105246	1.0	105246
105248	1.0	105248
105250	1.0	105250
105252	1.0	105252
105254	1.0	105254
105257	1.0	105257
105266	1.0	105266
105269	1.0	105269
105271	1.0	105271
105275	1.0	105275
105279	1.0	105279
105282	1.0	105282
105288	1.0	105288
105290	1.0	105290
105292	1.0	105292
105296	1.0	105296
105299	1.0	105299
105302	1.0	105302
105304	1.0	105304
105306	1.0	105306
105308	1.0	105308
105310	1.0	105310
105314	1.0	105314
105320	1.0	105320
105323	1.0	105323
105325	1.0	105325
105328	1.0	105328
105330	1.0	105330
105335	1.0	105335
105338	1.0	105338
105340	1.0	105340
105343	1.0	105343
105345	1.0	105345
105347	1.0	105347
105351	1.0	105351
105353	1.0	105353
105355	1.0	105355
105357	1.0	105357
105359	1.0	105359
105364	1.0	105364
105366	1.0	105366
105368	1.0	105368
105375	1.0	105375
105377	1.0	105377
105379	1.0	105379
105382	1.0	105382
105386	1.0	105386
105388	1.0	105388
105390	1.0	105390
105404	1.0	105404
105406	1.0	105406
105408	1.0	105408
105410	1.0	105410
105412	1.0	105412
105414	1.0	105414
105416	1.0	105416
105420	1.0	105420
105423	1.0	105423
105429	1.0	105429
105435	1.0	105435
105439	1.0	105439
105442	1.0	105442
105444	1.0	105444
105446	1.0	105446
105448	1.0	105448
105450	1.0	105450
105453	1.0	105453
105455	1.0	105455
105463	1.0	105463
105465	1.0	105465
105468	1.0	105468
105470	1.0	105470
105474	1.0	105474
105477	1.0	105477
105481	1.0	105481
105484	1.0	105484
105490	1.0	105490
105492	1.0	105492
105495	1.0	105495
105497	1.0	105497
105499	1.0	105499
105502	1.0	105502
105504	1.0	105504
105506	1.0	105506
105509	1.0	105509
105519	1.0	105519
105521	1.0	105521
105526	1.0	105526
105529	1.0	105529
105531	1.0	105531
105533	1.0	105533
105538	1.0	105538
105540	1.0	105540
105542	1.0	105542
105554	1.0	105554
105560	1.0	105560
105563	1.0	105563
105565	1.0	105565
105571	1.0	105571
105575	1.0	105575
105577	1.0	105577
105579	1.0	105579
105581	1.0	105581
105583	1.0	105583
105585	1.0	105585
105591	1.0	105591
105593	1.0	105593
105595	1.0	105595
105597	1.0	105597
105599	1.0	105599
105601	1.0	105601
105606	1.0	105606
105608	1.0	105608
105612	1.0	105612
105616	1.0	105616
105618	1.0	105618
105620	1.0	105620
105622	1.0	105622
105628	1.0	105628
105630	1.0	105630
105653	1.0	105653
105659	1.0	105659
105663	1.0	105663
105665	1.0	105665
105700	1.0	105700
105703	1.0	105703
105709	1.0	105709
105713	1.0	105713
105715	1.0	105715
105717	1.0	105717
105720	1.0	105720
105728	1.0	105728
105731	1.0	105731
105733	1.0	105733
105742	1.0	105742
105744	1.0	105744
105746	1.0	105746
105748	1.0	105748
105753	1.0	105753
105755	1.0	105755
105759	1.0	105759
105761	1.0	105761
105763	1.0	105763
105765	1.0	105765
105767	1.0	105767
105769	1.0	105769
105772	1.0	105772
105776	1.0	105776
105778	1.0	105778
105792	1.0	105792
105794	1.0	105794
105796	1.0	105796
105799	1.0	105799
105801	1.0	105801
105803	1.0	105803
105805	1.0	105805
105811	1.0	105811
105813	1.0	105813
105815	1.0	105815
105819	1.0	105819
105821	1.0	105821
105825	1.0	105825
105827	1.0	105827
105829	1.0	105829
105831	1.0	105831
105833	1.0	105833
105835	1.0	105835
105837	1.0	105837
105841	1.0	105841
105844	1.0	105844
105846	1.0	105846
105849	1.0	105849
105855	1.0	105855
105863	1.0	105863
105865	1.0	105865
105869	1.0	105869
105873	1.0	105873
105884	1.0	105884
105886	1.0	105886
105888	1.0	105888
105890	1.0	105890
105892	1.0	105892
105899	1.0	105899
105901	1.0	105901
105906	1.0	105906
105911	1.0	105911
105915	1.0	105915
105918	1.0	105918
105928	1.0	105928
105936	1.0	105936
105938	1.0	105938
105943	1.0	105943
105945	1.0	105945
105948	1.0	105948
105950	1.0	105950
105952	1.0	105952
105954	1.0	105954
105959	1.0	105959
105961	1.0	105961
105963	1.0	105963
105965	1.0	105965
105968	1.0	105968
105972	1.0	105972
105974	1.0	105974
105976	1.0	105976
105978	1.0	105978
105980	1.0	105980
105982	1.0	105982
105985	1.0	105985
105987	1.0	105987
105999	1.0	105999
106002	1.0	106002
106004	1.0	106004
106006	1.0	106006
106011	1.0	106011
106017	1.0	106017
106019	1.0	106019
106022	1.0	106022
106024	1.0	106024
106026	1.0	106026
106028	1.0	106028
106030	1.0	106030
106032	1.0	106032
106046	1.0	106046
106048	1.0	106048
106052	1.0	106052
106054	1.0	106054
106057	1.0	106057
106059	1.0	106059
106062	1.0	106062
106064	1.0	106064
106066	1.0	106066
106068	1.0	106068
106072	1.0	106072
106074	1.0	106074
106076	1.0	106076
106078	1.0	106078
106082	1.0	106082
106090	1.0	106090
106092	1.0	106092
106094	1.0	106094
106098	1.0	106098
106100	1.0	106100
106102	1.0	106102
106107	1.0	106107
106109	1.0	106109
106111	1.0	106111
106113	1.0	106113
106115	1.0	106115
106136	1.0	106136
106138	1.0	106138
106141	1.0	106141
106144	1.0	106144
106147	1.0	106147
106156	1.0	106156
106158	1.0	106158
106160	1.0	106160
106163	1.0	106163
106165	1.0	106165
106168	1.0	106168
106170	1.0	106170
106173	1.0	106173
106188	1.0	106188
106190	1.0	106190
106193	1.0	106193
106195	1.0	106195
106197	1.0	106197
106200	1.0	106200
106202	1.0	106202
106204	1.0	106204
106208	1.0	106208
106210	1.0	106210
106212	1.0	106212
106214	1.0	106214
106220	1.0	106220
106222	1.0	106222
106224	1.0	106224
106226	1.0	106226
106228	1.0	106228
106230	1.0	106230
106232	1.0	106232
106234	1.0	106234
106236	1.0	106236
106238	1.0	106238
106240	1.0	106240
106243	1.0	106243
106245	1.0	106245
106250	1.0	106250
106254	1.0	106254
106256	1.0	106256
106268	1.0	106268
106270	1.0	106270
106272	1.0	106272
106275	1.0	106275
106277	1.0	106277
106295	1.0	106295
106297	1.0	106297
106300	1.0	106300
106302	1.0	106302
106306	1.0	106306
106310	1.0	106310
106320	1.0	106320
106326	1.0	106326
106330	1.0	106330
106332	1.0	106332
106334	1.0	106334
106336	1.0	106336
106342	1.0	106342
106344	1.0	106344
106346	1.0	106346
106348	1.0	106348
106351	1.0	106351
106353	1.0	106353
106355	1.0	106355
106363	1.0	106363
106365	1.0	106365
106369	1.0	106369
106374	1.0	106374
106376	1.0	106376
106378	1.0	106378
106387	1.0	106387
106389	1.0	106389
106391	1.0	106391
106397	1.0	106397
106399	1.0	106399
106401	1.0	106401
106403	1.0	106403
106405	1.0	106405
106407	1.0	106407
106417	1.0	106417
106421	1.0	106421
106423	1.0	106423
106431	1.0	106431
106434	1.0	106434
106436	1.0	106436
106438	1.0	106438
106441	1.0	106441
106443	1.0	106443
106450	1.0	106450
106452	1.0	106452
106455	1.0	106455
106458	1.0	106458
106460	1.0	106460
106462	1.0	106462
106464	1.0	106464
106466	1.0	106466
106471	1.0	106471
106473	1.0	106473
106475	1.0	106475
106483	1.0	106483
106485	1.0	106485
106487	1.0	106487
106489	1.0	106489
106491	1.0	106491
106493	1.0	106493
106495	1.0	106495
106498	1.0	106498
106501	1.0	106501
106503	1.0	106503
106506	1.0	106506
106508	1.0	106508
106510	1.0	106510
106515	1.0	106515
106517	1.0	106517
106519	1.0	106519
106521	1.0	106521
106525	1.0	106525
106527	1.0	106527
106529	1.0	106529
106538	1.0	106538
106540	1.0	106540
106542	1.0	106542
106549	1.0	106549
106559	1.0	106559
106561	1.0	106561
106563	1.0	106563
106565	1.0	106565
106579	1.0	106579
106581	1.0	106581
106583	1.0	106583
106590	1.0	106590
106592	1.0	106592
106594	1.0	106594
106599	1.0	106599
106607	1.0	106607
106609	1.0	106609
106611	1.0	106611
106614	1.0	106614
106616	1.0	106616
106618	1.0	106618
106620	1.0	106620
106624	1.0	106624
106634	1.0	106634
106642	1.0	106642
106644	1.0	106644
106646	1.0	106646
106648	1.0	106648
106672	1.0	106672
106674	1.0	106674
106676	1.0	106676
106680	1.0	106680
106682	1.0	106682
106684	1.0	106684
106686	1.0	106686
106688	1.0	106688
106690	1.0	106690
106696	1.0	106696
106698	1.0	106698
106700	1.0	106700
106702	1.0	106702
106704	1.0	106704
106722	1.0	106722
106725	1.0	106725
106727	1.0	106727
106729	1.0	106729
106734	1.0	106734
106736	1.0	106736
106739	1.0	106739
106741	1.0	106741
106745	1.0	106745
106747	1.0	106747
106749	1.0	106749
106751	1.0	106751
106753	1.0	106753
106762	1.0	106762
106766	1.0	106766
106768	1.0	106768
106782	1.0	106782
106785	1.0	106785
106791	1.0	106791
106794	1.0	106794
106820	1.0	106820
106822	1.0	106822
106824	1.0	106824
106832	1.0	106832
106834	1.0	106834
106839	1.0	106839
106841	1.0	106841
106848	1.0	106848
106850	1.0	106850
106852	1.0	106852
106854	1.0	106854
106859	1.0	106859
106861	1.0	106861
106863	1.0	106863
106866	1.0	106866
106868	1.0	106868
106870	1.0	106870
106873	1.0	106873
106877	1.0	106877
106879	1.0	106879
106881	1.0	106881
106883	1.0	106883
106887	1.0	106887
106889	1.0	106889
106892	1.0	106892
106895	1.0	106895
106897	1.0	106897
106906	1.0	106906
106910	1.0	106910
106914	1.0	106914
106916	1.0	106916
106918	1.0	106918
106920	1.0	106920
106922	1.0	106922
106924	1.0	106924
106927	1.0	106927
106967	1.0	106967
106970	1.0	106970
106972	1.0	106972
106981	1.0	106981
106983	1.0	106983
106986	1.0	106986
106988	1.0	106988
106990	1.0	106990
106992	1.0	106992
106994	1.0	106994
106996	1.0	106996
106998	1.0	106998
107000	1.0	107000
107002	1.0	107002
107004	1.0	107004
107011	1.0	107011
107013	1.0	107013
107017	1.0	107017
107020	1.0	107020
107022	1.0	107022
107024	1.0	107024
107028	1.0	107028
107032	1.0	107032
107039	1.0	107039
107042	1.0	107042
107050	1.0	107050
107052	1.0	107052
107055	1.0	107055
107057	1.0	107057
107059	1.0	107059
107061	1.0	107061
107065	1.0	107065
107067	1.0	107067
107069	1.0	107069
107075	1.0	107075
107077	1.0	107077
107079	1.0	107079
107081	1.0	107081
107083	1.0	107083
107085	1.0	107085
107096	1.0	107096
107098	1.0	107098
107100	1.0	107100
107102	1.0	107102
107106	1.0	107106
107115	1.0	107115
107117	1.0	107117
107128	1.0	107128
107130	1.0	107130
107132	1.0	107132
107137	1.0	107137
107141	1.0	107141
107143	1.0	107143
107145	1.0	107145
107147	1.0	107147
107153	1.0	107153
107155	1.0	107155
107157	1.0	107157
107159	1.0	107159
107161	1.0	107161
107172	1.0	107172
107174	1.0	107174
107176	1.0	107176
107178	1.0	107178
107183	1.0	107183
107185	1.0	107185
107188	1.0	107188
107194	1.0	107194
107196	1.0	107196
107199	1.0	107199
107202	1.0	107202
107204	1.0	107204
107207	1.0	107207
107209	1.0	107209
107213	1.0	107213
107215	1.0	107215
107217	1.0	107217
107224	1.0	107224
107226	1.0	107226
107230	1.0	107230
107232	1.0	107232
107234	1.0	107234
107236	1.0	107236
107238	1.0	107238
107241	1.0	107241
107243	1.0	107243
107248	1.0	107248
107252	1.0	107252
107262	1.0	107262
107264	1.0	107264
107266	1.0	107266
107268	1.0	107268
107270	1.0	107270
107274	1.0	107274
107278	1.0	107278
107281	1.0	107281
107289	1.0	107289
107295	1.0	107295
107297	1.0	107297
107299	1.0	107299
107302	1.0	107302
107304	1.0	107304
107306	1.0	107306
107309	1.0	107309
107312	1.0	107312
107314	1.0	107314
107316	1.0	107316
107328	1.0	107328
107334	1.0	107334
107338	1.0	107338
107342	1.0	107342
107344	1.0	107344
107346	1.0	107346
107348	1.0	107348
107350	1.0	107350
107352	1.0	107352
107354	1.0	107354
107357	1.0	107357
107359	1.0	107359
107361	1.0	107361
107368	1.0	107368
107370	1.0	107370
107372	1.0	107372
107380	1.0	107380
107382	1.0	107382
107397	1.0	107397
107400	1.0	107400
107402	1.0	107402
107404	1.0	107404
107406	1.0	107406
107408	1.0	107408
107410	1.0	107410
107412	1.0	107412
107418	1.0	107418
107422	1.0	107422
107424	1.0	107424
107426	1.0	107426
107434	1.0	107434
107436	1.0	107436
107445	1.0	107445
107447	1.0	107447
107449	1.0	107449
107456	1.0	107456
107458	1.0	107458
107460	1.0	107460
107462	1.0	107462
107466	1.0	107466
107477	1.0	107477
107484	1.0	107484
107499	1.0	107499
107501	1.0	107501
107503	1.0	107503
107516	1.0	107516
107537	1.0	107537
107539	1.0	107539
107541	1.0	107541
107543	1.0	107543
107548	1.0	107548
107551	1.0	107551
107555	1.0	107555
107557	1.0	107557
107559	1.0	107559
107561	1.0	107561
107563	1.0	107563
107565	1.0	107565
107567	1.0	107567
107569	1.0	107569
107573	1.0	107573
107575	1.0	107575
107577	1.0	107577
107579	1.0	107579
107581	1.0	107581
107584	1.0	107584
107589	1.0	107589
107591	1.0	107591
107595	1.0	107595
107601	1.0	107601
107603	1.0	107603
107610	1.0	107610
107612	1.0	107612
107614	1.0	107614
107617	1.0	107617
107619	1.0	107619
107621	1.0	107621
107623	1.0	107623
107625	1.0	107625
107627	1.0	107627
107630	1.0	107630
107632	1.0	107632
107634	1.0	107634
107636	1.0	107636
107638	1.0	107638
107640	1.0	107640
107643	1.0	107643
107645	1.0	107645
107647	1.0	107647
107649	1.0	107649
107651	1.0	107651
107653	1.0	107653
107658	1.0	107658
107662	1.0	107662
107664	1.0	107664
107667	1.0	107667
107669	1.0	107669
107671	1.0	107671
107673	1.0	107673
107675	1.0	107675
107677	1.0	107677
107682	1.0	107682
107684	1.0	107684
107686	1.0	107686
107690	1.0	107690
107692	1.0	107692
107696	1.0	107696
107698	1.0	107698
107700	1.0	107700
107702	1.0	107702
107704	1.0	107704
107707	1.0	107707
107710	1.0	107710
107713	1.0	107713
107716	1.0	107716
107718	1.0	107718
107723	1.0	107723
107725	1.0	107725
107730	1.0	107730
107732	1.0	107732
107735	1.0	107735
107737	1.0	107737
107740	1.0	107740
107743	1.0	107743
107745	1.0	107745
107747	1.0	107747
107752	1.0	107752
107754	1.0	107754
107756	1.0	107756
107758	1.0	107758
107762	1.0	107762
107765	1.0	107765
107767	1.0	107767
107769	1.0	107769
107771	1.0	107771
107778	1.0	107778
107780	1.0	107780
107782	1.0	107782
107827	1.0	107827
107836	1.0	107836
107840	1.0	107840
107842	1.0	107842
107846	1.0	107846
107848	1.0	107848
107851	1.0	107851
107853	1.0	107853
107855	1.0	107855
107858	1.0	107858
107860	1.0	107860
107863	1.0	107863
107865	1.0	107865
107867	1.0	107867
107869	1.0	107869
107875	1.0	107875
107877	1.0	107877
107879	1.0	107879
107881	1.0	107881
107883	1.0	107883
107885	1.0	107885
107890	1.0	107890
107894	1.0	107894
107897	1.0	107897
107899	1.0	107899
107901	1.0	107901
107903	1.0	107903
107906	1.0	107906
107910	1.0	107910
107912	1.0	107912
107914	1.0	107914
107916	1.0	107916
107919	1.0	107919
107928	1.0	107928
107947	1.0	107947
107949	1.0	107949
107951	1.0	107951
107953	1.0	107953
107955	1.0	107955
107958	1.0	107958
107960	1.0	107960
107962	1.0	107962
107964	1.0	107964
107966	1.0	107966
107970	1.0	107970
107972	1.0	107972
107974	1.0	107974
107976	1.0	107976
107978	1.0	107978
107980	1.0	107980
107982	1.0	107982
107984	1.0	107984
107987	1.0	107987
107990	1.0	107990
107997	1.0	107997
107999	1.0	107999
108001	1.0	108001
108003	1.0	108003
108005	1.0	108005
108007	1.0	108007
108010	1.0	108010
108012	1.0	108012
108014	1.0	108014
108016	1.0	108016
108041	1.0	108041
108043	1.0	108043
108046	1.0	108046
108048	1.0	108048
108050	1.0	108050
108052	1.0	108052
108054	1.0	108054
108056	1.0	108056
108063	1.0	108063
108065	1.0	108065
108070	1.0	108070
108072	1.0	108072
108074	1.0	108074
108076	1.0	108076
108078	1.0	108078
108085	1.0	108085
108088	1.0	108088
108090	1.0	108090
108092	1.0	108092
108095	1.0	108095
108097	1.0	108097
108100	1.0	108100
108120	1.0	108120
108125	1.0	108125
108127	1.0	108127
108130	1.0	108130
108132	1.0	108132
108134	1.0	108134
108136	1.0	108136
108138	1.0	108138
108141	1.0	108141
108143	1.0	108143
108146	1.0	108146
108149	1.0	108149
108151	1.0	108151
108153	1.0	108153
108156	1.0	108156
108158	1.0	108158
108160	1.0	108160
108186	1.0	108186
108188	1.0	108188
108190	1.0	108190
108192	1.0	108192
108194	1.0	108194
108196	1.0	108196
108200	1.0	108200
108202	1.0	108202
108209	1.0	108209
108212	1.0	108212
108214	1.0	108214
108216	1.0	108216
108218	1.0	108218
108220	1.0	108220
108237	1.0	108237
108239	1.0	108239
108241	1.0	108241
108243	1.0	108243
108246	1.0	108246
108248	1.0	108248
108250	1.0	108250
108253	1.0	108253
108255	1.0	108255
108257	1.0	108257
108261	1.0	108261
108265	1.0	108265
108267	1.0	108267
108271	1.0	108271
108280	1.0	108280
108282	1.0	108282
108285	1.0	108285
108287	1.0	108287
108289	1.0	108289
108311	1.0	108311
108313	1.0	108313
108316	1.0	108316
108318	1.0	108318
108328	1.0	108328
108330	1.0	108330
108332	1.0	108332
108342	1.0	108342
108360	1.0	108360
108370	1.0	108370
108389	1.0	108389
108395	1.0	108395
108401	1.0	108401
108403	1.0	108403
108405	1.0	108405
108407	1.0	108407
108410	1.0	108410
108413	1.0	108413
108422	1.0	108422
108425	1.0	108425
108427	1.0	108427
108445	1.0	108445
108447	1.0	108447
108466	1.0	108466
108468	1.0	108468
108473	1.0	108473
108476	1.0	108476
108479	1.0	108479
108481	1.0	108481
108488	1.0	108488
108491	1.0	108491
108493	1.0	108493
108495	1.0	108495
108497	1.0	108497
108499	1.0	108499
108501	1.0	108501
108503	1.0	108503
108506	1.0	108506
108508	1.0	108508
108510	1.0	108510
108512	1.0	108512
108514	1.0	108514
108516	1.0	108516
108518	1.0	108518
108520	1.0	108520
108522	1.0	108522
108524	1.0	108524
108527	1.0	108527
108529	1.0	108529
108531	1.0	108531
108534	1.0	108534
108536	1.0	108536
108538	1.0	108538
108540	1.0	108540
108542	1.0	108542
108544	1.0	108544
108546	1.0	108546
108548	1.0	108548
108551	1.0	108551
108564	1.0	108564
108566	1.0	108566
108569	1.0	108569
108571	1.0	108571
108575	1.0	108575
108577	1.0	108577
108579	1.0	108579
108581	1.0	108581
108583	1.0	108583
108588	1.0	108588
108590	1.0	108590
108592	1.0	108592
108595	1.0	108595
108597	1.0	108597
108599	1.0	108599
108601	1.0	108601
108647	1.0	108647
108649	1.0	108649
108653	1.0	108653
108656	1.0	108656
108660	1.0	108660
108663	1.0	108663
108667	1.0	108667
108674	1.0	108674
108685	1.0	108685
108687	1.0	108687
108689	1.0	108689
108692	1.0	108692
108694	1.0	108694
108696	1.0	108696
108704	1.0	108704
108709	1.0	108709
108711	1.0	108711
108713	1.0	108713
108715	1.0	108715
108719	1.0	108719
108727	1.0	108727
108729	1.0	108729
108748	1.0	108748
108752	1.0	108752
108754	1.0	108754
108756	1.0	108756
108758	1.0	108758
108760	1.0	108760
108764	1.0	108764
108766	1.0	108766
108768	1.0	108768
108770	1.0	108770
108773	1.0	108773
108775	1.0	108775
108778	1.0	108778
108780	1.0	108780
108787	1.0	108787
108789	1.0	108789
108791	1.0	108791
108795	1.0	108795
108797	1.0	108797
108799	1.0	108799
108808	1.0	108808
108811	1.0	108811
108816	1.0	108816
108819	1.0	108819
108821	1.0	108821
108823	1.0	108823
108825	1.0	108825
108844	1.0	108844
108846	1.0	108846
108852	1.0	108852
108857	1.0	108857
108860	1.0	108860
108862	1.0	108862
108864	1.0	108864
108866	1.0	108866
108869	1.0	108869
108871	1.0	108871
108873	1.0	108873
108875	1.0	108875
108877	1.0	108877
108879	1.0	108879
108882	1.0	108882
108885	1.0	108885
108888	1.0	108888
108891	1.0	108891
108893	1.0	108893
108895	1.0	108895
108899	1.0	108899
108901	1.0	108901
108914	1.0	108914
108916	1.0	108916
108924	1.0	108924
108928	1.0	108928
108930	1.0	108930
108932	1.0	108932
108934	1.0	108934
108936	1.0	108936
108938	1.0	108938
108940	1.0	108940
108942	1.0	108942
108945	1.0	108945
108947	1.0	108947
108949	1.0	108949
108951	1.0	108951
108953	1.0	108953
108968	1.0	108968
108977	1.0	108977
108979	1.0	108979
108981	1.0	108981
108983	1.0	108983
108987	1.0	108987
108989	1.0	108989
108991	1.0	108991
109000	1.0	109000
109002	1.0	109002
109004	1.0	109004
109006	1.0	109006
109008	1.0	109008
109010	1.0	109010
109019	1.0	109019
109021	1.0	109021
109027	1.0	109027
109030	1.0	109030
109032	1.0	109032
109034	1.0	109034
109038	1.0	109038
109042	1.0	109042
109045	1.0	109045
109055	1.0	109055
109057	1.0	109057
109060	1.0	109060
109062	1.0	109062
109064	1.0	109064
109066	1.0	109066
109069	1.0	109069
109072	1.0	109072
109074	1.0	109074
109076	1.0	109076
109093	1.0	109093
109096	1.0	109096
109098	1.0	109098
109102	1.0	109102
109104	1.0	109104
109106	1.0	109106
109108	1.0	109108
109151	1.0	109151
109153	1.0	109153
109155	1.0	109155
109157	1.0	109157
109159	1.0	109159
109161	1.0	109161
109168	1.0	109168
109173	1.0	109173
109177	1.0	109177
109179	1.0	109179
109181	1.0	109181
109183	1.0	109183
109185	1.0	109185
109187	1.0	109187
109189	1.0	109189
109191	1.0	109191
109193	1.0	109193
109195	1.0	109195
109197	1.0	109197
109199	1.0	109199
109201	1.0	109201
109203	1.0	109203
109205	1.0	109205
109207	1.0	109207
109209	1.0	109209
109226	1.0	109226
109229	1.0	109229
109231	1.0	109231
109235	1.0	109235
109237	1.0	109237
109239	1.0	109239
109241	1.0	109241
109243	1.0	109243
109249	1.0	109249
109251	1.0	109251
109253	1.0	109253
109256	1.0	109256
109265	1.0	109265
109267	1.0	109267
109269	1.0	109269
109277	1.0	109277
109280	1.0	109280
109282	1.0	109282
109284	1.0	109284
109287	1.0	109287
109290	1.0	109290
109295	1.0	109295
109313	1.0	109313
109315	1.0	109315
109317	1.0	109317
109319	1.0	109319
109321	1.0	109321
109323	1.0	109323
109325	1.0	109325
109330	1.0	109330
109351	1.0	109351
109353	1.0	109353
109355	1.0	109355
109357	1.0	109357
109359	1.0	109359
109362	1.0	109362
109364	1.0	109364
109366	1.0	109366
109368	1.0	109368
109370	1.0	109370
109372	1.0	109372
109374	1.0	109374
109376	1.0	109376
109379	1.0	109379
109381	1.0	109381
109383	1.0	109383
109385	1.0	109385
109388	1.0	109388
109390	1.0	109390
109392	1.0	109392
109397	1.0	109397
109399	1.0	109399
109416	1.0	109416
109418	1.0	109418
109420	1.0	109420
109423	1.0	109423
109425	1.0	109425
109430	1.0	109430
109434	1.0	109434
109436	1.0	109436
109441	1.0	109441
109444	1.0	109444
109446	1.0	109446
109448	1.0	109448
109450	1.0	109450
109452	1.0	109452
109455	1.0	109455
109457	1.0	109457
109459	1.0	109459
109461	1.0	109461
109463	1.0	109463
109468	1.0	109468
109470	1.0	109470
109472	1.0	109472
109474	1.0	109474
109476	1.0	109476
109479	1.0	109479
109481	1.0	109481
109483	1.0	109483
109485	1.0	109485
109487	1.0	109487
109489	1.0	109489
109492	1.0	109492
109514	1.0	109514
109516	1.0	109516
109520	1.0	109520
109522	1.0	109522
109524	1.0	109524
109526	1.0	109526
109529	1.0	109529
109533	1.0	109533
109542	1.0	109542
109556	1.0	109556
109563	1.0	109563
109565	1.0	109565
109567	1.0	109567
109569	1.0	109569
109571	1.0	109571
109573	1.0	109573
109576	1.0	109576
109578	1.0	109578
109580	1.0	109580
109592	1.0	109592
109594	1.0	109594
109596	1.0	109596
109598	1.0	109598
109600	1.0	109600
109602	1.0	109602
109607	1.0	109607
109613	1.0	109613
109616	1.0	109616
109621	1.0	109621
109623	1.0	109623
109627	1.0	109627
109629	1.0	109629
109633	1.0	109633
109635	1.0	109635
109638	1.0	109638
109640	1.0	109640
109643	1.0	109643
109647	1.0	109647
109649	1.0	109649
109653	1.0	109653
109665	1.0	109665
109667	1.0	109667
109671	1.0	109671
109673	1.0	109673
109675	1.0	109675
109677	1.0	109677
109680	1.0	109680
109682	1.0	109682
109684	1.0	109684
109687	1.0	109687
109697	1.0	109697
109701	1.0	109701
109704	1.0	109704
109708	1.0	109708
109710	1.0	109710
109713	1.0	109713
109715	1.0	109715
109718	1.0	109718
109720	1.0	109720
109723	1.0	109723
109726	1.0	109726
109728	1.0	109728
109731	1.0	109731
109733	1.0	109733
109736	1.0	109736
109738	1.0	109738
109740	1.0	109740
109742	1.0	109742
109764	1.0	109764
109767	1.0	109767
109769	1.0	109769
109771	1.0	109771
109773	1.0	109773
109776	1.0	109776
109779	1.0	109779
109781	1.0	109781
109783	1.0	109783
109786	1.0	109786
109788	1.0	109788
109790	1.0	109790
109793	1.0	109793
109796	1.0	109796
109798	1.0	109798
109800	1.0	109800
109802	1.0	109802
109804	1.0	109804
109806	1.0	109806
109808	1.0	109808
109810	1.0	109810
109812	1.0	109812
109833	1.0	109833
109839	1.0	109839
109846	1.0	109846
109848	1.0	109848
109850	1.0	109850
109853	1.0	109853
109858	1.0	109858
109862	1.0	109862
109864	1.0	109864
109869	1.0	109869
109877	1.0	109877
109881	1.0	109881
109887	1.0	109887
109889	1.0	109889
109891	1.0	109891
109893	1.0	109893
109895	1.0	109895
109897	1.0	109897
109902	1.0	109902
109904	1.0	109904
109912	1.0	109912
109921	1.0	109921
109923	1.0	109923
109925	1.0	109925
109927	1.0	109927
109929	1.0	109929
109931	1.0	109931
109935	1.0	109935
109939	1.0	109939
109941	1.0	109941
109943	1.0	109943
109945	1.0	109945
109947	1.0	109947
109949	1.0	109949
109951	1.0	109951
109953	1.0	109953
109963	1.0	109963
109965	1.0	109965
109968	1.0	109968
109971	1.0	109971
109981	1.0	109981
109983	1.0	109983
109985	1.0	109985
109987	1.0	109987
109989	1.0	109989
109991	1.0	109991
109993	1.0	109993
109995	1.0	109995
109997	1.0	109997
110001	1.0	110001
110004	1.0	110004
110006	1.0	110006
110008	1.0	110008
110026	1.0	110026
110030	1.0	110030
110032	1.0	110032
110034	1.0	110034
110036	1.0	110036
110039	1.0	110039
110042	1.0	110042
110044	1.0	110044
110046	1.0	110046
110048	1.0	110048
110052	1.0	110052
110056	1.0	110056
110058	1.0	110058
110061	1.0	110061
110063	1.0	110063
110067	1.0	110067
110070	1.0	110070
110086	1.0	110086
110090	1.0	110090
110097	1.0	110097
110102	1.0	110102
110104	1.0	110104
110106	1.0	110106
110108	1.0	110108
110110	1.0	110110
110114	1.0	110114
110116	1.0	110116
110119	1.0	110119
110123	1.0	110123
110127	1.0	110127
110130	1.0	110130
110132	1.0	110132
110134	1.0	110134
110136	1.0	110136
110138	1.0	110138
110140	1.0	110140
110155	1.0	110155
110159	1.0	110159
110163	1.0	110163
110167	1.0	110167
110169	1.0	110169
110171	1.0	110171
110173	1.0	110173
110177	1.0	110177
110179	1.0	110179
110181	1.0	110181
110194	1.0	110194
110196	1.0	110196
110198	1.0	110198
110200	1.0	110200
110216	1.0	110216
110219	1.0	110219
110223	1.0	110223
110225	1.0	110225
110227	1.0	110227
110229	1.0	110229
110233	1.0	110233
110235	1.0	110235
110240	1.0	110240
110242	1.0	110242
110255	1.0	110255
110259	1.0	110259
110265	1.0	110265
110267	1.0	110267
110269	1.0	110269
110273	1.0	110273
110276	1.0	110276
110278	1.0	110278
110281	1.0	110281
110284	1.0	110284
110286	1.0	110286
110288	1.0	110288
110293	1.0	110293
110295	1.0	110295
110297	1.0	110297
110310	1.0	110310
110312	1.0	110312
110314	1.0	110314
110316	1.0	110316
110318	1.0	110318
110320	1.0	110320
110322	1.0	110322
110324	1.0	110324
110326	1.0	110326
110328	1.0	110328
110330	1.0	110330
110337	1.0	110337
110339	1.0	110339
110342	1.0	110342
110346	1.0	110346
110348	1.0	110348
110350	1.0	110350
110352	1.0	110352
110354	1.0	110354
110366	1.0	110366
110368	1.0	110368
110370	1.0	110370
110372	1.0	110372
110375	1.0	110375
110377	1.0	110377
110380	1.0	110380
110387	1.0	110387
110390	1.0	110390
110399	1.0	110399
110403	1.0	110403
110405	1.0	110405
110407	1.0	110407
110409	1.0	110409
110412	1.0	110412
110415	1.0	110415
110417	1.0	110417
110419	1.0	110419
110426	1.0	110426
110428	1.0	110428
110431	1.0	110431
110433	1.0	110433
110437	1.0	110437
110439	1.0	110439
110441	1.0	110441
110445	1.0	110445
110447	1.0	110447
110449	1.0	110449
110451	1.0	110451
110453	1.0	110453
110455	1.0	110455
110457	1.0	110457
110459	1.0	110459
110461	1.0	110461
110482	1.0	110482
110484	1.0	110484
110486	1.0	110486
110491	1.0	110491
110493	1.0	110493
110497	1.0	110497
110501	1.0	110501
110503	1.0	110503
110505	1.0	110505
110508	1.0	110508
110510	1.0	110510
110512	1.0	110512
110515	1.0	110515
110531	1.0	110531
110533	1.0	110533
110535	1.0	110535
110537	1.0	110537
110539	1.0	110539
110541	1.0	110541
110546	1.0	110546
110548	1.0	110548
110551	1.0	110551
110553	1.0	110553
110555	1.0	110555
110557	1.0	110557
110562	1.0	110562
110564	1.0	110564
110566	1.0	110566
110568	1.0	110568
110580	1.0	110580
110582	1.0	110582
110584	1.0	110584
110586	1.0	110586
110588	1.0	110588
110591	1.0	110591
110593	1.0	110593
110597	1.0	110597
110599	1.0	110599
110601	1.0	110601
110603	1.0	110603
110607	1.0	110607
110609	1.0	110609
110611	1.0	110611
110613	1.0	110613
110627	1.0	110627
110629	1.0	110629
110633	1.0	110633
110635	1.0	110635
110637	1.0	110637
110639	1.0	110639
110641	1.0	110641
110643	1.0	110643
110645	1.0	110645
110649	1.0	110649
110653	1.0	110653
110655	1.0	110655
110657	1.0	110657
110669	1.0	110669
110671	1.0	110671
110673	1.0	110673
110675	1.0	110675
110678	1.0	110678
110686	1.0	110686
110696	1.0	110696
110718	1.0	110718
110730	1.0	110730
110739	1.0	110739
110744	1.0	110744
110746	1.0	110746
110748	1.0	110748
110750	1.0	110750
110752	1.0	110752
110761	1.0	110761
110763	1.0	110763
110765	1.0	110765
110769	1.0	110769
110771	1.0	110771
110773	1.0	110773
110779	1.0	110779
110781	1.0	110781
110788	1.0	110788
110790	1.0	110790
110792	1.0	110792
110794	1.0	110794
110796	1.0	110796
110798	1.0	110798
110800	1.0	110800
110802	1.0	110802
110805	1.0	110805
110807	1.0	110807
110809	1.0	110809
110811	1.0	110811
110813	1.0	110813
110818	1.0	110818
110820	1.0	110820
110824	1.0	110824
110826	1.0	110826
110828	1.0	110828
110845	1.0	110845
110850	1.0	110850
110852	1.0	110852
110854	1.0	110854
110858	1.0	110858
110860	1.0	110860
110867	1.0	110867
110871	1.0	110871
110873	1.0	110873
110880	1.0	110880
110882	1.0	110882
110884	1.0	110884
110889	1.0	110889
110892	1.0	110892
110895	1.0	110895
110897	1.0	110897
110899	1.0	110899
110916	1.0	110916
110921	1.0	110921
110948	1.0	110948
110951	1.0	110951
110966	1.0	110966
110968	1.0	110968
110970	1.0	110970
110973	1.0	110973
110975	1.0	110975
110982	1.0	110982
110984	1.0	110984
111031	1.0	111031
111036	1.0	111036
111038	1.0	111038
111040	1.0	111040
111042	1.0	111042
111044	1.0	111044
111046	1.0	111046
111050	1.0	111050
111100	1.0	111100
111103	1.0	111103
111105	1.0	111105
111107	1.0	111107
111109	1.0	111109
111111	1.0	111111
111113	1.0	111113
111115	1.0	111115
111119	1.0	111119
111124	1.0	111124
111126	1.0	111126
111128	1.0	111128
111130	1.0	111130
111142	1.0	111142
111144	1.0	111144
111146	1.0	111146
111170	1.0	111170
111226	1.0	111226
111228	1.0	111228
111230	1.0	111230
111233	1.0	111233
111235	1.0	111235
111237	1.0	111237
111245	1.0	111245
111247	1.0	111247
111249	1.0	111249
111251	1.0	111251
111253	1.0	111253
111255	1.0	111255
111257	1.0	111257
111259	1.0	111259
111261	1.0	111261
111264	1.0	111264
111266	1.0	111266
111283	1.0	111283
111285	1.0	111285
111287	1.0	111287
111290	1.0	111290
111303	1.0	111303
111310	1.0	111310
111312	1.0	111312
111314	1.0	111314
111316	1.0	111316
111318	1.0	111318
111320	1.0	111320
111329	1.0	111329
111332	1.0	111332
111343	1.0	111343
111345	1.0	111345
111347	1.0	111347
111349	1.0	111349
111351	1.0	111351
111358	1.0	111358
111360	1.0	111360
111362	1.0	111362
111364	1.0	111364
111368	1.0	111368
111370	1.0	111370
111373	1.0	111373
111375	1.0	111375
111377	1.0	111377
111380	1.0	111380
111384	1.0	111384
111387	1.0	111387
111389	1.0	111389
111401	1.0	111401
111403	1.0	111403
111405	1.0	111405
111407	1.0	111407
111409	1.0	111409
111411	1.0	111411
111436	1.0	111436
111439	1.0	111439
111441	1.0	111441
111443	1.0	111443
111445	1.0	111445
111447	1.0	111447
111449	1.0	111449
111451	1.0	111451
111453	1.0	111453
111456	1.0	111456
111458	1.0	111458
111460	1.0	111460
111462	1.0	111462
111464	1.0	111464
111468	1.0	111468
111486	1.0	111486
111499	1.0	111499
111505	1.0	111505
111507	1.0	111507
111509	1.0	111509
111515	1.0	111515
111517	1.0	111517
111519	1.0	111519
111529	1.0	111529
111542	1.0	111542
111544	1.0	111544
111546	1.0	111546
111548	1.0	111548
111551	1.0	111551
111553	1.0	111553
111566	1.0	111566
111578	1.0	111578
111583	1.0	111583
111587	1.0	111587
111589	1.0	111589
111592	1.0	111592
111595	1.0	111595
111601	1.0	111601
111603	1.0	111603
111614	1.0	111614
111617	1.0	111617
111622	1.0	111622
111624	1.0	111624
111626	1.0	111626
111628	1.0	111628
111630	1.0	111630
111632	1.0	111632
111638	1.0	111638
111640	1.0	111640
111644	1.0	111644
111647	1.0	111647
111649	1.0	111649
111653	1.0	111653
111655	1.0	111655
111659	1.0	111659
111661	1.0	111661
111663	1.0	111663
111667	1.0	111667
111680	1.0	111680
111689	1.0	111689
111694	1.0	111694
111696	1.0	111696
111700	1.0	111700
111702	1.0	111702
111704	1.0	111704
111716	1.0	111716
111722	1.0	111722
111726	1.0	111726
111732	1.0	111732
111734	1.0	111734
111740	1.0	111740
111743	1.0	111743
111745	1.0	111745
111749	1.0	111749
111752	1.0	111752
111755	1.0	111755
111757	1.0	111757
111759	1.0	111759
111762	1.0	111762
111764	1.0	111764
111766	1.0	111766
111774	1.0	111774
111776	1.0	111776
111778	1.0	111778
111783	1.0	111783
111785	1.0	111785
111787	1.0	111787
111789	1.0	111789
111793	1.0	111793
111795	1.0	111795
111797	1.0	111797
111800	1.0	111800
111809	1.0	111809
111811	1.0	111811
111813	1.0	111813
111815	1.0	111815
111817	1.0	111817
111844	1.0	111844
111846	1.0	111846
111848	1.0	111848
111850	1.0	111850
111852	1.0	111852
111854	1.0	111854
111856	1.0	111856
111868	1.0	111868
111872	1.0	111872
111874	1.0	111874
111878	1.0	111878
111880	1.0	111880
111882	1.0	111882
111885	1.0	111885
111887	1.0	111887
111899	1.0	111899
111901	1.0	111901
111913	1.0	111913
111915	1.0	111915
111921	1.0	111921
111924	1.0	111924
111929	1.0	111929
111931	1.0	111931
111944	1.0	111944
111946	1.0	111946
111961	1.0	111961
111990	1.0	111990
111993	1.0	111993
111995	1.0	111995
111997	1.0	111997
111999	1.0	111999
112001	1.0	112001
112003	1.0	112003
112006	1.0	112006
112013	1.0	112013
112015	1.0	112015
112019	1.0	112019
112021	1.0	112021
112023	1.0	112023
112056	1.0	112056
112060	1.0	112060
112062	1.0	112062
112064	1.0	112064
112066	1.0	112066
112070	1.0	112070
112072	1.0	112072
112078	1.0	112078
112081	1.0	112081
112083	1.0	112083
112085	1.0	112085
112087	1.0	112087
112089	1.0	112089
112091	1.0	112091
112093	1.0	112093
112112	1.0	112112
112116	1.0	112116
112118	1.0	112118
112138	1.0	112138
112163	1.0	112163
112165	1.0	112165
112171	1.0	112171
112173	1.0	112173
112175	1.0	112175
112177	1.0	112177
112179	1.0	112179
112181	1.0	112181
112183	1.0	112183
112185	1.0	112185
112193	1.0	112193
112204	1.0	112204
112206	1.0	112206
112214	1.0	112214
112226	1.0	112226
112229	1.0	112229
112236	1.0	112236
112240	1.0	112240
112245	1.0	112245
112249	1.0	112249
112251	1.0	112251
112253	1.0	112253
112255	1.0	112255
112257	1.0	112257
112261	1.0	112261
112271	1.0	112271
112273	1.0	112273
112275	1.0	112275
112277	1.0	112277
112279	1.0	112279
112281	1.0	112281
112283	1.0	112283
112288	1.0	112288
112290	1.0	112290
112293	1.0	112293
112297	1.0	112297
112299	1.0	112299
112301	1.0	112301
112303	1.0	112303
112307	1.0	112307
112309	1.0	112309
112316	1.0	112316
112320	1.0	112320
112326	1.0	112326
112328	1.0	112328
112330	1.0	112330
112332	1.0	112332
112334	1.0	112334
112338	1.0	112338
112340	1.0	112340
112342	1.0	112342
112351	1.0	112351
112353	1.0	112353
112355	1.0	112355
112359	1.0	112359
112365	1.0	112365
112367	1.0	112367
112370	1.0	112370
112381	1.0	112381
112383	1.0	112383
112389	1.0	112389
112395	1.0	112395
112399	1.0	112399
112404	1.0	112404
112406	1.0	112406
112412	1.0	112412
112416	1.0	112416
112419	1.0	112419
112421	1.0	112421
112423	1.0	112423
112425	1.0	112425
112432	1.0	112432
112434	1.0	112434
112436	1.0	112436
112439	1.0	112439
112442	1.0	112442
112444	1.0	112444
112446	1.0	112446
112448	1.0	112448
112450	1.0	112450
112452	1.0	112452
112454	1.0	112454
112458	1.0	112458
112460	1.0	112460
112465	1.0	112465
112467	1.0	112467
112469	1.0	112469
112471	1.0	112471
112473	1.0	112473
112477	1.0	112477
112479	1.0	112479
112481	1.0	112481
112483	1.0	112483
112485	1.0	112485
112488	1.0	112488
112493	1.0	112493
112495	1.0	112495
112497	1.0	112497
112501	1.0	112501
112506	1.0	112506
112508	1.0	112508
112510	1.0	112510
112512	1.0	112512
112515	1.0	112515
112517	1.0	112517
112519	1.0	112519
112538	1.0	112538
112546	1.0	112546
112548	1.0	112548
112550	1.0	112550
112552	1.0	112552
112554	1.0	112554
112556	1.0	112556
112577	1.0	112577
112580	1.0	112580
112582	1.0	112582
112586	1.0	112586
112589	1.0	112589
112591	1.0	112591
112594	1.0	112594
112596	1.0	112596
112599	1.0	112599
112601	1.0	112601
112603	1.0	112603
112606	1.0	112606
112610	1.0	112610
112621	1.0	112621
112623	1.0	112623
112625	1.0	112625
112637	1.0	112637
112640	1.0	112640
112642	1.0	112642
112648	1.0	112648
112650	1.0	112650
112653	1.0	112653
112655	1.0	112655
112657	1.0	112657
112663	1.0	112663
112665	1.0	112665
112672	1.0	112672
112689	1.0	112689
112693	1.0	112693
112705	1.0	112705
112710	1.0	112710
112723	1.0	112723
112725	1.0	112725
112727	1.0	112727
112729	1.0	112729
112731	1.0	112731
112733	1.0	112733
112735	1.0	112735
112741	1.0	112741
112743	1.0	112743
112749	1.0	112749
112751	1.0	112751
112753	1.0	112753
112759	1.0	112759
112764	1.0	112764
112767	1.0	112767
112770	1.0	112770
112772	1.0	112772
112774	1.0	112774
112776	1.0	112776
112778	1.0	112778
112780	1.0	112780
112782	1.0	112782
112784	1.0	112784
112788	1.0	112788
112790	1.0	112790
112792	1.0	112792
112798	1.0	112798
112800	1.0	112800
112802	1.0	112802
112804	1.0	112804
112807	1.0	112807
112809	1.0	112809
112811	1.0	112811
112814	1.0	112814
112816	1.0	112816
112818	1.0	112818
112842	1.0	112842
112844	1.0	112844
112850	1.0	112850
112852	1.0	112852
112854	1.0	112854
112856	1.0	112856
112864	1.0	112864
112866	1.0	112866
112868	1.0	112868
112871	1.0	112871
112877	1.0	112877
112880	1.0	112880
112882	1.0	112882
112890	1.0	112890
112893	1.0	112893
112895	1.0	112895
112897	1.0	112897
112903	1.0	112903
112905	1.0	112905
112907	1.0	112907
112909	1.0	112909
112911	1.0	112911
112913	1.0	112913
112921	1.0	112921
112923	1.0	112923
112925	1.0	112925
112929	1.0	112929
112931	1.0	112931
112938	1.0	112938
112940	1.0	112940
112942	1.0	112942
112944	1.0	112944
112946	1.0	112946
112948	1.0	112948
112950	1.0	112950
112953	1.0	112953
112955	1.0	112955
112957	1.0	112957
112959	1.0	112959
112961	1.0	112961
112974	1.0	112974
112976	1.0	112976
112978	1.0	112978
112982	1.0	112982
112988	1.0	112988
112990	1.0	112990
112992	1.0	112992
112995	1.0	112995
112999	1.0	112999
113001	1.0	113001
113014	1.0	113014
113016	1.0	113016
113020	1.0	113020
113022	1.0	113022
113024	1.0	113024
113029	1.0	113029
113033	1.0	113033
113035	1.0	113035
113037	1.0	113037
113039	1.0	113039
113041	1.0	113041
113043	1.0	113043
113045	1.0	113045
113048	1.0	113048
113062	1.0	113062
113064	1.0	113064
113066	1.0	113066
113068	1.0	113068
113071	1.0	113071
113073	1.0	113073
113080	1.0	113080
113083	1.0	113083
113089	1.0	113089
113092	1.0	113092
113103	1.0	113103
113105	1.0	113105
113112	1.0	113112
113122	1.0	113122
113126	1.0	113126
113128	1.0	113128
113130	1.0	113130
113132	1.0	113132
113139	1.0	113139
113143	1.0	113143
113145	1.0	113145
113149	1.0	113149
113152	1.0	113152
113159	1.0	113159
113162	1.0	113162
113186	1.0	113186
113188	1.0	113188
113190	1.0	113190
113203	1.0	113203
113205	1.0	113205
113207	1.0	113207
113209	1.0	113209
113214	1.0	113214
113216	1.0	113216
113218	1.0	113218
113220	1.0	113220
113223	1.0	113223
113225	1.0	113225
113227	1.0	113227
113230	1.0	113230
113232	1.0	113232
113234	1.0	113234
113238	1.0	113238
113240	1.0	113240
113244	1.0	113244
113246	1.0	113246
113250	1.0	113250
113252	1.0	113252
113254	1.0	113254
113256	1.0	113256
113261	1.0	113261
113263	1.0	113263
113275	1.0	113275
113278	1.0	113278
113280	1.0	113280
113282	1.0	113282
113284	1.0	113284
113290	1.0	113290
113300	1.0	113300
113304	1.0	113304
113306	1.0	113306
113309	1.0	113309
113313	1.0	113313
113315	1.0	113315
113323	1.0	113323
113325	1.0	113325
113337	1.0	113337
113343	1.0	113343
113345	1.0	113345
113348	1.0	113348
113350	1.0	113350
113352	1.0	113352
113354	1.0	113354
113358	1.0	113358
113364	1.0	113364
113370	1.0	113370
113374	1.0	113374
113376	1.0	113376
113378	1.0	113378
113380	1.0	113380
113394	1.0	113394
113416	1.0	113416
113420	1.0	113420
113428	1.0	113428
113430	1.0	113430
113432	1.0	113432
113434	1.0	113434
113449	1.0	113449
113451	1.0	113451
113453	1.0	113453
113457	1.0	113457
113459	1.0	113459
113464	1.0	113464
113466	1.0	113466
113470	1.0	113470
113472	1.0	113472
113474	1.0	113474
113476	1.0	113476
113478	1.0	113478
113497	1.0	113497
113499	1.0	113499
113501	1.0	113501
113503	1.0	113503
113505	1.0	113505
113507	1.0	113507
113510	1.0	113510
113513	1.0	113513
113515	1.0	113515
113521	1.0	113521
113532	1.0	113532
113534	1.0	113534
113536	1.0	113536
113539	1.0	113539
113541	1.0	113541
113543	1.0	113543
113545	1.0	113545
113555	1.0	113555
113557	1.0	113557
113559	1.0	113559
113561	1.0	113561
113563	1.0	113563
113565	1.0	113565
113567	1.0	113567
113573	1.0	113573
113575	1.0	113575
113577	1.0	113577
113582	1.0	113582
113585	1.0	113585
113604	1.0	113604
113606	1.0	113606
113608	1.0	113608
113612	1.0	113612
113614	1.0	113614
113618	1.0	113618
113630	1.0	113630
113632	1.0	113632
113634	1.0	113634
113636	1.0	113636
113638	1.0	113638
113640	1.0	113640
113642	1.0	113642
113644	1.0	113644
113646	1.0	113646
113648	1.0	113648
113661	1.0	113661
113670	1.0	113670
113674	1.0	113674
113686	1.0	113686
113692	1.0	113692
113696	1.0	113696
113698	1.0	113698
113701	1.0	113701
113703	1.0	113703
113705	1.0	113705
113707	1.0	113707
113709	1.0	113709
113711	1.0	113711
113715	1.0	113715
113717	1.0	113717
113719	1.0	113719
113721	1.0	113721
113723	1.0	113723
113725	1.0	113725
113739	1.0	113739
113741	1.0	113741
113743	1.0	113743
113746	1.0	113746
113749	1.0	113749
113751	1.0	113751
113755	1.0	113755
113757	1.0	113757
113765	1.0	113765
113767	1.0	113767
113769	1.0	113769
113771	1.0	113771
113773	1.0	113773
113775	1.0	113775
113778	1.0	113778
113780	1.0	113780
113783	1.0	113783
113790	1.0	113790
113793	1.0	113793
113798	1.0	113798
113800	1.0	113800
113816	1.0	113816
113829	1.0	113829
113831	1.0	113831
113834	1.0	113834
113836	1.0	113836
113840	1.0	113840
113843	1.0	113843
113845	1.0	113845
113847	1.0	113847
113849	1.0	113849
113851	1.0	113851
113853	1.0	113853
113855	1.0	113855
113857	1.0	113857
113860	1.0	113860
113862	1.0	113862
113864	1.0	113864
113866	1.0	113866
113868	1.0	113868
113872	1.0	113872
113889	1.0	113889
113891	1.0	113891
113895	1.0	113895
113898	1.0	113898
113902	1.0	113902
113904	1.0	113904
113906	1.0	113906
113908	1.0	113908
113911	1.0	113911
113924	1.0	113924
113933	1.0	113933
113938	1.0	113938
113943	1.0	113943
113945	1.0	113945
113947	1.0	113947
113949	1.0	113949
113951	1.0	113951
113953	1.0	113953
113955	1.0	113955
113968	1.0	113968
113970	1.0	113970
113972	1.0	113972
113974	1.0	113974
113976	1.0	113976
113981	1.0	113981
113983	1.0	113983
113997	1.0	113997
113999	1.0	113999
114001	1.0	114001
114003	1.0	114003
114007	1.0	114007
114009	1.0	114009
114011	1.0	114011
114013	1.0	114013
114015	1.0	114015
114017	1.0	114017
114028	1.0	114028
114033	1.0	114033
114035	1.0	114035
114040	1.0	114040
114042	1.0	114042
114044	1.0	114044
114046	1.0	114046
114048	1.0	114048
114060	1.0	114060
114062	1.0	114062
114064	1.0	114064
114066	1.0	114066
114068	1.0	114068
114070	1.0	114070
114072	1.0	114072
114074	1.0	114074
114078	1.0	114078
114082	1.0	114082
114085	1.0	114085
114087	1.0	114087
114093	1.0	114093
114095	1.0	114095
114119	1.0	114119
114122	1.0	114122
114124	1.0	114124
114126	1.0	114126
114128	1.0	114128
114130	1.0	114130
114138	1.0	114138
114140	1.0	114140
114142	1.0	114142
114146	1.0	114146
114161	1.0	114161
114164	1.0	114164
114166	1.0	114166
114170	1.0	114170
114172	1.0	114172
114174	1.0	114174
114177	1.0	114177
114180	1.0	114180
114182	1.0	114182
114184	1.0	114184
114186	1.0	114186
114188	1.0	114188
114191	1.0	114191
114193	1.0	114193
114195	1.0	114195
114197	1.0	114197
114199	1.0	114199
114214	1.0	114214
114217	1.0	114217
114232	1.0	114232
114234	1.0	114234
114236	1.0	114236
114238	1.0	114238
114240	1.0	114240
114242	1.0	114242
114244	1.0	114244
114246	1.0	114246
114248	1.0	114248
114250	1.0	114250
114252	1.0	114252
114254	1.0	114254
114256	1.0	114256
114261	1.0	114261
114263	1.0	114263
114265	1.0	114265
114267	1.0	114267
114269	1.0	114269
114271	1.0	114271
114273	1.0	114273
114277	1.0	114277
114280	1.0	114280
114282	1.0	114282
114292	1.0	114292
114327	1.0	114327
114329	1.0	114329
114331	1.0	114331
114333	1.0	114333
114335	1.0	114335
114337	1.0	114337
114340	1.0	114340
114342	1.0	114342
114363	1.0	114363
114367	1.0	114367
114369	1.0	114369
114371	1.0	114371
114373	1.0	114373
114376	1.0	114376
114378	1.0	114378
114382	1.0	114382
114392	1.0	114392
114394	1.0	114394
114396	1.0	114396
114398	1.0	114398
114400	1.0	114400
114417	1.0	114417
114420	1.0	114420
114426	1.0	114426
114431	1.0	114431
114433	1.0	114433
114436	1.0	114436
114439	1.0	114439
114453	1.0	114453
114455	1.0	114455
114457	1.0	114457
114459	1.0	114459
114461	1.0	114461
114464	1.0	114464
114486	1.0	114486
114489	1.0	114489
114492	1.0	114492
114494	1.0	114494
114497	1.0	114497
114503	1.0	114503
114510	1.0	114510
114514	1.0	114514
114535	1.0	114535
114550	1.0	114550
114552	1.0	114552
114554	1.0	114554
114556	1.0	114556
114561	1.0	114561
114563	1.0	114563
114565	1.0	114565
114567	1.0	114567
114569	1.0	114569
114577	1.0	114577
114583	1.0	114583
114585	1.0	114585
114587	1.0	114587
114591	1.0	114591
114593	1.0	114593
114595	1.0	114595
114599	1.0	114599
114601	1.0	114601
114604	1.0	114604
114617	1.0	114617
114620	1.0	114620
114624	1.0	114624
114627	1.0	114627
114629	1.0	114629
114631	1.0	114631
114633	1.0	114633
114635	1.0	114635
114640	1.0	114640
114652	1.0	114652
114659	1.0	114659
114662	1.0	114662
114667	1.0	114667
114670	1.0	114670
114673	1.0	114673
114676	1.0	114676
114678	1.0	114678
114680	1.0	114680
114685	1.0	114685
114687	1.0	114687
114692	1.0	114692
114694	1.0	114694
114696	1.0	114696
114698	1.0	114698
114700	1.0	114700
114702	1.0	114702
114704	1.0	114704
114707	1.0	114707
114713	1.0	114713
114715	1.0	114715
114721	1.0	114721
114723	1.0	114723
114725	1.0	114725
114752	1.0	114752
114754	1.0	114754
114756	1.0	114756
114758	1.0	114758
114760	1.0	114760
114762	1.0	114762
114764	1.0	114764
114766	1.0	114766
114777	1.0	114777
114791	1.0	114791
114793	1.0	114793
114795	1.0	114795
114805	1.0	114805
114807	1.0	114807
114809	1.0	114809
114814	1.0	114814
114818	1.0	114818
114834	1.0	114834
114836	1.0	114836
114838	1.0	114838
114842	1.0	114842
114845	1.0	114845
114847	1.0	114847
114849	1.0	114849
114852	1.0	114852
114854	1.0	114854
114856	1.0	114856
114859	1.0	114859
114861	1.0	114861
114873	1.0	114873
114875	1.0	114875
114877	1.0	114877
114883	1.0	114883
114886	1.0	114886
114888	1.0	114888
114891	1.0	114891
114893	1.0	114893
114895	1.0	114895
114898	1.0	114898
114900	1.0	114900
114904	1.0	114904
114906	1.0	114906
114909	1.0	114909
114922	1.0	114922
114925	1.0	114925
114928	1.0	114928
114931	1.0	114931
114933	1.0	114933
114935	1.0	114935
114945	1.0	114945
114947	1.0	114947
114958	1.0	114958
114963	1.0	114963
114980	1.0	114980
114984	1.0	114984
114995	1.0	114995
115004	1.0	115004
115006	1.0	115006
115008	1.0	115008
115011	1.0	115011
115017	1.0	115017
115021	1.0	115021
115023	1.0	115023
115027	1.0	115027
115038	1.0	115038
115040	1.0	115040
115042	1.0	115042
115060	1.0	115060
115065	1.0	115065
115068	1.0	115068
115071	1.0	115071
115075	1.0	115075
115078	1.0	115078
115080	1.0	115080
115109	1.0	115109
115111	1.0	115111
115119	1.0	115119
115122	1.0	115122
115130	1.0	115130
115133	1.0	115133
115135	1.0	115135
115137	1.0	115137
115139	1.0	115139
115143	1.0	115143
115145	1.0	115145
115147	1.0	115147
115149	1.0	115149
115151	1.0	115151
115160	1.0	115160
115162	1.0	115162
115164	1.0	115164
115166	1.0	115166
115170	1.0	115170
115172	1.0	115172
115174	1.0	115174
115176	1.0	115176
115178	1.0	115178
115180	1.0	115180
115203	1.0	115203
115205	1.0	115205
115207	1.0	115207
115210	1.0	115210
115212	1.0	115212
115216	1.0	115216
115218	1.0	115218
115220	1.0	115220
115229	1.0	115229
115231	1.0	115231
115233	1.0	115233
115235	1.0	115235
115238	1.0	115238
115240	1.0	115240
115244	1.0	115244
115247	1.0	115247
115249	1.0	115249
115251	1.0	115251
115254	1.0	115254
115256	1.0	115256
115258	1.0	115258
115263	1.0	115263
115277	1.0	115277
115279	1.0	115279
115283	1.0	115283
115285	1.0	115285
115287	1.0	115287
115291	1.0	115291
115309	1.0	115309
115333	1.0	115333
115335	1.0	115335
115337	1.0	115337
115339	1.0	115339
115341	1.0	115341
115343	1.0	115343
115348	1.0	115348
115351	1.0	115351
115353	1.0	115353
115355	1.0	115355
115357	1.0	115357
115364	1.0	115364
115373	1.0	115373
115376	1.0	115376
115379	1.0	115379
115381	1.0	115381
115386	1.0	115386
115388	1.0	115388
115403	1.0	115403
115409	1.0	115409
115412	1.0	115412
115414	1.0	115414
115417	1.0	115417
115419	1.0	115419
115421	1.0	115421
115423	1.0	115423
115437	1.0	115437
115439	1.0	115439
115441	1.0	115441
115460	1.0	115460
115463	1.0	115463
115465	1.0	115465
115467	1.0	115467
115469	1.0	115469
115471	1.0	115471
115473	1.0	115473
115475	1.0	115475
115479	1.0	115479
115502	1.0	115502
115504	1.0	115504
115518	1.0	115518
115522	1.0	115522
115524	1.0	115524
115526	1.0	115526
115529	1.0	115529
115531	1.0	115531
115534	1.0	115534
115538	1.0	115538
115540	1.0	115540
115545	1.0	115545
115556	1.0	115556
115558	1.0	115558
115565	1.0	115565
115569	1.0	115569
115571	1.0	115571
115574	1.0	115574
115598	1.0	115598
115600	1.0	115600
115602	1.0	115602
115604	1.0	115604
115607	1.0	115607
115611	1.0	115611
115617	1.0	115617
115620	1.0	115620
115622	1.0	115622
115624	1.0	115624
115629	1.0	115629
115631	1.0	115631
115633	1.0	115633
115653	1.0	115653
115664	1.0	115664
115667	1.0	115667
115669	1.0	115669
115671	1.0	115671
115676	1.0	115676
115678	1.0	115678
115680	1.0	115680
115682	1.0	115682
115685	1.0	115685
115687	1.0	115687
115690	1.0	115690
115699	1.0	115699
115701	1.0	115701
115703	1.0	115703
115705	1.0	115705
115708	1.0	115708
115711	1.0	115711
115715	1.0	115715
115721	1.0	115721
115724	1.0	115724
115727	1.0	115727
115746	1.0	115746
115748	1.0	115748
115752	1.0	115752
115754	1.0	115754
115756	1.0	115756
115759	1.0	115759
115761	1.0	115761
115766	1.0	115766
115768	1.0	115768
115770	1.0	115770
115772	1.0	115772
115775	1.0	115775
115777	1.0	115777
115781	1.0	115781
115789	1.0	115789
115793	1.0	115793
115795	1.0	115795
115797	1.0	115797
115801	1.0	115801
115819	1.0	115819
115821	1.0	115821
115824	1.0	115824
115826	1.0	115826
115828	1.0	115828
115831	1.0	115831
115834	1.0	115834
115836	1.0	115836
115840	1.0	115840
115864	1.0	115864
115867	1.0	115867
115869	1.0	115869
115871	1.0	115871
115873	1.0	115873
115875	1.0	115875
115877	1.0	115877
115879	1.0	115879
115881	1.0	115881
115885	1.0	115885
115895	1.0	115895
115903	1.0	115903
115907	1.0	115907
115909	1.0	115909
115915	1.0	115915
115919	1.0	115919
115921	1.0	115921
115923	1.0	115923
115925	1.0	115925
115927	1.0	115927
115929	1.0	115929
115937	1.0	115937
115939	1.0	115939
115941	1.0	115941
115943	1.0	115943
115945	1.0	115945
115947	1.0	115947
115949	1.0	115949
115955	1.0	115955
115963	1.0	115963
115965	1.0	115965
115967	1.0	115967
115969	1.0	115969
115971	1.0	115971
115973	1.0	115973
115975	1.0	115975
115977	1.0	115977
115987	1.0	115987
115989	1.0	115989
115991	1.0	115991
115994	1.0	115994
115996	1.0	115996
115998	1.0	115998
116000	1.0	116000
116002	1.0	116002
116004	1.0	116004
116006	1.0	116006
116008	1.0	116008
116010	1.0	116010
116012	1.0	116012
116014	1.0	116014
116016	1.0	116016
116024	1.0	116024
116028	1.0	116028
116030	1.0	116030
116032	1.0	116032
116034	1.0	116034
116036	1.0	116036
116044	1.0	116044
116048	1.0	116048
116062	1.0	116062
116064	1.0	116064
116080	1.0	116080
116082	1.0	116082
116084	1.0	116084
116086	1.0	116086
116088	1.0	116088
116090	1.0	116090
116092	1.0	116092
116094	1.0	116094
116096	1.0	116096
116098	1.0	116098
116100	1.0	116100
116102	1.0	116102
116104	1.0	116104
116106	1.0	116106
116108	1.0	116108
116118	1.0	116118
116126	1.0	116126
116128	1.0	116128
116136	1.0	116136
116138	1.0	116138
116141	1.0	116141
116155	1.0	116155
116157	1.0	116157
116159	1.0	116159
116161	1.0	116161
116163	1.0	116163
116165	1.0	116165
116167	1.0	116167
116169	1.0	116169
116171	1.0	116171
116173	1.0	116173
116175	1.0	116175
116177	1.0	116177
116179	1.0	116179
116181	1.0	116181
116183	1.0	116183
116185	1.0	116185
116187	1.0	116187
116189	1.0	116189
116191	1.0	116191
116195	1.0	116195
116197	1.0	116197
116201	1.0	116201
116203	1.0	116203
116205	1.0	116205
116207	1.0	116207
116209	1.0	116209
116211	1.0	116211
116213	1.0	116213
116215	1.0	116215
116217	1.0	116217
116219	1.0	116219
116221	1.0	116221
116227	1.0	116227
116231	1.0	116231
116233	1.0	116233
116235	1.0	116235
116253	1.0	116253
116261	1.0	116261
116267	1.0	116267
116271	1.0	116271
116275	1.0	116275
116283	1.0	116283
116285	1.0	116285
116289	1.0	116289
116291	1.0	116291
116293	1.0	116293
116305	1.0	116305
116307	1.0	116307
116311	1.0	116311
116313	1.0	116313
116321	1.0	116321
116323	1.0	116323
116341	1.0	116341
116343	1.0	116343
116351	1.0	116351
116387	1.0	116387
116397	1.0	116397
116399	1.0	116399
116401	1.0	116401
116403	1.0	116403
116405	1.0	116405
116407	1.0	116407
116409	1.0	116409
116411	1.0	116411
116413	1.0	116413
116415	1.0	116415
116417	1.0	116417
116419	1.0	116419
116421	1.0	116421
116423	1.0	116423
116425	1.0	116425
116427	1.0	116427
116429	1.0	116429
116431	1.0	116431
116433	1.0	116433
116435	1.0	116435
116439	1.0	116439
116441	1.0	116441
116447	1.0	116447
116449	1.0	116449
116453	1.0	116453
116457	1.0	116457
116463	1.0	116463
116465	1.0	116465
116467	1.0	116467
116471	1.0	116471
116473	1.0	116473
116477	1.0	116477
116481	1.0	116481
116483	1.0	116483
116485	1.0	116485
116487	1.0	116487
116489	1.0	116489
116491	1.0	116491
116493	1.0	116493
116495	1.0	116495
116497	1.0	116497
116499	1.0	116499
116501	1.0	116501
116503	1.0	116503
116507	1.0	116507
116511	1.0	116511
116517	1.0	116517
116519	1.0	116519
116521	1.0	116521
116525	1.0	116525
116529	1.0	116529
116539	1.0	116539
116543	1.0	116543
116547	1.0	116547
116555	1.0	116555
116557	1.0	116557
116562	1.0	116562
116568	1.0	116568
116570	1.0	116570
116580	1.0	116580
116584	1.0	116584
116590	1.0	116590
116600	1.0	116600
116602	1.0	116602
116608	1.0	116608
116647	1.0	116647
116660	1.0	116660
116664	1.0	116664
116668	1.0	116668
116672	1.0	116672
116680	1.0	116680
116682	1.0	116682
116698	1.0	116698
116700	1.0	116700
116702	1.0	116702
116704	1.0	116704
116710	1.0	116710
116716	1.0	116716
116718	1.0	116718
116720	1.0	116720
116722	1.0	116722
116724	1.0	116724
116726	1.0	116726
116728	1.0	116728
116730	1.0	116730
116732	1.0	116732
116738	1.0	116738
116740	1.0	116740
116742	1.0	116742
116746	1.0	116746
116750	1.0	116750
116754	1.0	116754
116758	1.0	116758
116766	1.0	116766
116770	1.0	116770
116772	1.0	116772
116779	1.0	116779
116781	1.0	116781
116787	1.0	116787
116791	1.0	116791
116793	1.0	116793
116797	1.0	116797
116799	1.0	116799
116801	1.0	116801
116803	1.0	116803
116807	1.0	116807
116813	1.0	116813
116817	1.0	116817
116819	1.0	116819
116821	1.0	116821
116823	1.0	116823
116831	1.0	116831
116833	1.0	116833
116835	1.0	116835
116837	1.0	116837
116839	1.0	116839
116841	1.0	116841
116845	1.0	116845
116847	1.0	116847
116849	1.0	116849
116851	1.0	116851
116853	1.0	116853
116855	1.0	116855
116857	1.0	116857
116859	1.0	116859
116861	1.0	116861
116863	1.0	116863
116879	1.0	116879
116881	1.0	116881
116885	1.0	116885
116887	1.0	116887
116893	1.0	116893
116895	1.0	116895
116897	1.0	116897
116899	1.0	116899
116901	1.0	116901
116903	1.0	116903
116905	1.0	116905
116907	1.0	116907
116909	1.0	116909
116911	1.0	116911
116913	1.0	116913
116915	1.0	116915
116917	1.0	116917
116921	1.0	116921
116923	1.0	116923
116927	1.0	116927
116933	1.0	116933
116935	1.0	116935
116937	1.0	116937
116939	1.0	116939
116941	1.0	116941
116943	1.0	116943
116945	1.0	116945
116947	1.0	116947
116949	1.0	116949
116951	1.0	116951
116953	1.0	116953
116955	1.0	116955
116957	1.0	116957
116959	1.0	116959
116961	1.0	116961
116963	1.0	116963
116965	1.0	116965
116967	1.0	116967
116969	1.0	116969
116971	1.0	116971
116973	1.0	116973
116975	1.0	116975
116977	1.0	116977
116979	1.0	116979
116981	1.0	116981
116983	1.0	116983
116985	1.0	116985
116987	1.0	116987
116989	1.0	116989
117003	1.0	117003
117017	1.0	117017
117061	1.0	117061
117065	1.0	117065
117103	1.0	117103
117107	1.0	117107
117109	1.0	117109
117111	1.0	117111
117113	1.0	117113
117115	1.0	117115
117119	1.0	117119
117123	1.0	117123
117125	1.0	117125
117127	1.0	117127
117129	1.0	117129
117133	1.0	117133
117136	1.0	117136
117138	1.0	117138
117142	1.0	117142
117146	1.0	117146
117152	1.0	117152
117156	1.0	117156
117164	1.0	117164
117166	1.0	117166
117168	1.0	117168
117170	1.0	117170
117172	1.0	117172
117176	1.0	117176
117178	1.0	117178
117180	1.0	117180
117182	1.0	117182
117186	1.0	117186
117188	1.0	117188
117192	1.0	117192
117194	1.0	117194
117198	1.0	117198
117300	1.0	117300
117308	1.0	117308
117310	1.0	117310
117312	1.0	117312
117314	1.0	117314
117320	1.0	117320
117322	1.0	117322
117324	1.0	117324
117326	1.0	117326
117328	1.0	117328
117330	1.0	117330
117332	1.0	117332
117334	1.0	117334
117336	1.0	117336
117340	1.0	117340
117344	1.0	117344
117350	1.0	117350
117352	1.0	117352
117354	1.0	117354
117358	1.0	117358
117362	1.0	117362
117364	1.0	117364
117366	1.0	117366
117368	1.0	117368
117370	1.0	117370
117372	1.0	117372
117374	1.0	117374
117376	1.0	117376
117415	1.0	117415
117418	1.0	117418
117420	1.0	117420
117424	1.0	117424
117426	1.0	117426
117428	1.0	117428
117430	1.0	117430
117432	1.0	117432
117434	1.0	117434
117438	1.0	117438
117440	1.0	117440
117442	1.0	117442
117444	1.0	117444
117446	1.0	117446
117448	1.0	117448
117450	1.0	117450
117452	1.0	117452
117454	1.0	117454
117456	1.0	117456
117458	1.0	117458
117460	1.0	117460
117462	1.0	117462
117464	1.0	117464
117466	1.0	117466
117468	1.0	117468
117470	1.0	117470
117472	1.0	117472
117474	1.0	117474
117476	1.0	117476
117478	1.0	117478
117480	1.0	117480
117482	1.0	117482
117484	1.0	117484
117486	1.0	117486
117488	1.0	117488
117490	1.0	117490
117492	1.0	117492
117494	1.0	117494
117496	1.0	117496
117498	1.0	117498
117504	1.0	117504
117506	1.0	117506
117509	1.0	117509
117511	1.0	117511
117513	1.0	117513
117515	1.0	117515
117517	1.0	117517
117523	1.0	117523
117525	1.0	117525
117527	1.0	117527
117531	1.0	117531
117533	1.0	117533
117535	1.0	117535
117537	1.0	117537
117539	1.0	117539
117541	1.0	117541
117543	1.0	117543
117545	1.0	117545
117547	1.0	117547
117549	1.0	117549
117551	1.0	117551
117553	1.0	117553
117555	1.0	117555
117561	1.0	117561
117570	1.0	117570
117572	1.0	117572
117574	1.0	117574
117576	1.0	117576
117578	1.0	117578
117582	1.0	117582
117584	1.0	117584
117586	1.0	117586
117588	1.0	117588
117590	1.0	117590
117592	1.0	117592
117594	1.0	117594
117596	1.0	117596
117598	1.0	117598
117604	1.0	117604
117606	1.0	117606
117610	1.0	117610
117618	1.0	117618
117624	1.0	117624
117626	1.0	117626
117628	1.0	117628
117630	1.0	117630
117634	1.0	117634
117638	1.0	117638
117640	1.0	117640
117642	1.0	117642
117646	1.0	117646
117650	1.0	117650
117666	1.0	117666
117672	1.0	117672
117682	1.0	117682
117686	1.0	117686
117690	1.0	117690
117692	1.0	117692
117696	1.0	117696
117698	1.0	117698
117702	1.0	117702
117704	1.0	117704
117706	1.0	117706
117708	1.0	117708
117710	1.0	117710
117712	1.0	117712
117714	1.0	117714
117716	1.0	117716
117722	1.0	117722
117726	1.0	117726
117728	1.0	117728
117732	1.0	117732
117736	1.0	117736
117738	1.0	117738
117746	1.0	117746
117748	1.0	117748
117750	1.0	117750
117752	1.0	117752
117838	1.0	117838
117840	1.0	117840
117843	1.0	117843
117845	1.0	117845
117847	1.0	117847
117849	1.0	117849
117851	1.0	117851
117853	1.0	117853
117855	1.0	117855
117857	1.0	117857
117859	1.0	117859
117861	1.0	117861
117863	1.0	117863
117865	1.0	117865
117867	1.0	117867
117869	1.0	117869
117871	1.0	117871
117873	1.0	117873
117875	1.0	117875
117877	1.0	117877
117879	1.0	117879
117881	1.0	117881
117883	1.0	117883
117885	1.0	117885
117887	1.0	117887
117889	1.0	117889
117891	1.0	117891
117893	1.0	117893
117897	1.0	117897
117899	1.0	117899
117901	1.0	117901
117903	1.0	117903
117905	1.0	117905
117907	1.0	117907
117909	1.0	117909
117911	1.0	117911
117918	1.0	117918
117920	1.0	117920
117922	1.0	117922
117924	1.0	117924
117926	1.0	117926
117928	1.0	117928
117930	1.0	117930
117932	1.0	117932
117956	1.0	117956
117962	1.0	117962
117964	1.0	117964
117977	1.0	117977
117979	1.0	117979
117981	1.0	117981
117989	1.0	117989
117997	1.0	117997
118006	1.0	118006
118008	1.0	118008
118017	1.0	118017
118023	1.0	118023
118025	1.0	118025
118054	1.0	118054
118082	1.0	118082
118085	1.0	118085
118087	1.0	118087
118089	1.0	118089
118091	1.0	118091
118095	1.0	118095
118097	1.0	118097
118099	1.0	118099
118101	1.0	118101
118103	1.0	118103
118105	1.0	118105
118107	1.0	118107
118109	1.0	118109
118111	1.0	118111
118113	1.0	118113
118115	1.0	118115
118117	1.0	118117
118133	1.0	118133
118166	1.0	118166
118173	1.0	118173
118177	1.0	118177
118183	1.0	118183
118189	1.0	118189
118193	1.0	118193
118195	1.0	118195
118198	1.0	118198
118200	1.0	118200
118202	1.0	118202
118204	1.0	118204
118206	1.0	118206
118214	1.0	118214
118220	1.0	118220
118230	1.0	118230
118236	1.0	118236
118242	1.0	118242
118244	1.0	118244
118246	1.0	118246
118248	1.0	118248
118250	1.0	118250
118252	1.0	118252
118254	1.0	118254
118256	1.0	118256
118258	1.0	118258
118260	1.0	118260
118262	1.0	118262
118264	1.0	118264
118266	1.0	118266
118268	1.0	118268
118270	1.0	118270
118272	1.0	118272
118274	1.0	118274
118276	1.0	118276
118278	1.0	118278
118286	1.0	118286
118288	1.0	118288
118290	1.0	118290
118292	1.0	118292
118294	1.0	118294
118296	1.0	118296
118298	1.0	118298
118300	1.0	118300
118302	1.0	118302
118324	1.0	118324
118326	1.0	118326
118330	1.0	118330
118332	1.0	118332
118334	1.0	118334
118336	1.0	118336
118338	1.0	118338
118340	1.0	118340
118342	1.0	118342
118344	1.0	118344
118346	1.0	118346
118348	1.0	118348
118350	1.0	118350
118352	1.0	118352
118354	1.0	118354
118380	1.0	118380
118388	1.0	118388
118392	1.0	118392
118426	1.0	118426
118446	1.0	118446
118448	1.0	118448
118458	1.0	118458
118460	1.0	118460
118462	1.0	118462
118464	1.0	118464
118466	1.0	118466
118468	1.0	118468
118482	1.0	118482
118484	1.0	118484
118486	1.0	118486
118492	1.0	118492
118494	1.0	118494
118496	1.0	118496
118500	1.0	118500
118510	1.0	118510
118512	1.0	118512
118514	1.0	118514
118520	1.0	118520
118522	1.0	118522
118524	1.0	118524
118528	1.0	118528
118530	1.0	118530
118532	1.0	118532
118544	1.0	118544
118546	1.0	118546
118558	1.0	118558
118566	1.0	118566
118568	1.0	118568
118570	1.0	118570
118572	1.0	118572
118574	1.0	118574
118576	1.0	118576
118584	1.0	118584
118606	1.0	118606
118608	1.0	118608
118610	1.0	118610
118684	1.0	118684
118686	1.0	118686
118688	1.0	118688
118690	1.0	118690
118692	1.0	118692
118694	1.0	118694
118696	1.0	118696
118700	1.0	118700
118702	1.0	118702
118704	1.0	118704
118706	1.0	118706
118708	1.0	118708
118710	1.0	118710
118718	1.0	118718
118722	1.0	118722
118734	1.0	118734
118742	1.0	118742
118752	1.0	118752
118754	1.0	118754
118756	1.0	118756
118758	1.0	118758
118760	1.0	118760
118762	1.0	118762
118764	1.0	118764
118766	1.0	118766
118768	1.0	118768
118770	1.0	118770
118774	1.0	118774
118776	1.0	118776
118778	1.0	118778
118784	1.0	118784
118786	1.0	118786
118788	1.0	118788
118790	1.0	118790
118806	1.0	118806
118812	1.0	118812
118814	1.0	118814
118816	1.0	118816
118826	1.0	118826
118832	1.0	118832
118842	1.0	118842
118846	1.0	118846
118854	1.0	118854
118856	1.0	118856
118858	1.0	118858
118860	1.0	118860
118862	1.0	118862
118864	1.0	118864
118866	1.0	118866
118868	1.0	118868
118872	1.0	118872
118874	1.0	118874
118876	1.0	118876
118878	1.0	118878
118880	1.0	118880
118882	1.0	118882
118884	1.0	118884
118886	1.0	118886
118888	1.0	118888
118890	1.0	118890
118892	1.0	118892
118894	1.0	118894
118896	1.0	118896
118898	1.0	118898
118900	1.0	118900
118902	1.0	118902
118904	1.0	118904
118908	1.0	118908
118916	1.0	118916
118920	1.0	118920
118922	1.0	118922
118924	1.0	118924
118930	1.0	118930
118932	1.0	118932
118934	1.0	118934
118936	1.0	118936
118938	1.0	118938
118940	1.0	118940
118942	1.0	118942
118944	1.0	118944
118946	1.0	118946
118948	1.0	118948
118950	1.0	118950
118952	1.0	118952
118954	1.0	118954
118956	1.0	118956
118958	1.0	118958
118960	1.0	118960
118962	1.0	118962
118964	1.0	118964
118968	1.0	118968
118970	1.0	118970
118972	1.0	118972
118974	1.0	118974
118983	1.0	118983
118985	1.0	118985
118997	1.0	118997
119027	1.0	119027
119029	1.0	119029
119031	1.0	119031
119035	1.0	119035
119037	1.0	119037
119039	1.0	119039
119041	1.0	119041
119043	1.0	119043
119045	1.0	119045
119049	1.0	119049
119051	1.0	119051
119053	1.0	119053
119055	1.0	119055
119057	1.0	119057
119059	1.0	119059
119061	1.0	119061
119063	1.0	119063
119065	1.0	119065
119068	1.0	119068
119080	1.0	119080
119082	1.0	119082
119084	1.0	119084
119086	1.0	119086
119126	1.0	119126
119129	1.0	119129
119131	1.0	119131
119133	1.0	119133
119135	1.0	119135
119137	1.0	119137
119139	1.0	119139
119141	1.0	119141
119145	1.0	119145
119147	1.0	119147
119149	1.0	119149
119153	1.0	119153
119155	1.0	119155
119157	1.0	119157
119159	1.0	119159
119161	1.0	119161
119163	1.0	119163
119165	1.0	119165
119167	1.0	119167
119171	1.0	119171
119174	1.0	119174
119176	1.0	119176
119178	1.0	119178
119180	1.0	119180
119182	1.0	119182
119184	1.0	119184
119186	1.0	119186
119188	1.0	119188
119190	1.0	119190
119192	1.0	119192
119194	1.0	119194
119196	1.0	119196
119198	1.0	119198
119200	1.0	119200
119202	1.0	119202
119204	1.0	119204
119206	1.0	119206
119208	1.0	119208
119210	1.0	119210
119212	1.0	119212
119214	1.0	119214
119216	1.0	119216
119218	1.0	119218
119220	1.0	119220
119222	1.0	119222
119224	1.0	119224
119226	1.0	119226
119303	1.0	119303
119305	1.0	119305
119308	1.0	119308
119310	1.0	119310
119312	1.0	119312
119314	1.0	119314
119316	1.0	119316
119332	1.0	119332
119424	1.0	119424
119426	1.0	119426
119428	1.0	119428
119430	1.0	119430
119432	1.0	119432
119438	1.0	119438
119440	1.0	119440
119454	1.0	119454
119456	1.0	119456
119563	1.0	119563
119565	1.0	119565
119567	1.0	119567
119569	1.0	119569
119571	1.0	119571
119575	1.0	119575
119583	1.0	119583
119585	1.0	119585
119589	1.0	119589
119595	1.0	119595
119601	1.0	119601
119603	1.0	119603
119605	1.0	119605
119615	1.0	119615
119621	1.0	119621
119625	1.0	119625
119627	1.0	119627
119629	1.0	119629
119645	1.0	119645
119649	1.0	119649
119653	1.0	119653
119655	1.0	119655
119661	1.0	119661
119663	1.0	119663
119667	1.0	119667
119670	1.0	119670
119672	1.0	119672
119677	1.0	119677
119679	1.0	119679
119681	1.0	119681
119683	1.0	119683
119685	1.0	119685
119687	1.0	119687
119689	1.0	119689
119691	1.0	119691
119693	1.0	119693
119695	1.0	119695
119697	1.0	119697
119699	1.0	119699
119701	1.0	119701
119703	1.0	119703
119705	1.0	119705
119714	1.0	119714
119752	1.0	119752
119754	1.0	119754
119758	1.0	119758
119760	1.0	119760
119762	1.0	119762
119766	1.0	119766
119770	1.0	119770
119782	1.0	119782
119796	1.0	119796
119800	1.0	119800
119802	1.0	119802
119804	1.0	119804
119812	1.0	119812
119818	1.0	119818
119820	1.0	119820
119822	1.0	119822
119830	1.0	119830
119832	1.0	119832
119836	1.0	119836
119850	1.0	119850
119858	1.0	119858
119874	1.0	119874
119878	1.0	119878
119901	1.0	119901
119904	1.0	119904
119907	1.0	119907
119909	1.0	119909
119929	1.0	119929
119946	1.0	119946
119948	1.0	119948
119950	1.0	119950
119954	1.0	119954
119960	1.0	119960
119964	1.0	119964
119966	1.0	119966
119975	1.0	119975
119977	1.0	119977
120076	1.0	120076
120096	1.0	120096
120102	1.0	120102
120104	1.0	120104
120110	1.0	120110
120112	1.0	120112
120114	1.0	120114
120116	1.0	120116
120118	1.0	120118
120120	1.0	120120
120122	1.0	120122
120124	1.0	120124
120126	1.0	120126
120128	1.0	120128
120130	1.0	120130
120132	1.0	120132
120134	1.0	120134
120136	1.0	120136
120138	1.0	120138
120142	1.0	120142
120146	1.0	120146
120200	1.0	120200
120202	1.0	120202
120206	1.0	120206
120208	1.0	120208
120214	1.0	120214
120216	1.0	120216
120222	1.0	120222
120234	1.0	120234
120246	1.0	120246
120258	1.0	120258
120272	1.0	120272
120274	1.0	120274
120276	1.0	120276
120278	1.0	120278
120280	1.0	120280
120282	1.0	120282
120284	1.0	120284
120286	1.0	120286
120290	1.0	120290
120292	1.0	120292
120294	1.0	120294
120299	1.0	120299
120301	1.0	120301
120311	1.0	120311
120313	1.0	120313
120315	1.0	120315
120317	1.0	120317
120323	1.0	120323
120380	1.0	120380
120388	1.0	120388
120390	1.0	120390
120392	1.0	120392
120400	1.0	120400
120410	1.0	120410
120412	1.0	120412
120414	1.0	120414
120420	1.0	120420
120432	1.0	120432
120438	1.0	120438
120440	1.0	120440
120442	1.0	120442
120444	1.0	120444
120446	1.0	120446
120448	1.0	120448
120450	1.0	120450
120452	1.0	120452
120454	1.0	120454
120462	1.0	120462
120464	1.0	120464
120466	1.0	120466
120468	1.0	120468
120470	1.0	120470
120474	1.0	120474
120476	1.0	120476
120478	1.0	120478
120480	1.0	120480
120482	1.0	120482
120484	1.0	120484
120486	1.0	120486
120488	1.0	120488
120492	1.0	120492
120516	1.0	120516
120518	1.0	120518
120524	1.0	120524
120534	1.0	120534
120536	1.0	120536
120574	1.0	120574
120578	1.0	120578
120580	1.0	120580
120588	1.0	120588
120610	1.0	120610
120614	1.0	120614
120618	1.0	120618
120621	1.0	120621
120623	1.0	120623
120625	1.0	120625
120627	1.0	120627
120629	1.0	120629
120631	1.0	120631
120635	1.0	120635
120637	1.0	120637
120639	1.0	120639
120641	1.0	120641
120751	1.0	120751
120757	1.0	120757
120759	1.0	120759
120761	1.0	120761
120763	1.0	120763
120765	1.0	120765
120767	1.0	120767
120769	1.0	120769
120771	1.0	120771
120773	1.0	120773
120775	1.0	120775
120777	1.0	120777
120779	1.0	120779
120781	1.0	120781
120783	1.0	120783
120785	1.0	120785
120787	1.0	120787
120789	1.0	120789
120791	1.0	120791
120793	1.0	120793
120795	1.0	120795
120801	1.0	120801
120803	1.0	120803
120805	1.0	120805
120807	1.0	120807
120809	1.0	120809
120811	1.0	120811
120813	1.0	120813
120815	1.0	120815
120817	1.0	120817
120819	1.0	120819
120821	1.0	120821
120823	1.0	120823
120825	1.0	120825
120827	1.0	120827
120829	1.0	120829
120831	1.0	120831
120833	1.0	120833
120835	1.0	120835
120837	1.0	120837
120839	1.0	120839
120843	1.0	120843
120845	1.0	120845
120851	1.0	120851
120853	1.0	120853
120855	1.0	120855
120857	1.0	120857
120859	1.0	120859
120861	1.0	120861
120863	1.0	120863
120865	1.0	120865
120867	1.0	120867
120869	1.0	120869
120871	1.0	120871
120873	1.0	120873
120875	1.0	120875
120877	1.0	120877
120879	1.0	120879
120881	1.0	120881
120883	1.0	120883
120885	1.0	120885
120887	1.0	120887
120889	1.0	120889
120891	1.0	120891
120895	1.0	120895
120897	1.0	120897
120901	1.0	120901
120903	1.0	120903
120905	1.0	120905
120907	1.0	120907
120909	1.0	120909
120913	1.0	120913
120919	1.0	120919
120921	1.0	120921
120928	1.0	120928
120930	1.0	120930
120932	1.0	120932
120934	1.0	120934
120936	1.0	120936
120938	1.0	120938
120940	1.0	120940
120942	1.0	120942
120944	1.0	120944
120946	1.0	120946
120948	1.0	120948
120952	1.0	120952
121003	1.0	121003
121005	1.0	121005
121009	1.0	121009
121011	1.0	121011
121017	1.0	121017
121019	1.0	121019
121021	1.0	121021
121023	1.0	121023
121025	1.0	121025
121027	1.0	121027
121029	1.0	121029
121031	1.0	121031
121033	1.0	121033
121035	1.0	121035
121039	1.0	121039
121047	1.0	121047
121053	1.0	121053
121055	1.0	121055
121057	1.0	121057
121059	1.0	121059
121061	1.0	121061
121063	1.0	121063
121097	1.0	121097
121099	1.0	121099
121101	1.0	121101
121103	1.0	121103
121111	1.0	121111
121113	1.0	121113
121115	1.0	121115
121117	1.0	121117
121119	1.0	121119
121122	1.0	121122
121126	1.0	121126
121129	1.0	121129
121133	1.0	121133
121135	1.0	121135
121137	1.0	121137
121139	1.0	121139
121141	1.0	121141
121143	1.0	121143
121145	1.0	121145
121148	1.0	121148
121150	1.0	121150
121152	1.0	121152
121155	1.0	121155
121159	1.0	121159
121161	1.0	121161
121167	1.0	121167
121169	1.0	121169
121171	1.0	121171
121173	1.0	121173
121184	1.0	121184
121190	1.0	121190
121192	1.0	121192
121194	1.0	121194
121196	1.0	121196
121202	1.0	121202
121205	1.0	121205
121211	1.0	121211
121221	1.0	121221
121225	1.0	121225
121227	1.0	121227
121231	1.0	121231
121233	1.0	121233
121235	1.0	121235
121237	1.0	121237
121239	1.0	121239
121241	1.0	121241
121243	1.0	121243
121247	1.0	121247
121249	1.0	121249
121253	1.0	121253
121255	1.0	121255
121259	1.0	121259
121271	1.0	121271
121275	1.0	121275
121279	1.0	121279
121288	1.0	121288
121290	1.0	121290
121294	1.0	121294
121296	1.0	121296
121298	1.0	121298
121300	1.0	121300
121302	1.0	121302
121304	1.0	121304
121306	1.0	121306
121308	1.0	121308
121310	1.0	121310
121312	1.0	121312
121318	1.0	121318
121320	1.0	121320
121322	1.0	121322
121324	1.0	121324
121326	1.0	121326
121338	1.0	121338
121340	1.0	121340
121342	1.0	121342
121352	1.0	121352
121366	1.0	121366
121370	1.0	121370
121372	1.0	121372
121374	1.0	121374
121376	1.0	121376
121382	1.0	121382
121390	1.0	121390
121403	1.0	121403
121407	1.0	121407
121413	1.0	121413
121415	1.0	121415
121426	1.0	121426
121432	1.0	121432
121436	1.0	121436
121451	1.0	121451
121457	1.0	121457
121463	1.0	121463
121467	1.0	121467
121469	1.0	121469
121473	1.0	121473
121477	1.0	121477
121481	1.0	121481
121483	1.0	121483
121485	1.0	121485
121487	1.0	121487
121489	1.0	121489
121491	1.0	121491
121493	1.0	121493
121495	1.0	121495
121545	1.0	121545
121575	1.0	121575
121581	1.0	121581
121583	1.0	121583
121586	1.0	121586
121588	1.0	121588
121590	1.0	121590
121592	1.0	121592
121594	1.0	121594
121596	1.0	121596
121598	1.0	121598
121600	1.0	121600
121604	1.0	121604
121612	1.0	121612
121614	1.0	121614
121618	1.0	121618
121632	1.0	121632
121634	1.0	121634
121644	1.0	121644
121650	1.0	121650
121677	1.0	121677
121693	1.0	121693
121699	1.0	121699
121703	1.0	121703
121715	1.0	121715
121727	1.0	121727
121729	1.0	121729
121733	1.0	121733
121735	1.0	121735
121741	1.0	121741
121763	1.0	121763
121767	1.0	121767
121777	1.0	121777
121781	1.0	121781
121785	1.0	121785
121792	1.0	121792
121797	1.0	121797
121815	1.0	121815
121821	1.0	121821
121825	1.0	121825
121831	1.0	121831
121841	1.0	121841
121845	1.0	121845
121849	1.0	121849
121857	1.0	121857
121863	1.0	121863
121873	1.0	121873
121875	1.0	121875
121877	1.0	121877
121879	1.0	121879
121889	1.0	121889
121917	1.0	121917
121929	1.0	121929
121931	1.0	121931
121965	1.0	121965
121973	1.0	121973
121985	1.0	121985
121993	1.0	121993
121999	1.0	121999
122011	1.0	122011
122015	1.0	122015
122029	1.0	122029
122037	1.0	122037
122041	1.0	122041
122045	1.0	122045
122048	1.0	122048
122058	1.0	122058
122062	1.0	122062
122086	1.0	122086
122092	1.0	122092
122096	1.0	122096
122100	1.0	122100
122104	1.0	122104
122110	1.0	122110
122127	1.0	122127
122129	1.0	122129
122131	1.0	122131
122143	1.0	122143
122145	1.0	122145
122147	1.0	122147
122151	1.0	122151
122155	1.0	122155
122157	1.0	122157
122159	1.0	122159
122197	1.0	122197
122199	1.0	122199
122210	1.0	122210
122216	1.0	122216
122218	1.0	122218
122220	1.0	122220
122228	1.0	122228
122230	1.0	122230
122240	1.0	122240
122246	1.0	122246
122250	1.0	122250
122254	1.0	122254
122258	1.0	122258
122260	1.0	122260
122264	1.0	122264
122266	1.0	122266
122272	1.0	122272
122278	1.0	122278
122280	1.0	122280
122282	1.0	122282
122284	1.0	122284
122288	1.0	122288
122290	1.0	122290
122292	1.0	122292
122294	1.0	122294
122300	1.0	122300
122302	1.0	122302
122306	1.0	122306
122308	1.0	122308
122310	1.0	122310
122315	1.0	122315
122319	1.0	122319
122321	1.0	122321
122325	1.0	122325
122335	1.0	122335
122343	1.0	122343
122359	1.0	122359
122371	1.0	122371
122373	1.0	122373
122393	1.0	122393
122397	1.0	122397
122409	1.0	122409
122413	1.0	122413
122421	1.0	122421
122423	1.0	122423
122425	1.0	122425
122441	1.0	122441
122458	1.0	122458
122478	1.0	122478
122480	1.0	122480
122490	1.0	122490
122495	1.0	122495
122501	1.0	122501
122519	1.0	122519
122547	1.0	122547
122569	1.0	122569
122575	1.0	122575
122593	1.0	122593
122595	1.0	122595
122623	1.0	122623
122625	1.0	122625
122683	1.0	122683
122693	1.0	122693
122699	1.0	122699
122711	1.0	122711
122733	1.0	122733
122735	1.0	122735
122749	1.0	122749
122754	1.0	122754
122756	1.0	122756
122764	1.0	122764
122770	1.0	122770
122774	1.0	122774
122783	1.0	122783
122787	1.0	122787
122793	1.0	122793
122799	1.0	122799
122807	1.0	122807
122819	1.0	122819
122825	1.0	122825
122849	1.0	122849
122851	1.0	122851
122855	1.0	122855
122857	1.0	122857
122859	1.0	122859
122861	1.0	122861
122876	1.0	122876
122878	1.0	122878
122880	1.0	122880
122928	1.0	122928
122930	1.0	122930
122932	1.0	122932
122934	1.0	122934
122936	1.0	122936
122938	1.0	122938
122940	1.0	122940
122942	1.0	122942
122944	1.0	122944
122946	1.0	122946
122948	1.0	122948
122950	1.0	122950
122954	1.0	122954
123016	1.0	123016
123024	1.0	123024
123099	1.0	123099
123107	1.0	123107
123109	1.0	123109
123113	1.0	123113
123115	1.0	123115
123119	1.0	123119
123121	1.0	123121
123139	1.0	123139
123155	1.0	123155
123159	1.0	123159
123172	1.0	123172
123174	1.0	123174
123188	1.0	123188
123192	1.0	123192
123198	1.0	123198
123200	1.0	123200
123215	1.0	123215
123219	1.0	123219
123221	1.0	123221
123225	1.0	123225
123244	1.0	123244
123252	1.0	123252
123264	1.0	123264
123288	1.0	123288
123298	1.0	123298
123312	1.0	123312
123314	1.0	123314
123316	1.0	123316
123326	1.0	123326
123333	1.0	123333
123337	1.0	123337
123347	1.0	123347
123351	1.0	123351
123353	1.0	123353
123359	1.0	123359
123385	1.0	123385
123401	1.0	123401
123407	1.0	123407
123419	1.0	123419
123431	1.0	123431
123439	1.0	123439
123465	1.0	123465
123467	1.0	123467
123477	1.0	123477
123481	1.0	123481
123487	1.0	123487
123493	1.0	123493
123499	1.0	123499
123553	1.0	123553
123565	1.0	123565
123571	1.0	123571
123579	1.0	123579
123587	1.0	123587
123596	1.0	123596
123600	1.0	123600
123607	1.0	123607
123609	1.0	123609
123613	1.0	123613
123621	1.0	123621
123625	1.0	123625
123627	1.0	123627
123629	1.0	123629
123639	1.0	123639
123645	1.0	123645
123655	1.0	123655
123669	1.0	123669
123735	1.0	123735
123761	1.0	123761
123773	1.0	123773
123816	1.0	123816
123824	1.0	123824
123911	1.0	123911
123939	1.0	123939
123941	1.0	123941
123943	1.0	123943
123945	1.0	123945
123947	1.0	123947
123949	1.0	123949
123951	1.0	123951
123973	1.0	123973
123981	1.0	123981
123985	1.0	123985
124013	1.0	124013
124048	1.0	124048
124050	1.0	124050
124077	1.0	124077
124131	1.0	124131
124178	1.0	124178
124182	1.0	124182
124213	1.0	124213
124220	1.0	124220
124224	1.0	124224
124230	1.0	124230
124232	1.0	124232
124235	1.0	124235
124253	1.0	124253
124273	1.0	124273
124292	1.0	124292
124298	1.0	124298
124300	1.0	124300
124302	1.0	124302
124304	1.0	124304
124332	1.0	124332
124348	1.0	124348
124352	1.0	124352
124358	1.0	124358
124368	1.0	124368
124394	1.0	124394
124412	1.0	124412
124414	1.0	124414
124430	1.0	124430
124442	1.0	124442
124446	1.0	124446
124450	1.0	124450
124452	1.0	124452
124462	1.0	124462
124470	1.0	124470
124490	1.0	124490
124507	1.0	124507
124531	1.0	124531
124533	1.0	124533
124537	1.0	124537
124544	1.0	124544
124550	1.0	124550
124562	1.0	124562
124607	1.0	124607
124611	1.0	124611
124627	1.0	124627
124639	1.0	124639
124647	1.0	124647
124657	1.0	124657
124691	1.0	124691
124693	1.0	124693
124713	1.0	124713
124721	1.0	124721
124725	1.0	124725
124735	1.0	124735
124751	1.0	124751
124765	1.0	124765
124769	1.0	124769
124775	1.0	124775
124779	1.0	124779
124793	1.0	124793
124807	1.0	124807
124819	1.0	124819
124825	1.0	124825
124841	1.0	124841
124843	1.0	124843
124851	1.0	124851
124853	1.0	124853
124855	1.0	124855
124857	1.0	124857
124859	1.0	124859
124861	1.0	124861
124867	1.0	124867
124869	1.0	124869
124871	1.0	124871
124889	1.0	124889
124919	1.0	124919
124943	1.0	124943
124963	1.0	124963
124965	1.0	124965
124971	1.0	124971
124983	1.0	124983
125005	1.0	125005
125065	1.0	125065
125077	1.0	125077
125079	1.0	125079
125081	1.0	125081
125085	1.0	125085
125091	1.0	125091
125095	1.0	125095
125133	1.0	125133
125155	1.0	125155
125159	1.0	125159
125169	1.0	125169
125173	1.0	125173
125183	1.0	125183
125207	1.0	125207
125213	1.0	125213
125223	1.0	125223
125237	1.0	125237
125241	1.0	125241
125263	1.0	125263
125267	1.0	125267
125271	1.0	125271
125277	1.0	125277
125305	1.0	125305
125345	1.0	125345
125353	1.0	125353
125359	1.0	125359
125381	1.0	125381
125385	1.0	125385
125387	1.0	125387
125397	1.0	125397
125399	1.0	125399
125405	1.0	125405
125417	1.0	125417
125429	1.0	125429
125455	1.0	125455
125471	1.0	125471
125481	1.0	125481
125483	1.0	125483
125499	1.0	125499
125507	1.0	125507
125509	1.0	125509
125517	1.0	125517
125521	1.0	125521
125523	1.0	125523
125531	1.0	125531
125533	1.0	125533
125535	1.0	125535
125537	1.0	125537
125539	1.0	125539
125543	1.0	125543
125545	1.0	125545
125555	1.0	125555
125563	1.0	125563
125565	1.0	125565
125569	1.0	125569
125571	1.0	125571
125574	1.0	125574
125596	1.0	125596
125599	1.0	125599
125601	1.0	125601
125603	1.0	125603
125605	1.0	125605
125607	1.0	125607
125609	1.0	125609
125623	1.0	125623
125628	1.0	125628
125630	1.0	125630
125632	1.0	125632
125634	1.0	125634
125636	1.0	125636
125638	1.0	125638
125640	1.0	125640
125642	1.0	125642
125644	1.0	125644
125646	1.0	125646
125652	1.0	125652
125656	1.0	125656
125658	1.0	125658
125661	1.0	125661
125782	1.0	125782
125786	1.0	125786
125854	1.0	125854
125864	1.0	125864
125868	1.0	125868
125872	1.0	125872
125876	1.0	125876
125878	1.0	125878
125882	1.0	125882
125884	1.0	125884
125886	1.0	125886
125888	1.0	125888
125894	1.0	125894
125898	1.0	125898
125902	1.0	125902
125904	1.0	125904
125908	1.0	125908
125910	1.0	125910
125912	1.0	125912
125914	1.0	125914
125916	1.0	125916
125918	1.0	125918
125920	1.0	125920
125922	1.0	125922
125924	1.0	125924
125926	1.0	125926
125928	1.0	125928
125930	1.0	125930
125932	1.0	125932
125934	1.0	125934
125936	1.0	125936
125938	1.0	125938
125940	1.0	125940
125942	1.0	125942
125944	1.0	125944
125946	1.0	125946
125948	1.0	125948
125950	1.0	125950
125952	1.0	125952
125954	1.0	125954
125956	1.0	125956
125958	1.0	125958
125960	1.0	125960
125962	1.0	125962
125964	1.0	125964
125966	1.0	125966
125968	1.0	125968
125970	1.0	125970
125972	1.0	125972
125974	1.0	125974
125976	1.0	125976
125978	1.0	125978
125980	1.0	125980
125982	1.0	125982
125984	1.0	125984
125986	1.0	125986
125988	1.0	125988
125990	1.0	125990
125992	1.0	125992
125994	1.0	125994
125996	1.0	125996
125998	1.0	125998
126000	1.0	126000
126002	1.0	126002
126004	1.0	126004
126006	1.0	126006
126008	1.0	126008
126010	1.0	126010
126012	1.0	126012
126014	1.0	126014
126016	1.0	126016
126018	1.0	126018
126020	1.0	126020
126022	1.0	126022
126024	1.0	126024
126026	1.0	126026
126028	1.0	126028
126030	1.0	126030
126032	1.0	126032
126034	1.0	126034
126036	1.0	126036
126038	1.0	126038
126040	1.0	126040
126042	1.0	126042
126044	1.0	126044
126046	1.0	126046
126048	1.0	126048
126050	1.0	126050
126052	1.0	126052
126054	1.0	126054
126056	1.0	126056
126058	1.0	126058
126060	1.0	126060
126062	1.0	126062
126064	1.0	126064
126066	1.0	126066
126068	1.0	126068
126070	1.0	126070
126072	1.0	126072
126074	1.0	126074
126076	1.0	126076
126078	1.0	126078
126080	1.0	126080
126082	1.0	126082
126084	1.0	126084
126086	1.0	126086
126088	1.0	126088
126090	1.0	126090
126092	1.0	126092
126094	1.0	126094
126096	1.0	126096
126098	1.0	126098
126100	1.0	126100
126102	1.0	126102
126104	1.0	126104
126106	1.0	126106
126108	1.0	126108
126116	1.0	126116
126120	1.0	126120
126122	1.0	126122
126124	1.0	126124
126126	1.0	126126
126128	1.0	126128
126130	1.0	126130
126132	1.0	126132
126134	1.0	126134
126136	1.0	126136
126138	1.0	126138
126140	1.0	126140
126142	1.0	126142
126144	1.0	126144
126146	1.0	126146
126148	1.0	126148
126150	1.0	126150
126152	1.0	126152
126154	1.0	126154
126156	1.0	126156
126158	1.0	126158
126160	1.0	126160
126162	1.0	126162
126164	1.0	126164
126166	1.0	126166
126168	1.0	126168
126170	1.0	126170
126172	1.0	126172
126174	1.0	126174
126176	1.0	126176
126178	1.0	126178
126180	1.0	126180
126182	1.0	126182
126184	1.0	126184
126186	1.0	126186
126188	1.0	126188
126190	1.0	126190
126219	1.0	126219
126233	1.0	126233
126235	1.0	126235
126237	1.0	126237
126239	1.0	126239
126243	1.0	126243
126245	1.0	126245
126247	1.0	126247
126249	1.0	126249
126283	1.0	126283
126286	1.0	126286
126290	1.0	126290
126296	1.0	126296
126305	1.0	126305
126309	1.0	126309
126322	1.0	126322
126325	1.0	126325
126385	1.0	126385
126387	1.0	126387
126389	1.0	126389
126393	1.0	126393
126395	1.0	126395
126397	1.0	126397
126399	1.0	126399
126401	1.0	126401
126403	1.0	126403
126405	1.0	126405
126407	1.0	126407
126409	1.0	126409
126412	1.0	126412
126414	1.0	126414
126416	1.0	126416
126418	1.0	126418
126420	1.0	126420
126422	1.0	126422
126424	1.0	126424
126426	1.0	126426
126428	1.0	126428
126430	1.0	126430
126432	1.0	126432
126434	1.0	126434
126436	1.0	126436
126438	1.0	126438
126482	1.0	126482
126510	1.0	126510
126546	1.0	126546
126548	1.0	126548
126552	1.0	126552
126554	1.0	126554
126560	1.0	126560
126562	1.0	126562
126571	1.0	126571
126573	1.0	126573
126575	1.0	126575
126579	1.0	126579
126582	1.0	126582
126584	1.0	126584
126586	1.0	126586
126588	1.0	126588
126591	1.0	126591
126593	1.0	126593
126595	1.0	126595
126599	1.0	126599
126723	1.0	126723
126725	1.0	126725
126727	1.0	126727
126731	1.0	126731
126733	1.0	126733
126735	1.0	126735
126737	1.0	126737
126739	1.0	126739
126741	1.0	126741
126743	1.0	126743
126745	1.0	126745
126747	1.0	126747
126749	1.0	126749
126751	1.0	126751
126753	1.0	126753
126769	1.0	126769
126771	1.0	126771
126773	1.0	126773
126775	1.0	126775
126777	1.0	126777
126779	1.0	126779
126781	1.0	126781
126783	1.0	126783
126785	1.0	126785
126787	1.0	126787
126789	1.0	126789
126791	1.0	126791
126793	1.0	126793
126795	1.0	126795
126797	1.0	126797
126807	1.0	126807
126809	1.0	126809
126815	1.0	126815
126917	1.0	126917
126919	1.0	126919
126921	1.0	126921
126923	1.0	126923
126925	1.0	126925
126927	1.0	126927
126929	1.0	126929
126931	1.0	126931
126933	1.0	126933
126935	1.0	126935
126937	1.0	126937
126939	1.0	126939
126941	1.0	126941
126943	1.0	126943
126945	1.0	126945
126947	1.0	126947
126949	1.0	126949
126951	1.0	126951
126953	1.0	126953
126955	1.0	126955
126957	1.0	126957
126959	1.0	126959
126961	1.0	126961
126963	1.0	126963
126965	1.0	126965
126967	1.0	126967
126969	1.0	126969
126971	1.0	126971
126973	1.0	126973
126975	1.0	126975
126977	1.0	126977
126979	1.0	126979
126981	1.0	126981
126983	1.0	126983
126985	1.0	126985
126987	1.0	126987
126989	1.0	126989
126991	1.0	126991
126993	1.0	126993
126997	1.0	126997
126999	1.0	126999
127001	1.0	127001
127003	1.0	127003
127005	1.0	127005
127007	1.0	127007
127009	1.0	127009
127011	1.0	127011
127013	1.0	127013
127015	1.0	127015
127017	1.0	127017
127019	1.0	127019
127021	1.0	127021
127023	1.0	127023
127025	1.0	127025
127027	1.0	127027
127029	1.0	127029
127031	1.0	127031
127033	1.0	127033
127035	1.0	127035
127038	1.0	127038
127040	1.0	127040
127042	1.0	127042
127044	1.0	127044
127046	1.0	127046
127048	1.0	127048
127050	1.0	127050
127052	1.0	127052
127054	1.0	127054
127056	1.0	127056
127058	1.0	127058
127060	1.0	127060
127062	1.0	127062
127064	1.0	127064
127066	1.0	127066
127068	1.0	127068
127070	1.0	127070
127072	1.0	127072
127074	1.0	127074
127076	1.0	127076
127080	1.0	127080
127082	1.0	127082
127084	1.0	127084
127086	1.0	127086
127088	1.0	127088
127090	1.0	127090
127092	1.0	127092
127094	1.0	127094
127096	1.0	127096
127098	1.0	127098
127100	1.0	127100
127102	1.0	127102
127108	1.0	127108
127110	1.0	127110
127112	1.0	127112
127114	1.0	127114
127116	1.0	127116
127118	1.0	127118
127120	1.0	127120
127122	1.0	127122
127124	1.0	127124
127126	1.0	127126
127128	1.0	127128
127130	1.0	127130
127132	1.0	127132
127134	1.0	127134
127136	1.0	127136
127138	1.0	127138
127140	1.0	127140
127142	1.0	127142
127144	1.0	127144
127146	1.0	127146
127148	1.0	127148
127152	1.0	127152
127154	1.0	127154
127156	1.0	127156
127160	1.0	127160
127162	1.0	127162
127164	1.0	127164
127166	1.0	127166
127170	1.0	127170
127172	1.0	127172
127176	1.0	127176
127178	1.0	127178
127180	1.0	127180
127182	1.0	127182
127184	1.0	127184
127186	1.0	127186
127188	1.0	127188
127190	1.0	127190
127192	1.0	127192
127194	1.0	127194
127196	1.0	127196
127198	1.0	127198
127200	1.0	127200
127202	1.0	127202
127204	1.0	127204
127206	1.0	127206
127208	1.0	127208
127210	1.0	127210
127212	1.0	127212
127214	1.0	127214
127216	1.0	127216
127220	1.0	127220
127222	1.0	127222
127224	1.0	127224
127226	1.0	127226
127228	1.0	127228
127230	1.0	127230
127232	1.0	127232
127234	1.0	127234
127236	1.0	127236
127238	1.0	127238
127242	1.0	127242
127244	1.0	127244
127246	1.0	127246
127248	1.0	127248
127250	1.0	127250
127254	1.0	127254
127256	1.0	127256
127258	1.0	127258
127260	1.0	127260
127262	1.0	127262
127264	1.0	127264
127266	1.0	127266
127268	1.0	127268
127270	1.0	127270
127272	1.0	127272
127274	1.0	127274
127276	1.0	127276
127278	1.0	127278
127280	1.0	127280
127282	1.0	127282
127284	1.0	127284
127286	1.0	127286
127288	1.0	127288
127290	1.0	127290
127292	1.0	127292
127294	1.0	127294
127296	1.0	127296
127298	1.0	127298
127300	1.0	127300
127302	1.0	127302
127307	1.0	127307
127309	1.0	127309
127311	1.0	127311
127313	1.0	127313
127315	1.0	127315
127319	1.0	127319
127321	1.0	127321
127323	1.0	127323
127331	1.0	127331
127390	1.0	127390
127419	1.0	127419
127433	1.0	127433
127441	1.0	127441
127443	1.0	127443
127445	1.0	127445
127449	1.0	127449
127451	1.0	127451
127453	1.0	127453
127455	1.0	127455
127484	1.0	127484
127498	1.0	127498
127567	1.0	127567
127569	1.0	127569
127573	1.0	127573
127575	1.0	127575
127579	1.0	127579
127581	1.0	127581
127583	1.0	127583
127585	1.0	127585
127587	1.0	127587
127606	1.0	127606
127608	1.0	127608
127610	1.0	127610
127614	1.0	127614
127622	1.0	127622
127626	1.0	127626
127630	1.0	127630
127634	1.0	127634
127636	1.0	127636
127640	1.0	127640
127642	1.0	127642
127644	1.0	127644
127652	1.0	127652
127654	1.0	127654
127656	1.0	127656
127658	1.0	127658
127667	1.0	127667
127669	1.0	127669
127681	1.0	127681
127721	1.0	127721
127724	1.0	127724
127728	1.0	127728
127831	1.0	127831
127837	1.0	127837
127843	1.0	127843
127845	1.0	127845
127851	1.0	127851
127857	1.0	127857
127859	1.0	127859
127861	1.0	127861
127873	1.0	127873
127875	1.0	127875
127877	1.0	127877
127879	1.0	127879
127881	1.0	127881
127957	1.0	127957
127974	1.0	127974
127993	1.0	127993
128085	1.0	128085
128089	1.0	128089
128091	1.0	128091
128093	1.0	128093
128099	1.0	128099
128149	1.0	128149
128151	1.0	128151
128157	1.0	128157
128167	1.0	128167
128169	1.0	128169
128171	1.0	128171
128173	1.0	128173
128175	1.0	128175
128187	1.0	128187
128195	1.0	128195
128201	1.0	128201
128209	1.0	128209
128215	1.0	128215
128239	1.0	128239
128247	1.0	128247
128249	1.0	128249
128269	1.0	128269
128273	1.0	128273
128277	1.0	128277
128279	1.0	128279
128283	1.0	128283
128301	1.0	128301
128303	1.0	128303
128305	1.0	128305
128308	1.0	128308
128316	1.0	128316
128318	1.0	128318
128320	1.0	128320
128322	1.0	128322
128324	1.0	128324
128327	1.0	128327
128356	1.0	128356
128358	1.0	128358
128362	1.0	128362
128366	1.0	128366
128369	1.0	128369
128379	1.0	128379
128381	1.0	128381
128383	1.0	128383
128385	1.0	128385
128387	1.0	128387
128389	1.0	128389
128391	1.0	128391
128393	1.0	128393
128395	1.0	128395
128397	1.0	128397
128399	1.0	128399
128401	1.0	128401
128425	1.0	128425
128427	1.0	128427
128429	1.0	128429
128439	1.0	128439
128441	1.0	128441
128443	1.0	128443
128445	1.0	128445
128447	1.0	128447
128478	1.0	128478
128488	1.0	128488
128490	1.0	128490
128504	1.0	128504
128506	1.0	128506
128508	1.0	128508
128510	1.0	128510
128514	1.0	128514
128516	1.0	128516
128518	1.0	128518
128520	1.0	128520
128530	1.0	128530
128534	1.0	128534
128536	1.0	128536
128540	1.0	128540
128542	1.0	128542
128544	1.0	128544
128546	1.0	128546
128548	1.0	128548
128550	1.0	128550
128552	1.0	128552
128554	1.0	128554
128556	1.0	128556
128558	1.0	128558
128560	1.0	128560
128562	1.0	128562
128564	1.0	128564
128566	1.0	128566
128568	1.0	128568
128570	1.0	128570
128572	1.0	128572
128574	1.0	128574
128576	1.0	128576
128578	1.0	128578
128580	1.0	128580
128582	1.0	128582
128584	1.0	128584
128586	1.0	128586
128588	1.0	128588
128590	1.0	128590
128592	1.0	128592
128594	1.0	128594
128596	1.0	128596
128598	1.0	128598
128600	1.0	128600
128601	1.0	128601
128604	1.0	128604
128608	1.0	128608
128610	1.0	128610
128612	1.0	128612
128614	1.0	128614
128616	1.0	128616
128618	1.0	128618
128622	1.0	128622
128624	1.0	128624
128626	1.0	128626
128628	1.0	128628
128632	1.0	128632
128634	1.0	128634
128642	1.0	128642
128648	1.0	128648
128656	1.0	128656
128661	1.0	128661
128665	1.0	128665
128669	1.0	128669
128671	1.0	128671
128673	1.0	128673
128675	1.0	128675
128677	1.0	128677
128679	1.0	128679
128681	1.0	128681
128684	1.0	128684
128686	1.0	128686
128688	1.0	128688
128690	1.0	128690
128693	1.0	128693
128695	1.0	128695
128711	1.0	128711
128715	1.0	128715
128717	1.0	128717
128721	1.0	128721
128723	1.0	128723
128725	1.0	128725
128727	1.0	128727
128734	1.0	128734
128736	1.0	128736
128738	1.0	128738
128740	1.0	128740
128768	1.0	128768
128770	1.0	128770
128792	1.0	128792
128810	1.0	128810
128812	1.0	128812
128826	1.0	128826
128830	1.0	128830
128832	1.0	128832
128834	1.0	128834
128836	1.0	128836
128842	1.0	128842
128844	1.0	128844
128846	1.0	128846
128848	1.0	128848
128850	1.0	128850
128852	1.0	128852
128854	1.0	128854
128856	1.0	128856
128858	1.0	128858
128860	1.0	128860
128862	1.0	128862
128864	1.0	128864
128866	1.0	128866
128868	1.0	128868
128870	1.0	128870
128872	1.0	128872
128874	1.0	128874
128876	1.0	128876
128878	1.0	128878
128880	1.0	128880
128886	1.0	128886
128898	1.0	128898
128900	1.0	128900
128902	1.0	128902
128904	1.0	128904
128906	1.0	128906
128908	1.0	128908
128910	1.0	128910
128912	1.0	128912
128914	1.0	128914
128916	1.0	128916
128918	1.0	128918
128920	1.0	128920
128922	1.0	128922
128924	1.0	128924
128942	1.0	128942
128944	1.0	128944
128946	1.0	128946
128948	1.0	128948
128950	1.0	128950
128952	1.0	128952
128954	1.0	128954
128960	1.0	128960
128968	1.0	128968
128971	1.0	128971
128973	1.0	128973
128975	1.0	128975
128977	1.0	128977
128981	1.0	128981
128985	1.0	128985
128987	1.0	128987
128989	1.0	128989
128991	1.0	128991
129003	1.0	129003
129009	1.0	129009
129011	1.0	129011
129013	1.0	129013
129015	1.0	129015
129017	1.0	129017
129021	1.0	129021
129030	1.0	129030
129032	1.0	129032
129034	1.0	129034
129036	1.0	129036
129056	1.0	129056
129064	1.0	129064
129066	1.0	129066
129068	1.0	129068
129078	1.0	129078
129080	1.0	129080
129185	1.0	129185
129187	1.0	129187
129189	1.0	129189
129191	1.0	129191
129201	1.0	129201
129227	1.0	129227
129233	1.0	129233
129235	1.0	129235
129239	1.0	129239
129241	1.0	129241
129243	1.0	129243
129245	1.0	129245
129248	1.0	129248
129274	1.0	129274
129285	1.0	129285
129289	1.0	129289
129291	1.0	129291
129293	1.0	129293
129295	1.0	129295
129299	1.0	129299
129303	1.0	129303
129305	1.0	129305
129307	1.0	129307
129309	1.0	129309
129311	1.0	129311
129313	1.0	129313
129335	1.0	129335
129337	1.0	129337
129340	1.0	129340
129342	1.0	129342
129344	1.0	129344
129346	1.0	129346
129348	1.0	129348
129350	1.0	129350
129352	1.0	129352
129354	1.0	129354
129358	1.0	129358
129360	1.0	129360
129362	1.0	129362
129370	1.0	129370
129372	1.0	129372
129378	1.0	129378
129389	1.0	129389
129391	1.0	129391
129393	1.0	129393
129395	1.0	129395
129397	1.0	129397
129399	1.0	129399
129401	1.0	129401
129403	1.0	129403
129405	1.0	129405
129407	1.0	129407
129409	1.0	129409
129411	1.0	129411
129413	1.0	129413
129415	1.0	129415
129417	1.0	129417
129419	1.0	129419
129421	1.0	129421
129425	1.0	129425
129428	1.0	129428
129430	1.0	129430
129432	1.0	129432
129435	1.0	129435
129437	1.0	129437
129443	1.0	129443
129445	1.0	129445
129447	1.0	129447
129449	1.0	129449
129451	1.0	129451
129454	1.0	129454
129456	1.0	129456
129460	1.0	129460
129474	1.0	129474
129476	1.0	129476
129478	1.0	129478
129506	1.0	129506
129510	1.0	129510
129512	1.0	129512
129514	1.0	129514
129516	1.0	129516
129518	1.0	129518
129520	1.0	129520
129522	1.0	129522
129524	1.0	129524
129526	1.0	129526
129528	1.0	129528
129530	1.0	129530
129532	1.0	129532
129534	1.0	129534
129536	1.0	129536
129555	1.0	129555
129640	1.0	129640
129644	1.0	129644
129646	1.0	129646
129651	1.0	129651
129653	1.0	129653
129657	1.0	129657
129659	1.0	129659
129667	1.0	129667
129669	1.0	129669
129671	1.0	129671
129673	1.0	129673
129699	1.0	129699
129701	1.0	129701
129703	1.0	129703
129705	1.0	129705
129707	1.0	129707
129709	1.0	129709
129713	1.0	129713
129715	1.0	129715
129717	1.0	129717
129719	1.0	129719
129721	1.0	129721
129723	1.0	129723
129737	1.0	129737
129739	1.0	129739
129741	1.0	129741
129749	1.0	129749
129751	1.0	129751
129763	1.0	129763
129767	1.0	129767
129769	1.0	129769
129771	1.0	129771
129773	1.0	129773
129775	1.0	129775
129777	1.0	129777
129779	1.0	129779
129781	1.0	129781
129784	1.0	129784
129786	1.0	129786
129788	1.0	129788
129812	1.0	129812
129814	1.0	129814
129816	1.0	129816
129818	1.0	129818
129820	1.0	129820
129822	1.0	129822
129826	1.0	129826
129830	1.0	129830
129834	1.0	129834
129838	1.0	129838
129841	1.0	129841
129843	1.0	129843
129845	1.0	129845
129847	1.0	129847
129849	1.0	129849
129851	1.0	129851
129855	1.0	129855
129857	1.0	129857
129859	1.0	129859
129871	1.0	129871
129873	1.0	129873
129875	1.0	129875
129877	1.0	129877
129879	1.0	129879
129881	1.0	129881
129883	1.0	129883
129885	1.0	129885
129887	1.0	129887
129889	1.0	129889
129905	1.0	129905
129907	1.0	129907
129909	1.0	129909
129911	1.0	129911
129913	1.0	129913
129915	1.0	129915
129917	1.0	129917
129919	1.0	129919
129921	1.0	129921
129923	1.0	129923
129925	1.0	129925
129927	1.0	129927
129929	1.0	129929
129931	1.0	129931
129933	1.0	129933
129935	1.0	129935
129937	1.0	129937
129941	1.0	129941
129947	1.0	129947
129951	1.0	129951
129958	1.0	129958
129978	1.0	129978
129980	1.0	129980
129996	1.0	129996
130016	1.0	130016
130034	1.0	130034
130036	1.0	130036
130040	1.0	130040
130044	1.0	130044
130050	1.0	130050
130052	1.0	130052
130054	1.0	130054
130056	1.0	130056
130058	1.0	130058
130060	1.0	130060
130062	1.0	130062
130064	1.0	130064
130066	1.0	130066
130069	1.0	130069
130071	1.0	130071
130073	1.0	130073
130075	1.0	130075
130077	1.0	130077
130079	1.0	130079
130081	1.0	130081
130083	1.0	130083
130087	1.0	130087
130089	1.0	130089
130204	1.0	130204
130219	1.0	130219
130290	1.0	130290
130292	1.0	130292
130294	1.0	130294
130296	1.0	130296
130298	1.0	130298
130324	1.0	130324
130326	1.0	130326
130328	1.0	130328
130338	1.0	130338
130340	1.0	130340
130342	1.0	130342
130344	1.0	130344
130347	1.0	130347
130349	1.0	130349
130351	1.0	130351
130356	1.0	130356
130374	1.0	130374
130380	1.0	130380
130382	1.0	130382
130384	1.0	130384
130386	1.0	130386
130388	1.0	130388
130390	1.0	130390
130392	1.0	130392
130394	1.0	130394
130396	1.0	130396
130398	1.0	130398
130400	1.0	130400
130402	1.0	130402
130404	1.0	130404
130408	1.0	130408
130420	1.0	130420
130424	1.0	130424
130442	1.0	130442
130444	1.0	130444
130454	1.0	130454
130458	1.0	130458
130462	1.0	130462
130466	1.0	130466
130474	1.0	130474
130476	1.0	130476
130478	1.0	130478
130488	1.0	130488
130490	1.0	130490
130494	1.0	130494
130496	1.0	130496
130498	1.0	130498
130500	1.0	130500
130502	1.0	130502
130504	1.0	130504
130506	1.0	130506
130508	1.0	130508
130510	1.0	130510
130512	1.0	130512
130514	1.0	130514
130516	1.0	130516
130518	1.0	130518
130520	1.0	130520
130522	1.0	130522
130524	1.0	130524
130526	1.0	130526
130532	1.0	130532
130560	1.0	130560
130562	1.0	130562
130578	1.0	130578
130580	1.0	130580
130586	1.0	130586
130588	1.0	130588
130604	1.0	130604
130614	1.0	130614
130622	1.0	130622
130626	1.0	130626
130628	1.0	130628
130638	1.0	130638
130640	1.0	130640
130642	1.0	130642
130644	1.0	130644
130656	1.0	130656
130672	1.0	130672
130682	1.0	130682
130692	1.0	130692
130746	1.0	130746
130768	1.0	130768
130784	1.0	130784
130804	1.0	130804
130828	1.0	130828
130834	1.0	130834
130836	1.0	130836
130840	1.0	130840
130842	1.0	130842
130848	1.0	130848
130850	1.0	130850
130852	1.0	130852
130856	1.0	130856
130878	1.0	130878
130894	1.0	130894
130900	1.0	130900
130954	1.0	130954
130958	1.0	130958
130960	1.0	130960
130962	1.0	130962
130964	1.0	130964
130970	1.0	130970
130972	1.0	130972
130976	1.0	130976
130978	1.0	130978
130980	1.0	130980
130982	1.0	130982
130984	1.0	130984
130986	1.0	130986
130996	1.0	130996
131009	1.0	131009
131011	1.0	131011
131013	1.0	131013
131015	1.0	131015
131017	1.0	131017
131019	1.0	131019
131021	1.0	131021
131023	1.0	131023
131025	1.0	131025
131027	1.0	131027
131031	1.0	131031
131050	1.0	131050
131052	1.0	131052
131054	1.0	131054
131056	1.0	131056
131058	1.0	131058
131060	1.0	131060
131062	1.0	131062
131066	1.0	131066
131068	1.0	131068
131070	1.0	131070
131072	1.0	131072
131074	1.0	131074
131076	1.0	131076
131078	1.0	131078
131080	1.0	131080
131082	1.0	131082
131084	1.0	131084
131086	1.0	131086
131088	1.0	131088
131090	1.0	131090
131092	1.0	131092
131094	1.0	131094
131096	1.0	131096
131098	1.0	131098
131100	1.0	131100
131102	1.0	131102
131104	1.0	131104
131106	1.0	131106
131108	1.0	131108
131110	1.0	131110
131112	1.0	131112
131114	1.0	131114
131116	1.0	131116
131118	1.0	131118
131120	1.0	131120
131122	1.0	131122
131124	1.0	131124
131126	1.0	131126
131128	1.0	131128
131130	1.0	131130
131132	1.0	131132
131134	1.0	131134
131136	1.0	131136
131138	1.0	131138
131140	1.0	131140
131142	1.0	131142
131144	1.0	131144
131146	1.0	131146
131148	1.0	131148
131150	1.0	131150
131152	1.0	131152
131154	1.0	131154
131156	1.0	131156
131158	1.0	131158
131160	1.0	131160
131162	1.0	131162
131164	1.0	131164
131166	1.0	131166
131168	1.0	131168
131170	1.0	131170
131172	1.0	131172
131174	1.0	131174
131176	1.0	131176
131180	1.0	131180
131231	1.0	131231
131237	1.0	131237
131239	1.0	131239
131241	1.0	131241
131243	1.0	131243
131248	1.0	131248
131250	1.0	131250
131252	1.0	131252
131254	1.0	131254
131256	1.0	131256
131258	1.0	131258
131260	1.0	131260
131262	1.0	131262
